Category,Keyword,Total Results,Relevant Results,Relevance Percentage,Average Relevance Score,Search Strategy,Exact Search Enabled,Exact Search Confidence,Image URLs,Sample Room Type,Sample Design Theme,Sample Tags,Sample Search Tags
"General Bedroom Design","Indian bedroom interior design ideas",9,9,100,98.1,"focused_room_search",false,0,"https://solsticeprod.s3.ap-south-1.amazonaws.com/https%3A/%2Fap-south-1.console.aws.amazon.com/s3/buckets/solsticedev%3Fregion%3Dap-south-1%26bucketType%3Dgeneral%26prefix%3Dcms/%26showversions%3Dfalse/Screenshot%202024-07-11%20at%203.02.01%E2%80%AFPM.png; https://solsticeprod.s3.ap-south-1.amazonaws.com/https%3A/%2Fap-south-1.console.aws.amazon.com/s3/buckets/solsticedev%3Fregion%3Dap-south-1%26bucketType%3Dgeneral%26prefix%3Dcms/%26showversions%3Dfalse/Screenshot%202024-07-11%20at%201.23.30%E2%80%AFPM.png; https://solsticeprod.s3.ap-south-1.amazonaws.com/https%3A/%2Fap-south-1.console.aws.amazon.com/s3/buckets/solsticedev%3Fregion%3Dap-south-1%26bucketType%3Dgeneral%26prefix%3Dcms/%26showversions%3Dfalse/Screenshot%202024-07-11%20at%203.02.17%E2%80%AFPM.png; https://solsticeprod.s3.ap-south-1.amazonaws.com/https%3A/%2Fap-south-1.console.aws.amazon.com/s3/buckets/solsticedev%3Fregion%3Dap-south-1%26bucketType%3Dgeneral%26prefix%3Dcms/%26showversions%3Dfalse/WhatsApp%20Image%202023-04-10%20at%209.47.32%20PM%20%281%29.jpeg; https://solsticeprod.s3.ap-south-1.amazonaws.com/https%3A/%2Fap-south-1.console.aws.amazon.com/s3/buckets/solsticedev%3Fregion%3Dap-south-1%26bucketType%3Dgeneral%26prefix%3Dcms/%26showversions%3Dfalse/WhatsApp%20Image%202023-04-10%20at%209.47.30%20PM.jpeg; https://solsticeprod.s3.ap-south-1.amazonaws.com/https%3A/%2Fap-south-1.console.aws.amazon.com/s3/buckets/solsticedev%3Fregion%3Dap-south-1%26bucketType%3Dgeneral%26prefix%3Dcms/%26showversions%3Dfalse/Screenshot%202024-07-11%20at%203.12.04%E2%80%AFPM.png; https://solsticeprod.s3.ap-south-1.amazonaws.com/https%3A/%2Fap-south-1.console.aws.amazon.com/s3/buckets/solsticedev%3Fregion%3Dap-south-1%26bucketType%3Dgeneral%26prefix%3Dcms/%26showversions%3Dfalse/WhatsApp%20Image%202023-07-10%20at%2013.03.29.jpeg; https://solsticeprod.s3.ap-south-1.amazonaws.com/https%3A/%2Fap-south-1.console.aws.amazon.com/s3/buckets/solsticedev%3Fregion%3Dap-south-1%26bucketType%3Dgeneral%26prefix%3Dcms/%26showversions%3Dfalse/Screenshot%202024-07-11%20at%203.02.13%E2%80%AFPM.png; https://solsticeprod.s3.ap-south-1.amazonaws.com/https%3A/%2Fap-south-1.console.aws.amazon.com/s3/buckets/solsticedev%3Fregion%3Dap-south-1%26bucketType%3Dgeneral%26prefix%3Dcms/%26showversions%3Dfalse/WhatsApp%20Image%202023-04-10%20at%209.47.28%20PM%20%282%29.jpeg","Bedroom","Modern Indian","{"colors":["Beige","White","Blue","Brown"],"materials":["Frosted glass","Metallic","Wood","Cotton/linen","Fabric"],"primary_features":["Built-in wardrobe with sliding doors","Wooden flooring","Curtains with earthy tones","Natural light through window"],"object_types":["Built-in wardrobe","Window curtains","Wooden flooring","Built-in bench"],"object_features":["Sliding doors with frosted glass panels","Metallic handles","Beige cabinetry","Draped style","Two-tone design with beige and blue","Hardwood with a natural finish","Wooden seat and backrest","White cushion top"],"object_materials":["Frosted glass","Metallic finish","Beige wood","Cotton or linen blend","Wood","Wooden frame","White fabric"]}","bedroom, modern indian, efficient use of space for storage and seating, beige, white, blue, brown, frosted glass, metallic, wood, cotton/linen, fabric, built-in wardrobe with sliding doors, wooden flooring, curtains with earthy tones, natural light through window, built-in wardrobe, sliding doors with frosted glass panels, metallic handles, beige cabinetry, window curtains, draped style, two-tone design with beige and blue, hardwood with a natural finish, built-in bench, wooden seat and backrest, white cushion top, sliding doors, curtains, contemporary design, indian interior design"
"General Bedroom Design","Modern Indian bedroom designs",9,9,100,100,"focused_room_search",false,0,"https://solsticeprod.s3.ap-south-1.amazonaws.com/https%3A/%2Fap-south-1.console.aws.amazon.com/s3/buckets/solsticedev%3Fregion%3Dap-south-1%26bucketType%3Dgeneral%26prefix%3Dcms/%26showversions%3Dfalse/Screenshot%202024-07-11%20at%203.02.17%E2%80%AFPM.png; https://solsticeprod.s3.ap-south-1.amazonaws.com/https%3A/%2Fap-south-1.console.aws.amazon.com/s3/buckets/solsticedev%3Fregion%3Dap-south-1%26bucketType%3Dgeneral%26prefix%3Dcms/%26showversions%3Dfalse/Screenshot%202024-07-11%20at%201.23.30%E2%80%AFPM.png; https://solsticeprod.s3.ap-south-1.amazonaws.com/https%3A/%2Fap-south-1.console.aws.amazon.com/s3/buckets/solsticedev%3Fregion%3Dap-south-1%26bucketType%3Dgeneral%26prefix%3Dcms/%26showversions%3Dfalse/WhatsApp%20Image%202023-04-10%20at%209.47.30%20PM.jpeg; https://solsticeprod.s3.ap-south-1.amazonaws.com/https%3A/%2Fap-south-1.console.aws.amazon.com/s3/buckets/solsticedev%3Fregion%3Dap-south-1%26bucketType%3Dgeneral%26prefix%3Dcms/%26showversions%3Dfalse/Screenshot%202024-07-11%20at%203.02.13%E2%80%AFPM.png; https://solsticeprod.s3.ap-south-1.amazonaws.com/https%3A/%2Fap-south-1.console.aws.amazon.com/s3/buckets/solsticedev%3Fregion%3Dap-south-1%26bucketType%3Dgeneral%26prefix%3Dcms/%26showversions%3Dfalse/Screenshot%202024-07-11%20at%203.02.01%E2%80%AFPM.png; https://solsticeprod.s3.ap-south-1.amazonaws.com/https%3A/%2Fap-south-1.console.aws.amazon.com/s3/buckets/solsticedev%3Fregion%3Dap-south-1%26bucketType%3Dgeneral%26prefix%3Dcms/%26showversions%3Dfalse/WhatsApp%20Image%202023-04-10%20at%209.47.28%20PM%20%282%29.jpeg; https://solsticeprod.s3.ap-south-1.amazonaws.com/https%3A/%2Fap-south-1.console.aws.amazon.com/s3/buckets/solsticedev%3Fregion%3Dap-south-1%26bucketType%3Dgeneral%26prefix%3Dcms/%26showversions%3Dfalse/Screenshot%202024-07-11%20at%203.12.04%E2%80%AFPM.png; https://solsticeprod.s3.ap-south-1.amazonaws.com/https%3A/%2Fap-south-1.console.aws.amazon.com/s3/buckets/solsticedev%3Fregion%3Dap-south-1%26bucketType%3Dgeneral%26prefix%3Dcms/%26showversions%3Dfalse/WhatsApp%20Image%202023-07-10%20at%2013.03.29.jpeg; https://solsticeprod.s3.ap-south-1.amazonaws.com/https%3A/%2Fap-south-1.console.aws.amazon.com/s3/buckets/solsticedev%3Fregion%3Dap-south-1%26bucketType%3Dgeneral%26prefix%3Dcms/%26showversions%3Dfalse/WhatsApp%20Image%202023-04-10%20at%209.47.32%20PM%20%281%29.jpeg","Bedroom","Modern Indian","{"colors":["Pink, beige, green, white, gray, brown"],"materials":["Painted wood, painted MDF, upholstered fabric, canvas"],"primary_features":["Built-in wardrobe","Study desk","Bed with patterned bedspread","Framed artwork"],"object_types":["Built-in wardrobe","Study desk","Bed","Framed artwork"],"object_features":["Green and beige panels with circular designs","Integrated shelves","Pink and white color scheme","Integrated shelving for books","Patterned bedspread with geometric designs","Soft beige headboard","Illustration of a panda with cultural significance"],"object_materials":["Painted wood, possibly MDF or particle board","Painted wood, possibly particle board","Fabric for bedspread, upholstered headboard","Canvas, possibly MDF for frame"]}","bedroom, modern indian, efficient use of space with built-in furniture, pink, beige, green, white, gray, brown, painted wood, painted mdf, upholstered fabric, canvas, built-in wardrobe, study desk, bed with patterned bedspread, framed artwork, green and beige panels with circular designs, integrated shelves, pink and white color scheme, integrated shelving for books, bed, patterned bedspread with geometric designs, soft beige headboard, illustration of a panda with cultural significance, built-in furniture, cultural artwork, soft lighting"
"General Bedroom Design","Traditional Indian bedroom decor",9,9,100,96.45,"focused_room_search",false,0,"https://solsticeprod.s3.ap-south-1.amazonaws.com/https%3A/%2Fap-south-1.console.aws.amazon.com/s3/buckets/solsticedev%3Fregion%3Dap-south-1%26bucketType%3Dgeneral%26prefix%3Dcms/%26showversions%3Dfalse/Screenshot%202024-07-11%20at%203.02.13%E2%80%AFPM.png; https://solsticeprod.s3.ap-south-1.amazonaws.com/https%3A/%2Fap-south-1.console.aws.amazon.com/s3/buckets/solsticedev%3Fregion%3Dap-south-1%26bucketType%3Dgeneral%26prefix%3Dcms/%26showversions%3Dfalse/Screenshot%202024-07-11%20at%201.23.30%E2%80%AFPM.png; https://solsticeprod.s3.ap-south-1.amazonaws.com/https%3A/%2Fap-south-1.console.aws.amazon.com/s3/buckets/solsticedev%3Fregion%3Dap-south-1%26bucketType%3Dgeneral%26prefix%3Dcms/%26showversions%3Dfalse/Screenshot%202024-07-11%20at%203.02.01%E2%80%AFPM.png; https://solsticeprod.s3.ap-south-1.amazonaws.com/https%3A/%2Fap-south-1.console.aws.amazon.com/s3/buckets/solsticedev%3Fregion%3Dap-south-1%26bucketType%3Dgeneral%26prefix%3Dcms/%26showversions%3Dfalse/WhatsApp%20Image%202023-07-10%20at%2013.03.29.jpeg; https://solsticeprod.s3.ap-south-1.amazonaws.com/https%3A/%2Fap-south-1.console.aws.amazon.com/s3/buckets/solsticedev%3Fregion%3Dap-south-1%26bucketType%3Dgeneral%26prefix%3Dcms/%26showversions%3Dfalse/WhatsApp%20Image%202023-04-10%20at%209.47.30%20PM.jpeg; https://solsticeprod.s3.ap-south-1.amazonaws.com/https%3A/%2Fap-south-1.console.aws.amazon.com/s3/buckets/solsticedev%3Fregion%3Dap-south-1%26bucketType%3Dgeneral%26prefix%3Dcms/%26showversions%3Dfalse/Screenshot%202024-07-11%20at%203.02.17%E2%80%AFPM.png; https://solsticeprod.s3.ap-south-1.amazonaws.com/https%3A/%2Fap-south-1.console.aws.amazon.com/s3/buckets/solsticedev%3Fregion%3Dap-south-1%26bucketType%3Dgeneral%26prefix%3Dcms/%26showversions%3Dfalse/Screenshot%202024-07-11%20at%203.12.04%E2%80%AFPM.png; https://solsticeprod.s3.ap-south-1.amazonaws.com/https%3A/%2Fap-south-1.console.aws.amazon.com/s3/buckets/solsticedev%3Fregion%3Dap-south-1%26bucketType%3Dgeneral%26prefix%3Dcms/%26showversions%3Dfalse/WhatsApp%20Image%202023-04-10%20at%209.47.32%20PM%20%281%29.jpeg; https://solsticeprod.s3.ap-south-1.amazonaws.com/https%3A/%2Fap-south-1.console.aws.amazon.com/s3/buckets/solsticedev%3Fregion%3Dap-south-1%26bucketType%3Dgeneral%26prefix%3Dcms/%26showversions%3Dfalse/WhatsApp%20Image%202023-04-10%20at%209.47.28%20PM%20%282%29.jpeg","Bedroom","Modern Indian","{"colors":["Light blue","White","Gold","Gray"],"materials":["MDF","Painted finish","Mirror glass","Gold alloy"],"primary_features":["Built-in wardrobe","Decorative mirror","Built-in shelves"],"object_types":["Built-in wardrobe","Decorative mirror","Built-in shelves"],"object_features":["Sliding doors","Light blue finish","Dark gray horizontal stripes","Oval shape","Gold frame","White color","Open shelves"],"object_materials":["MDF","Painted finish","Mirror glass","Gold alloy","MDF","Painted finish"]}","bedroom, modern indian, efficient use of space with built-in furniture, light blue, white, gold, gray, mdf, painted finish, mirror glass, gold alloy, built-in wardrobe, decorative mirror, built-in shelves, sliding doors, light blue finish, dark gray horizontal stripes, oval shape, gold frame, white color, open shelves, minimalist design, contemporary bedroom, built-in furniture, efficient space use"
"General Bedroom Design","Contemporary Indian bedrooms",9,7,77.78,68.48,"focused_room_search",false,0,"https://solsticeprod.s3.ap-south-1.amazonaws.com/https%3A/%2Fap-south-1.console.aws.amazon.com/s3/buckets/solsticedev%3Fregion%3Dap-south-1%26bucketType%3Dgeneral%26prefix%3Dcms/%26showversions%3Dfalse/WhatsApp%20Image%202023-07-10%20at%2013.03.29.jpeg; https://solsticeprod.s3.ap-south-1.amazonaws.com/https%3A/%2Fap-south-1.console.aws.amazon.com/s3/buckets/solsticedev%3Fregion%3Dap-south-1%26bucketType%3Dgeneral%26prefix%3Dcms/%26showversions%3Dfalse/Screenshot%202024-07-11%20at%203.02.13%E2%80%AFPM.png; https://solsticeprod.s3.ap-south-1.amazonaws.com/https%3A/%2Fap-south-1.console.aws.amazon.com/s3/buckets/solsticedev%3Fregion%3Dap-south-1%26bucketType%3Dgeneral%26prefix%3Dcms/%26showversions%3Dfalse/WhatsApp%20Image%202023-04-10%20at%209.47.32%20PM%20%281%29.jpeg; https://solsticeprod.s3.ap-south-1.amazonaws.com/https%3A/%2Fap-south-1.console.aws.amazon.com/s3/buckets/solsticedev%3Fregion%3Dap-south-1%26bucketType%3Dgeneral%26prefix%3Dcms/%26showversions%3Dfalse/Screenshot%202024-07-11%20at%203.02.01%E2%80%AFPM.png; https://solsticeprod.s3.ap-south-1.amazonaws.com/https%3A/%2Fap-south-1.console.aws.amazon.com/s3/buckets/solsticedev%3Fregion%3Dap-south-1%26bucketType%3Dgeneral%26prefix%3Dcms/%26showversions%3Dfalse/WhatsApp%20Image%202023-04-10%20at%209.47.28%20PM%20%282%29.jpeg; https://solsticeprod.s3.ap-south-1.amazonaws.com/https%3A/%2Fap-south-1.console.aws.amazon.com/s3/buckets/solsticedev%3Fregion%3Dap-south-1%26bucketType%3Dgeneral%26prefix%3Dcms/%26showversions%3Dfalse/Screenshot%202024-07-11%20at%201.23.30%E2%80%AFPM.png; https://solsticeprod.s3.ap-south-1.amazonaws.com/https%3A/%2Fap-south-1.console.aws.amazon.com/s3/buckets/solsticedev%3Fregion%3Dap-south-1%26bucketType%3Dgeneral%26prefix%3Dcms/%26showversions%3Dfalse/Screenshot%202024-07-11%20at%203.02.17%E2%80%AFPM.png; https://solsticeprod.s3.ap-south-1.amazonaws.com/https%3A/%2Fap-south-1.console.aws.amazon.com/s3/buckets/solsticedev%3Fregion%3Dap-south-1%26bucketType%3Dgeneral%26prefix%3Dcms/%26showversions%3Dfalse/Screenshot%202024-07-11%20at%203.12.04%E2%80%AFPM.png; https://solsticeprod.s3.ap-south-1.amazonaws.com/https%3A/%2Fap-south-1.console.aws.amazon.com/s3/buckets/solsticedev%3Fregion%3Dap-south-1%26bucketType%3Dgeneral%26prefix%3Dcms/%26showversions%3Dfalse/WhatsApp%20Image%202023-04-10%20at%209.47.30%20PM.jpeg","Bedroom","Contemporary with Indian Influences","{"colors":["Gray","Wooden brown","White","Black"],"materials":["Wood","Metal","Ceramic tiles"],"primary_features":["Built-in Wardrobe","Window with Wooden Grill","Bunk Bed"],"object_types":["Bunk Bed","Built-in Wardrobe","Window"],"object_features":["Wooden frame","Built-in storage space","White mattress","Herringbone pattern","Cabinet doors","Metal handles","Wooden frame","Metal grill"],"object_materials":["Wood","Metal","Wood","Metal","Wood","Metal"]}","bedroom, contemporary with indian influences, efficient use of space with wardrobe and bunk bed, gray, wooden brown, white, black, wood, metal, ceramic tiles, built-in wardrobe, window with wooden grill, bunk bed, wooden frame, built-in storage space, white mattress, herringbone pattern, cabinet doors, metal handles, window, metal grill, indian design, contemporary, konkan style, wardrobe, wooden grill"
"General Kids Bedroom","Playful kids bedroom design ideas India",9,9,100,98.04,"focused_room_search",false,0,"https://solsticeprod.s3.ap-south-1.amazonaws.com/https%3A/%2Fap-south-1.console.aws.amazon.com/s3/buckets/solsticedev%3Fregion%3Dap-south-1%26bucketType%3Dgeneral%26prefix%3Dcms/%26showversions%3Dfalse/Screenshot%202024-07-11%20at%201.23.30%E2%80%AFPM.png; https://solsticeprod.s3.ap-south-1.amazonaws.com/https%3A/%2Fap-south-1.console.aws.amazon.com/s3/buckets/solsticedev%3Fregion%3Dap-south-1%26bucketType%3Dgeneral%26prefix%3Dcms/%26showversions%3Dfalse/Screenshot%202024-07-11%20at%203.02.17%E2%80%AFPM.png; https://solsticeprod.s3.ap-south-1.amazonaws.com/https%3A/%2Fap-south-1.console.aws.amazon.com/s3/buckets/solsticedev%3Fregion%3Dap-south-1%26bucketType%3Dgeneral%26prefix%3Dcms/%26showversions%3Dfalse/Screenshot%202024-07-11%20at%203.02.01%E2%80%AFPM.png; https://solsticeprod.s3.ap-south-1.amazonaws.com/https%3A/%2Fap-south-1.console.aws.amazon.com/s3/buckets/solsticedev%3Fregion%3Dap-south-1%26bucketType%3Dgeneral%26prefix%3Dcms/%26showversions%3Dfalse/Screenshot%202024-07-11%20at%203.12.04%E2%80%AFPM.png; https://solsticeprod.s3.ap-south-1.amazonaws.com/https%3A/%2Fap-south-1.console.aws.amazon.com/s3/buckets/solsticedev%3Fregion%3Dap-south-1%26bucketType%3Dgeneral%26prefix%3Dcms/%26showversions%3Dfalse/WhatsApp%20Image%202023-07-10%20at%2013.03.29.jpeg; https://solsticeprod.s3.ap-south-1.amazonaws.com/https%3A/%2Fap-south-1.console.aws.amazon.com/s3/buckets/solsticedev%3Fregion%3Dap-south-1%26bucketType%3Dgeneral%26prefix%3Dcms/%26showversions%3Dfalse/WhatsApp%20Image%202023-04-10%20at%209.47.30%20PM.jpeg; https://solsticeprod.s3.ap-south-1.amazonaws.com/https%3A/%2Fap-south-1.console.aws.amazon.com/s3/buckets/solsticedev%3Fregion%3Dap-south-1%26bucketType%3Dgeneral%26prefix%3Dcms/%26showversions%3Dfalse/Screenshot%202024-07-11%20at%203.02.13%E2%80%AFPM.png; https://solsticeprod.s3.ap-south-1.amazonaws.com/https%3A/%2Fap-south-1.console.aws.amazon.com/s3/buckets/solsticedev%3Fregion%3Dap-south-1%26bucketType%3Dgeneral%26prefix%3Dcms/%26showversions%3Dfalse/WhatsApp%20Image%202023-04-10%20at%209.47.32%20PM%20%281%29.jpeg; https://solsticeprod.s3.ap-south-1.amazonaws.com/https%3A/%2Fap-south-1.console.aws.amazon.com/s3/buckets/solsticedev%3Fregion%3Dap-south-1%26bucketType%3Dgeneral%26prefix%3Dcms/%26showversions%3Dfalse/WhatsApp%20Image%202023-04-10%20at%209.47.28%20PM%20%282%29.jpeg","Bedroom","Modern Minimalist","{"colors":["White","Gray","Black","Natural wood","Striped"],"materials":["Wood","Glass","Fabric"],"primary_features":["Sliding wardrobe doors","Bed","Pillows","Wooden door","Window with blinds"],"object_types":["Sliding wardrobe doors","Bed","Wooden door","Window with blinds"],"object_features":["Square and rectangular panels","Light gray and white color scheme","Black metallic frames","White bedding","Gray and striped pillows","Wooden headboard","Natural wood finish","Simple design","Vertical blinds","Natural light entry"],"object_materials":["Wood","Glass","Fabric","Wood","Wood","Wood"]}","bedroom, modern minimalist, efficient use of space with a sliding wardrobe for storage, white, gray, black, natural wood, striped, wood, glass, fabric, sliding wardrobe doors, bed, pillows, wooden door, window with blinds, square and rectangular panels, light gray and white color scheme, black metallic frames, white bedding, gray and striped pillows, wooden headboard, natural wood finish, simple design, vertical blinds, natural light entry, modern, minimalist, sliding wardrobe, natural light, minimalist design"
"General Kids Bedroom","Small space kids room organization hacks",9,9,100,97.78,"focused_room_search",false,0,"https://solsticeprod.s3.ap-south-1.amazonaws.com/https%3A/%2Fap-south-1.console.aws.amazon.com/s3/buckets/solsticedev%3Fregion%3Dap-south-1%26bucketType%3Dgeneral%26prefix%3Dcms/%26showversions%3Dfalse/WhatsApp%20Image%202023-04-10%20at%209.47.32%20PM%20%281%29.jpeg; https://solsticeprod.s3.ap-south-1.amazonaws.com/https%3A/%2Fap-south-1.console.aws.amazon.com/s3/buckets/solsticedev%3Fregion%3Dap-south-1%26bucketType%3Dgeneral%26prefix%3Dcms/%26showversions%3Dfalse/Screenshot%202024-07-11%20at%203.02.13%E2%80%AFPM.png; https://solsticeprod.s3.ap-south-1.amazonaws.com/https%3A/%2Fap-south-1.console.aws.amazon.com/s3/buckets/solsticedev%3Fregion%3Dap-south-1%26bucketType%3Dgeneral%26prefix%3Dcms/%26showversions%3Dfalse/WhatsApp%20Image%202023-07-10%20at%2013.03.29.jpeg; https://solsticeprod.s3.ap-south-1.amazonaws.com/https%3A/%2Fap-south-1.console.aws.amazon.com/s3/buckets/solsticedev%3Fregion%3Dap-south-1%26bucketType%3Dgeneral%26prefix%3Dcms/%26showversions%3Dfalse/Screenshot%202024-07-11%20at%203.12.04%E2%80%AFPM.png; https://solsticeprod.s3.ap-south-1.amazonaws.com/https%3A/%2Fap-south-1.console.aws.amazon.com/s3/buckets/solsticedev%3Fregion%3Dap-south-1%26bucketType%3Dgeneral%26prefix%3Dcms/%26showversions%3Dfalse/Screenshot%202024-07-11%20at%203.02.17%E2%80%AFPM.png; https://solsticeprod.s3.ap-south-1.amazonaws.com/https%3A/%2Fap-south-1.console.aws.amazon.com/s3/buckets/solsticedev%3Fregion%3Dap-south-1%26bucketType%3Dgeneral%26prefix%3Dcms/%26showversions%3Dfalse/Screenshot%202024-07-11%20at%203.02.01%E2%80%AFPM.png; https://solsticeprod.s3.ap-south-1.amazonaws.com/https%3A/%2Fap-south-1.console.aws.amazon.com/s3/buckets/solsticedev%3Fregion%3Dap-south-1%26bucketType%3Dgeneral%26prefix%3Dcms/%26showversions%3Dfalse/WhatsApp%20Image%202023-04-10%20at%209.47.28%20PM%20%282%29.jpeg; https://solsticeprod.s3.ap-south-1.amazonaws.com/https%3A/%2Fap-south-1.console.aws.amazon.com/s3/buckets/solsticedev%3Fregion%3Dap-south-1%26bucketType%3Dgeneral%26prefix%3Dcms/%26showversions%3Dfalse/Screenshot%202024-07-11%20at%201.23.30%E2%80%AFPM.png; https://solsticeprod.s3.ap-south-1.amazonaws.com/https%3A/%2Fap-south-1.console.aws.amazon.com/s3/buckets/solsticedev%3Fregion%3Dap-south-1%26bucketType%3Dgeneral%26prefix%3Dcms/%26showversions%3Dfalse/WhatsApp%20Image%202023-04-10%20at%209.47.30%20PM.jpeg","bedroom","contemporary Indian interior","{"colors":["wooden brown, white, beige"],"materials":["wood, glossy finish, tiled floor"],"primary_features":["wardrobe, tiled floor, white walls"],"object_types":["wardrobe"],"object_features":["full-length doors, sleek handles, glossy finish"],"object_materials":["wood, possibly teak, with glossy finish"]}","bedroom, contemporary indian interior, efficient use of space with a large wardrobe, wooden brown, white, beige, wood, glossy finish, tiled floor, wardrobe, tiled floor, white walls, wardrobe, full-length doors, sleek handles, glossy finish, bedroom, contemporary indian interior, wardrobe, glossy finish, white walls, tiled floor"
"General Kids Bedroom","Best color schemes for kids bedroom Indian homes",9,9,100,100,"focused_room_search",false,0,"https://solsticeprod.s3.ap-south-1.amazonaws.com/https%3A/%2Fap-south-1.console.aws.amazon.com/s3/buckets/solsticedev%3Fregion%3Dap-south-1%26bucketType%3Dgeneral%26prefix%3Dcms/%26showversions%3Dfalse/Screenshot%202024-07-11%20at%203.02.17%E2%80%AFPM.png; https://solsticeprod.s3.ap-south-1.amazonaws.com/https%3A/%2Fap-south-1.console.aws.amazon.com/s3/buckets/solsticedev%3Fregion%3Dap-south-1%26bucketType%3Dgeneral%26prefix%3Dcms/%26showversions%3Dfalse/WhatsApp%20Image%202023-04-10%20at%209.47.30%20PM.jpeg; https://solsticeprod.s3.ap-south-1.amazonaws.com/https%3A/%2Fap-south-1.console.aws.amazon.com/s3/buckets/solsticedev%3Fregion%3Dap-south-1%26bucketType%3Dgeneral%26prefix%3Dcms/%26showversions%3Dfalse/Screenshot%202024-07-11%20at%201.23.30%E2%80%AFPM.png; https://solsticeprod.s3.ap-south-1.amazonaws.com/https%3A/%2Fap-south-1.console.aws.amazon.com/s3/buckets/solsticedev%3Fregion%3Dap-south-1%26bucketType%3Dgeneral%26prefix%3Dcms/%26showversions%3Dfalse/WhatsApp%20Image%202023-04-10%20at%209.47.28%20PM%20%282%29.jpeg; https://solsticeprod.s3.ap-south-1.amazonaws.com/https%3A/%2Fap-south-1.console.aws.amazon.com/s3/buckets/solsticedev%3Fregion%3Dap-south-1%26bucketType%3Dgeneral%26prefix%3Dcms/%26showversions%3Dfalse/Screenshot%202024-07-11%20at%203.02.13%E2%80%AFPM.png; https://solsticeprod.s3.ap-south-1.amazonaws.com/https%3A/%2Fap-south-1.console.aws.amazon.com/s3/buckets/solsticedev%3Fregion%3Dap-south-1%26bucketType%3Dgeneral%26prefix%3Dcms/%26showversions%3Dfalse/Screenshot%202024-07-11%20at%203.12.04%E2%80%AFPM.png; https://solsticeprod.s3.ap-south-1.amazonaws.com/https%3A/%2Fap-south-1.console.aws.amazon.com/s3/buckets/solsticedev%3Fregion%3Dap-south-1%26bucketType%3Dgeneral%26prefix%3Dcms/%26showversions%3Dfalse/WhatsApp%20Image%202023-07-10%20at%2013.03.29.jpeg; https://solsticeprod.s3.ap-south-1.amazonaws.com/https%3A/%2Fap-south-1.console.aws.amazon.com/s3/buckets/solsticedev%3Fregion%3Dap-south-1%26bucketType%3Dgeneral%26prefix%3Dcms/%26showversions%3Dfalse/Screenshot%202024-07-11%20at%203.02.01%E2%80%AFPM.png; https://solsticeprod.s3.ap-south-1.amazonaws.com/https%3A/%2Fap-south-1.console.aws.amazon.com/s3/buckets/solsticedev%3Fregion%3Dap-south-1%26bucketType%3Dgeneral%26prefix%3Dcms/%26showversions%3Dfalse/WhatsApp%20Image%202023-04-10%20at%209.47.32%20PM%20%281%29.jpeg","Bedroom","Modern Indian","{"colors":["Pink, beige, green, white, gray, brown"],"materials":["Painted wood, painted MDF, upholstered fabric, canvas"],"primary_features":["Built-in wardrobe","Study desk","Bed with patterned bedspread","Framed artwork"],"object_types":["Built-in wardrobe","Study desk","Bed","Framed artwork"],"object_features":["Green and beige panels with circular designs","Integrated shelves","Pink and white color scheme","Integrated shelving for books","Patterned bedspread with geometric designs","Soft beige headboard","Illustration of a panda with cultural significance"],"object_materials":["Painted wood, possibly MDF or particle board","Painted wood, possibly particle board","Fabric for bedspread, upholstered headboard","Canvas, possibly MDF for frame"]}","bedroom, modern indian, efficient use of space with built-in furniture, pink, beige, green, white, gray, brown, painted wood, painted mdf, upholstered fabric, canvas, built-in wardrobe, study desk, bed with patterned bedspread, framed artwork, green and beige panels with circular designs, integrated shelves, pink and white color scheme, integrated shelving for books, bed, patterned bedspread with geometric designs, soft beige headboard, illustration of a panda with cultural significance, built-in furniture, cultural artwork, soft lighting"
"General Living Room Design","Indian living room interior design ideas",7,7,100,100,"focused_room_search",false,0,"https://solsticeprod.s3.ap-south-1.amazonaws.com/https%3A/%2Fap-south-1.console.aws.amazon.com/s3/buckets/solsticedev%3Fregion%3Dap-south-1%26bucketType%3Dgeneral%26prefix%3Dcms/%26showversions%3Dfalse/Screenshot%202024-07-11%20at%203.11.13%E2%80%AFPM.png; https://solsticeprod.s3.ap-south-1.amazonaws.com/https%3A/%2Fap-south-1.console.aws.amazon.com/s3/buckets/solsticedev%3Fregion%3Dap-south-1%26bucketType%3Dgeneral%26prefix%3Dcms/%26showversions%3Dfalse/Screenshot%202024-07-11%20at%203.01.08%E2%80%AFPM.png; https://solsticeprod.s3.ap-south-1.amazonaws.com/https%3A/%2Fap-south-1.console.aws.amazon.com/s3/buckets/solsticedev%3Fregion%3Dap-south-1%26bucketType%3Dgeneral%26prefix%3Dcms/%26showversions%3Dfalse/ABN00593.JPG; https://solsticeprod.s3.ap-south-1.amazonaws.com/https%3A/%2Fap-south-1.console.aws.amazon.com/s3/buckets/solsticedev%3Fregion%3Dap-south-1%26bucketType%3Dgeneral%26prefix%3Dcms/%26showversions%3Dfalse/Screenshot%202024-07-11%20at%201.18.08%E2%80%AFPM.png; https://solsticeprod.s3.ap-south-1.amazonaws.com/https%3A/%2Fap-south-1.console.aws.amazon.com/s3/buckets/solsticedev%3Fregion%3Dap-south-1%26bucketType%3Dgeneral%26prefix%3Dcms/%26showversions%3Dfalse/Screenshot%202024-07-11%20at%201.18.03%E2%80%AFPM.png; https://solsticeprod.s3.ap-south-1.amazonaws.com/https%3A/%2Fap-south-1.console.aws.amazon.com/s3/buckets/solsticedev%3Fregion%3Dap-south-1%26bucketType%3Dgeneral%26prefix%3Dcms/%26showversions%3Dfalse/3-2.jpg; https://solsticeprod.s3.ap-south-1.amazonaws.com/https%3A/%2Fap-south-1.console.aws.amazon.com/s3/buckets/solsticedev%3Fregion%3Dap-south-1%26bucketType%3Dgeneral%26prefix%3Dcms/%26showversions%3Dfalse/ABN00678.JPG","Living Room","Modular Indian Contemporary","{"colors":["White","Dark brown","Light beige","Black"],"materials":["Wood","Marble","Metal","Fabric"],"primary_features":["Ceiling design with modern recessed lighting","Wall partition with wood and marble finish","Television unit with built-in storage","Dining area with modern chairs"],"object_types":["Television unit","Ceiling design","Wall partition","Dining table"],"object_features":["Built-in storage compartments","Wooden top with marble base","Modern finish with a mix of dark wood and light marble","Modern recessed lighting","Square and rectangular recessed patterns","Vertical wooden slats","Modern design with clean lines","Dark wooden table","Matching chairs with light upholstery"],"object_materials":["Wood","Marble","Plasterboard","Wood","Wood","Fabric"]}","living room, modular indian contemporary, efficient use of space with a clear division between living and dining areas, white, dark brown, light beige, black, wood, marble, metal, fabric, ceiling design with modern recessed lighting, wall partition with wood and marble finish, television unit with built-in storage, dining area with modern chairs, television unit, built-in storage compartments, wooden top with marble base, modern finish with a mix of dark wood and light marble, ceiling design, modern recessed lighting, square and rectangular recessed patterns, wall partition, vertical wooden slats, modern design with clean lines, dining table, dark wooden table, matching chairs with light upholstery, contemporary design, indian interior, dining area, indian style, wooden finish"
"General Living Room Design","Modern Indian living room designs",7,7,100,100,"focused_room_search",false,0,"https://solsticeprod.s3.ap-south-1.amazonaws.com/https%3A/%2Fap-south-1.console.aws.amazon.com/s3/buckets/solsticedev%3Fregion%3Dap-south-1%26bucketType%3Dgeneral%26prefix%3Dcms/%26showversions%3Dfalse/Screenshot%202024-07-11%20at%203.11.13%E2%80%AFPM.png; https://solsticeprod.s3.ap-south-1.amazonaws.com/https%3A/%2Fap-south-1.console.aws.amazon.com/s3/buckets/solsticedev%3Fregion%3Dap-south-1%26bucketType%3Dgeneral%26prefix%3Dcms/%26showversions%3Dfalse/Screenshot%202024-07-11%20at%203.01.08%E2%80%AFPM.png; https://solsticeprod.s3.ap-south-1.amazonaws.com/https%3A/%2Fap-south-1.console.aws.amazon.com/s3/buckets/solsticedev%3Fregion%3Dap-south-1%26bucketType%3Dgeneral%26prefix%3Dcms/%26showversions%3Dfalse/Screenshot%202024-07-11%20at%201.18.08%E2%80%AFPM.png; https://solsticeprod.s3.ap-south-1.amazonaws.com/https%3A/%2Fap-south-1.console.aws.amazon.com/s3/buckets/solsticedev%3Fregion%3Dap-south-1%26bucketType%3Dgeneral%26prefix%3Dcms/%26showversions%3Dfalse/3-2.jpg; https://solsticeprod.s3.ap-south-1.amazonaws.com/https%3A/%2Fap-south-1.console.aws.amazon.com/s3/buckets/solsticedev%3Fregion%3Dap-south-1%26bucketType%3Dgeneral%26prefix%3Dcms/%26showversions%3Dfalse/ABN00593.JPG; https://solsticeprod.s3.ap-south-1.amazonaws.com/https%3A/%2Fap-south-1.console.aws.amazon.com/s3/buckets/solsticedev%3Fregion%3Dap-south-1%26bucketType%3Dgeneral%26prefix%3Dcms/%26showversions%3Dfalse/Screenshot%202024-07-11%20at%201.18.03%E2%80%AFPM.png; https://solsticeprod.s3.ap-south-1.amazonaws.com/https%3A/%2Fap-south-1.console.aws.amazon.com/s3/buckets/solsticedev%3Fregion%3Dap-south-1%26bucketType%3Dgeneral%26prefix%3Dcms/%26showversions%3Dfalse/ABN00678.JPG","Living Room","Modular Indian Contemporary","{"colors":["White","Dark brown","Light beige","Black"],"materials":["Wood","Marble","Metal","Fabric"],"primary_features":["Ceiling design with modern recessed lighting","Wall partition with wood and marble finish","Television unit with built-in storage","Dining area with modern chairs"],"object_types":["Television unit","Ceiling design","Wall partition","Dining table"],"object_features":["Built-in storage compartments","Wooden top with marble base","Modern finish with a mix of dark wood and light marble","Modern recessed lighting","Square and rectangular recessed patterns","Vertical wooden slats","Modern design with clean lines","Dark wooden table","Matching chairs with light upholstery"],"object_materials":["Wood","Marble","Plasterboard","Wood","Wood","Fabric"]}","living room, modular indian contemporary, efficient use of space with a clear division between living and dining areas, white, dark brown, light beige, black, wood, marble, metal, fabric, ceiling design with modern recessed lighting, wall partition with wood and marble finish, television unit with built-in storage, dining area with modern chairs, television unit, built-in storage compartments, wooden top with marble base, modern finish with a mix of dark wood and light marble, ceiling design, modern recessed lighting, square and rectangular recessed patterns, wall partition, vertical wooden slats, modern design with clean lines, dining table, dark wooden table, matching chairs with light upholstery, contemporary design, indian interior, dining area, indian style, wooden finish"
"General Living Room Design","Traditional Indian living room decor",7,7,100,100,"focused_room_search",false,0,"https://solsticeprod.s3.ap-south-1.amazonaws.com/https%3A/%2Fap-south-1.console.aws.amazon.com/s3/buckets/solsticedev%3Fregion%3Dap-south-1%26bucketType%3Dgeneral%26prefix%3Dcms/%26showversions%3Dfalse/ABN00593.JPG; https://solsticeprod.s3.ap-south-1.amazonaws.com/https%3A/%2Fap-south-1.console.aws.amazon.com/s3/buckets/solsticedev%3Fregion%3Dap-south-1%26bucketType%3Dgeneral%26prefix%3Dcms/%26showversions%3Dfalse/Screenshot%202024-07-11%20at%201.18.08%E2%80%AFPM.png; https://solsticeprod.s3.ap-south-1.amazonaws.com/https%3A/%2Fap-south-1.console.aws.amazon.com/s3/buckets/solsticedev%3Fregion%3Dap-south-1%26bucketType%3Dgeneral%26prefix%3Dcms/%26showversions%3Dfalse/ABN00678.JPG; https://solsticeprod.s3.ap-south-1.amazonaws.com/https%3A/%2Fap-south-1.console.aws.amazon.com/s3/buckets/solsticedev%3Fregion%3Dap-south-1%26bucketType%3Dgeneral%26prefix%3Dcms/%26showversions%3Dfalse/Screenshot%202024-07-11%20at%203.11.13%E2%80%AFPM.png; https://solsticeprod.s3.ap-south-1.amazonaws.com/https%3A/%2Fap-south-1.console.aws.amazon.com/s3/buckets/solsticedev%3Fregion%3Dap-south-1%26bucketType%3Dgeneral%26prefix%3Dcms/%26showversions%3Dfalse/Screenshot%202024-07-11%20at%203.01.08%E2%80%AFPM.png; https://solsticeprod.s3.ap-south-1.amazonaws.com/https%3A/%2Fap-south-1.console.aws.amazon.com/s3/buckets/solsticedev%3Fregion%3Dap-south-1%26bucketType%3Dgeneral%26prefix%3Dcms/%26showversions%3Dfalse/Screenshot%202024-07-11%20at%201.18.03%E2%80%AFPM.png; https://solsticeprod.s3.ap-south-1.amazonaws.com/https%3A/%2Fap-south-1.console.aws.amazon.com/s3/buckets/solsticedev%3Fregion%3Dap-south-1%26bucketType%3Dgeneral%26prefix%3Dcms/%26showversions%3Dfalse/3-2.jpg","Living room","Contemporary Indian","{"colors":["Brown, white, beige, gold, black"],"materials":["Wood, marble, glass, metal"],"primary_features":["High ceilings with wood beams","Brown sofas","Marble flooring","Wooden staircase","Decorative wall panels","Wall-mounted shelves"],"object_types":["Sofa","Coffee table","Sofa","Wall-mounted shelves","Staircase"],"object_features":["Brown fabric","Two-seater design","Pillows with sequin details","Covered with printed fabric","Wooden legs","L-shaped design","Brown fabric","Gold accents","Decorative items","Glass railing","Wooden steps"],"object_materials":["Fabric, cushions","Fabric, wood","Fabric","Wood, metal","Glass, wood"]}","living room, contemporary indian, open and functional, with clear delineation of areas, brown, white, beige, gold, black, wood, marble, glass, metal, high ceilings with wood beams, brown sofas, marble flooring, wooden staircase, decorative wall panels, wall-mounted shelves, sofa, brown fabric, two-seater design, pillows with sequin details, coffee table, covered with printed fabric, wooden legs, l-shaped design, gold accents, decorative items, staircase, glass railing, wooden steps, indian interior design, contemporary, marble floors"
"General Living Room Design","Contemporary Indian living rooms",7,7,100,100,"focused_room_search",false,0,"https://solsticeprod.s3.ap-south-1.amazonaws.com/https%3A/%2Fap-south-1.console.aws.amazon.com/s3/buckets/solsticedev%3Fregion%3Dap-south-1%26bucketType%3Dgeneral%26prefix%3Dcms/%26showversions%3Dfalse/Screenshot%202024-07-11%20at%201.18.08%E2%80%AFPM.png; https://solsticeprod.s3.ap-south-1.amazonaws.com/https%3A/%2Fap-south-1.console.aws.amazon.com/s3/buckets/solsticedev%3Fregion%3Dap-south-1%26bucketType%3Dgeneral%26prefix%3Dcms/%26showversions%3Dfalse/ABN00593.JPG; https://solsticeprod.s3.ap-south-1.amazonaws.com/https%3A/%2Fap-south-1.console.aws.amazon.com/s3/buckets/solsticedev%3Fregion%3Dap-south-1%26bucketType%3Dgeneral%26prefix%3Dcms/%26showversions%3Dfalse/Screenshot%202024-07-11%20at%203.01.08%E2%80%AFPM.png; https://solsticeprod.s3.ap-south-1.amazonaws.com/https%3A/%2Fap-south-1.console.aws.amazon.com/s3/buckets/solsticedev%3Fregion%3Dap-south-1%26bucketType%3Dgeneral%26prefix%3Dcms/%26showversions%3Dfalse/Screenshot%202024-07-11%20at%203.11.13%E2%80%AFPM.png; https://solsticeprod.s3.ap-south-1.amazonaws.com/https%3A/%2Fap-south-1.console.aws.amazon.com/s3/buckets/solsticedev%3Fregion%3Dap-south-1%26bucketType%3Dgeneral%26prefix%3Dcms/%26showversions%3Dfalse/Screenshot%202024-07-11%20at%201.18.03%E2%80%AFPM.png; https://solsticeprod.s3.ap-south-1.amazonaws.com/https%3A/%2Fap-south-1.console.aws.amazon.com/s3/buckets/solsticedev%3Fregion%3Dap-south-1%26bucketType%3Dgeneral%26prefix%3Dcms/%26showversions%3Dfalse/3-2.jpg; https://solsticeprod.s3.ap-south-1.amazonaws.com/https%3A/%2Fap-south-1.console.aws.amazon.com/s3/buckets/solsticedev%3Fregion%3Dap-south-1%26bucketType%3Dgeneral%26prefix%3Dcms/%26showversions%3Dfalse/ABN00678.JPG","Living Room","Contemporary Indian Living","{"colors":["Beige","White","Dark wood","Green","Gold"],"materials":["Marble","Wood","Metal","Glass","Fabric"],"primary_features":["Marble flooring","White ceiling with recessed lighting","Textured wall paneling","Modular shelving unit","Sofa with patterned cushions","Round coffee table"],"object_types":["Sofa","Round Coffee Table","Shelving Unit","Bar Counter"],"object_features":["Beige fabric","Patterned throw pillows","Metal base","Glass top","Dark wooden finish","Open shelves","Modern design","Wooden finish","Built-in shelves"],"object_materials":["Fabric","Foam","Metal","Glass","Wood","Wood"]}","living room, contemporary indian living, optimized for functionality with a bar counter and shelving unit, beige, white, dark wood, green, gold, marble, wood, metal, glass, fabric, marble flooring, white ceiling with recessed lighting, textured wall paneling, modular shelving unit, sofa with patterned cushions, round coffee table, sofa, beige fabric, patterned throw pillows, metal base, glass top, shelving unit, dark wooden finish, open shelves, modern design, bar counter, wooden finish, built-in shelves, contemporary indian, sofa with cushions"
"General Living Room Design","Small Indian living room interior design",7,7,100,100,"focused_room_search",false,0,"https://solsticeprod.s3.ap-south-1.amazonaws.com/https%3A/%2Fap-south-1.console.aws.amazon.com/s3/buckets/solsticedev%3Fregion%3Dap-south-1%26bucketType%3Dgeneral%26prefix%3Dcms/%26showversions%3Dfalse/Screenshot%202024-07-11%20at%203.11.13%E2%80%AFPM.png; https://solsticeprod.s3.ap-south-1.amazonaws.com/https%3A/%2Fap-south-1.console.aws.amazon.com/s3/buckets/solsticedev%3Fregion%3Dap-south-1%26bucketType%3Dgeneral%26prefix%3Dcms/%26showversions%3Dfalse/Screenshot%202024-07-11%20at%203.01.08%E2%80%AFPM.png; https://solsticeprod.s3.ap-south-1.amazonaws.com/https%3A/%2Fap-south-1.console.aws.amazon.com/s3/buckets/solsticedev%3Fregion%3Dap-south-1%26bucketType%3Dgeneral%26prefix%3Dcms/%26showversions%3Dfalse/ABN00593.JPG; https://solsticeprod.s3.ap-south-1.amazonaws.com/https%3A/%2Fap-south-1.console.aws.amazon.com/s3/buckets/solsticedev%3Fregion%3Dap-south-1%26bucketType%3Dgeneral%26prefix%3Dcms/%26showversions%3Dfalse/Screenshot%202024-07-11%20at%201.18.08%E2%80%AFPM.png; https://solsticeprod.s3.ap-south-1.amazonaws.com/https%3A/%2Fap-south-1.console.aws.amazon.com/s3/buckets/solsticedev%3Fregion%3Dap-south-1%26bucketType%3Dgeneral%26prefix%3Dcms/%26showversions%3Dfalse/Screenshot%202024-07-11%20at%201.18.03%E2%80%AFPM.png; https://solsticeprod.s3.ap-south-1.amazonaws.com/https%3A/%2Fap-south-1.console.aws.amazon.com/s3/buckets/solsticedev%3Fregion%3Dap-south-1%26bucketType%3Dgeneral%26prefix%3Dcms/%26showversions%3Dfalse/3-2.jpg; https://solsticeprod.s3.ap-south-1.amazonaws.com/https%3A/%2Fap-south-1.console.aws.amazon.com/s3/buckets/solsticedev%3Fregion%3Dap-south-1%26bucketType%3Dgeneral%26prefix%3Dcms/%26showversions%3Dfalse/ABN00678.JPG","Living Room","Modular Indian Contemporary","{"colors":["White","Dark brown","Light beige","Black"],"materials":["Wood","Marble","Metal","Fabric"],"primary_features":["Ceiling design with modern recessed lighting","Wall partition with wood and marble finish","Television unit with built-in storage","Dining area with modern chairs"],"object_types":["Television unit","Ceiling design","Wall partition","Dining table"],"object_features":["Built-in storage compartments","Wooden top with marble base","Modern finish with a mix of dark wood and light marble","Modern recessed lighting","Square and rectangular recessed patterns","Vertical wooden slats","Modern design with clean lines","Dark wooden table","Matching chairs with light upholstery"],"object_materials":["Wood","Marble","Plasterboard","Wood","Wood","Fabric"]}","living room, modular indian contemporary, efficient use of space with a clear division between living and dining areas, white, dark brown, light beige, black, wood, marble, metal, fabric, ceiling design with modern recessed lighting, wall partition with wood and marble finish, television unit with built-in storage, dining area with modern chairs, television unit, built-in storage compartments, wooden top with marble base, modern finish with a mix of dark wood and light marble, ceiling design, modern recessed lighting, square and rectangular recessed patterns, wall partition, vertical wooden slats, modern design with clean lines, dining table, dark wooden table, matching chairs with light upholstery, contemporary design, indian interior, dining area, indian style, wooden finish"
"General Dining Room Design","Indian dining room interior design ideas",2,2,100,100,"focused_room_search",false,0,"https://solsticeprod.s3.ap-south-1.amazonaws.com/https%3A/%2Fap-south-1.console.aws.amazon.com/s3/buckets/solsticedev%3Fregion%3Dap-south-1%26bucketType%3Dgeneral%26prefix%3Dcms/%26showversions%3Dfalse/ABN00623.JPG; https://solsticeprod.s3.ap-south-1.amazonaws.com/https%3A/%2Fap-south-1.console.aws.amazon.com/s3/buckets/solsticedev%3Fregion%3Dap-south-1%26bucketType%3Dgeneral%26prefix%3Dcms/%26showversions%3Dfalse/WhatsApp%20Image%202023-04-10%20at%209.49.55%20PM.jpeg","Kitchen/Dining Area","Contemporary Indian Fusion","{"colors":["White marble","Green cabinetry","Wooden tones","Gold accents"],"materials":["Marble","Glass","Wood","Metal"],"primary_features":["Open-plan kitchen with island","Modern lighting with traditional accents","Marble countertops","Wooden staircase with glass railings"],"object_types":["Round dining table","Kitchen island","Staircase"],"object_features":["Wooden finish","Center flower bowl","White countertop","Integrated sink","Decorative plant","Wooden steps","Glass railings","Decorative handrail"],"object_materials":["Wood","Metal (for bowl handles)","Marble","Metal (for sink and faucet)","Wood","Glass"]}","kitchen/dining area, contemporary indian fusion, efficient use of space with an open-plan design connecting kitchen and dining areas, white marble, green cabinetry, wooden tones, gold accents, marble, glass, wood, metal, open-plan kitchen with island, modern lighting with traditional accents, marble countertops, wooden staircase with glass railings, round dining table, wooden finish, center flower bowl, kitchen island, white countertop, integrated sink, decorative plant, staircase, wooden steps, glass railings, decorative handrail, indian fusion, contemporary design, open-plan space, modern light fixtures, wooden staircase"
"General Dining Room Design","Modern Indian dining room designs",2,2,100,100,"focused_room_search",false,0,"https://solsticeprod.s3.ap-south-1.amazonaws.com/https%3A/%2Fap-south-1.console.aws.amazon.com/s3/buckets/solsticedev%3Fregion%3Dap-south-1%26bucketType%3Dgeneral%26prefix%3Dcms/%26showversions%3Dfalse/ABN00623.JPG; https://solsticeprod.s3.ap-south-1.amazonaws.com/https%3A/%2Fap-south-1.console.aws.amazon.com/s3/buckets/solsticedev%3Fregion%3Dap-south-1%26bucketType%3Dgeneral%26prefix%3Dcms/%26showversions%3Dfalse/WhatsApp%20Image%202023-04-10%20at%209.49.55%20PM.jpeg","Kitchen/Dining Area","Contemporary Indian Fusion","{"colors":["White marble","Green cabinetry","Wooden tones","Gold accents"],"materials":["Marble","Glass","Wood","Metal"],"primary_features":["Open-plan kitchen with island","Modern lighting with traditional accents","Marble countertops","Wooden staircase with glass railings"],"object_types":["Round dining table","Kitchen island","Staircase"],"object_features":["Wooden finish","Center flower bowl","White countertop","Integrated sink","Decorative plant","Wooden steps","Glass railings","Decorative handrail"],"object_materials":["Wood","Metal (for bowl handles)","Marble","Metal (for sink and faucet)","Wood","Glass"]}","kitchen/dining area, contemporary indian fusion, efficient use of space with an open-plan design connecting kitchen and dining areas, white marble, green cabinetry, wooden tones, gold accents, marble, glass, wood, metal, open-plan kitchen with island, modern lighting with traditional accents, marble countertops, wooden staircase with glass railings, round dining table, wooden finish, center flower bowl, kitchen island, white countertop, integrated sink, decorative plant, staircase, wooden steps, glass railings, decorative handrail, indian fusion, contemporary design, open-plan space, modern light fixtures, wooden staircase"
"General Dining Room Design","Traditional Indian dining room decor",2,2,100,100,"focused_room_search",false,0,"https://solsticeprod.s3.ap-south-1.amazonaws.com/https%3A/%2Fap-south-1.console.aws.amazon.com/s3/buckets/solsticedev%3Fregion%3Dap-south-1%26bucketType%3Dgeneral%26prefix%3Dcms/%26showversions%3Dfalse/ABN00623.JPG; https://solsticeprod.s3.ap-south-1.amazonaws.com/https%3A/%2Fap-south-1.console.aws.amazon.com/s3/buckets/solsticedev%3Fregion%3Dap-south-1%26bucketType%3Dgeneral%26prefix%3Dcms/%26showversions%3Dfalse/WhatsApp%20Image%202023-04-10%20at%209.49.55%20PM.jpeg","Kitchen/Dining Area","Contemporary Indian Fusion","{"colors":["White marble","Green cabinetry","Wooden tones","Gold accents"],"materials":["Marble","Glass","Wood","Metal"],"primary_features":["Open-plan kitchen with island","Modern lighting with traditional accents","Marble countertops","Wooden staircase with glass railings"],"object_types":["Round dining table","Kitchen island","Staircase"],"object_features":["Wooden finish","Center flower bowl","White countertop","Integrated sink","Decorative plant","Wooden steps","Glass railings","Decorative handrail"],"object_materials":["Wood","Metal (for bowl handles)","Marble","Metal (for sink and faucet)","Wood","Glass"]}","kitchen/dining area, contemporary indian fusion, efficient use of space with an open-plan design connecting kitchen and dining areas, white marble, green cabinetry, wooden tones, gold accents, marble, glass, wood, metal, open-plan kitchen with island, modern lighting with traditional accents, marble countertops, wooden staircase with glass railings, round dining table, wooden finish, center flower bowl, kitchen island, white countertop, integrated sink, decorative plant, staircase, wooden steps, glass railings, decorative handrail, indian fusion, contemporary design, open-plan space, modern light fixtures, wooden staircase"
"General Dining Room Design","Contemporary Indian dining rooms",2,2,100,100,"focused_room_search",false,0,"https://solsticeprod.s3.ap-south-1.amazonaws.com/https%3A/%2Fap-south-1.console.aws.amazon.com/s3/buckets/solsticedev%3Fregion%3Dap-south-1%26bucketType%3Dgeneral%26prefix%3Dcms/%26showversions%3Dfalse/ABN00623.JPG; https://solsticeprod.s3.ap-south-1.amazonaws.com/https%3A/%2Fap-south-1.console.aws.amazon.com/s3/buckets/solsticedev%3Fregion%3Dap-south-1%26bucketType%3Dgeneral%26prefix%3Dcms/%26showversions%3Dfalse/WhatsApp%20Image%202023-04-10%20at%209.49.55%20PM.jpeg","Kitchen/Dining Area","Contemporary Indian Fusion","{"colors":["White marble","Green cabinetry","Wooden tones","Gold accents"],"materials":["Marble","Glass","Wood","Metal"],"primary_features":["Open-plan kitchen with island","Modern lighting with traditional accents","Marble countertops","Wooden staircase with glass railings"],"object_types":["Round dining table","Kitchen island","Staircase"],"object_features":["Wooden finish","Center flower bowl","White countertop","Integrated sink","Decorative plant","Wooden steps","Glass railings","Decorative handrail"],"object_materials":["Wood","Metal (for bowl handles)","Marble","Metal (for sink and faucet)","Wood","Glass"]}","kitchen/dining area, contemporary indian fusion, efficient use of space with an open-plan design connecting kitchen and dining areas, white marble, green cabinetry, wooden tones, gold accents, marble, glass, wood, metal, open-plan kitchen with island, modern lighting with traditional accents, marble countertops, wooden staircase with glass railings, round dining table, wooden finish, center flower bowl, kitchen island, white countertop, integrated sink, decorative plant, staircase, wooden steps, glass railings, decorative handrail, indian fusion, contemporary design, open-plan space, modern light fixtures, wooden staircase"
"General Dining Room Design","Small Indian dining room interior design",2,2,100,100,"focused_room_search",false,0,"https://solsticeprod.s3.ap-south-1.amazonaws.com/https%3A/%2Fap-south-1.console.aws.amazon.com/s3/buckets/solsticedev%3Fregion%3Dap-south-1%26bucketType%3Dgeneral%26prefix%3Dcms/%26showversions%3Dfalse/ABN00623.JPG; https://solsticeprod.s3.ap-south-1.amazonaws.com/https%3A/%2Fap-south-1.console.aws.amazon.com/s3/buckets/solsticedev%3Fregion%3Dap-south-1%26bucketType%3Dgeneral%26prefix%3Dcms/%26showversions%3Dfalse/WhatsApp%20Image%202023-04-10%20at%209.49.55%20PM.jpeg","Kitchen/Dining Area","Contemporary Indian Fusion","{"colors":["White marble","Green cabinetry","Wooden tones","Gold accents"],"materials":["Marble","Glass","Wood","Metal"],"primary_features":["Open-plan kitchen with island","Modern lighting with traditional accents","Marble countertops","Wooden staircase with glass railings"],"object_types":["Round dining table","Kitchen island","Staircase"],"object_features":["Wooden finish","Center flower bowl","White countertop","Integrated sink","Decorative plant","Wooden steps","Glass railings","Decorative handrail"],"object_materials":["Wood","Metal (for bowl handles)","Marble","Metal (for sink and faucet)","Wood","Glass"]}","kitchen/dining area, contemporary indian fusion, efficient use of space with an open-plan design connecting kitchen and dining areas, white marble, green cabinetry, wooden tones, gold accents, marble, glass, wood, metal, open-plan kitchen with island, modern lighting with traditional accents, marble countertops, wooden staircase with glass railings, round dining table, wooden finish, center flower bowl, kitchen island, white countertop, integrated sink, decorative plant, staircase, wooden steps, glass railings, decorative handrail, indian fusion, contemporary design, open-plan space, modern light fixtures, wooden staircase"
"General Kitchen Design","Indian kitchen interior design ideas",8,8,100,95.85,"focused_room_search",false,0,"https://solsticeprod.s3.ap-south-1.amazonaws.com/https%3A/%2Fap-south-1.console.aws.amazon.com/s3/buckets/solsticedev%3Fregion%3Dap-south-1%26bucketType%3Dgeneral%26prefix%3Dcms/%26showversions%3Dfalse/Screenshot%202024-07-11%20at%203.01.18%E2%80%AFPM.png; https://solsticeprod.s3.ap-south-1.amazonaws.com/https%3A/%2Fap-south-1.console.aws.amazon.com/s3/buckets/solsticedev%3Fregion%3Dap-south-1%26bucketType%3Dgeneral%26prefix%3Dcms/%26showversions%3Dfalse/WhatsApp%20Image%202023-04-10%20at%209.47.21%20PM.jpeg; https://solsticeprod.s3.ap-south-1.amazonaws.com/https%3A/%2Fap-south-1.console.aws.amazon.com/s3/buckets/solsticedev%3Fregion%3Dap-south-1%26bucketType%3Dgeneral%26prefix%3Dcms/%26showversions%3Dfalse/ABN00623.JPG; https://solsticeprod.s3.ap-south-1.amazonaws.com/https%3A/%2Fap-south-1.console.aws.amazon.com/s3/buckets/solsticedev%3Fregion%3Dap-south-1%26bucketType%3Dgeneral%26prefix%3Dcms/%26showversions%3Dfalse/WhatsApp%20Image%202023-04-10%20at%209.47.04%20PM.jpeg; https://solsticeprod.s3.ap-south-1.amazonaws.com/https%3A/%2Fap-south-1.console.aws.amazon.com/s3/buckets/solsticedev%3Fregion%3Dap-south-1%26bucketType%3Dgeneral%26prefix%3Dcms/%26showversions%3Dfalse/Screenshot%202024-07-11%20at%201.23.22%E2%80%AFPM.png; https://solsticeprod.s3.ap-south-1.amazonaws.com/https%3A/%2Fap-south-1.console.aws.amazon.com/s3/buckets/solsticedev%3Fregion%3Dap-south-1%26bucketType%3Dgeneral%26prefix%3Dcms/%26showversions%3Dfalse/Screenshot%202024-07-11%20at%203.01.24%E2%80%AFPM.png; https://solsticeprod.s3.ap-south-1.amazonaws.com/https%3A/%2Fap-south-1.console.aws.amazon.com/s3/buckets/solsticedev%3Fregion%3Dap-south-1%26bucketType%3Dgeneral%26prefix%3Dcms/%26showversions%3Dfalse/Screenshot%202024-07-11%20at%201.18.38%E2%80%AFPM.png; https://solsticeprod.s3.ap-south-1.amazonaws.com/https%3A/%2Fap-south-1.console.aws.amazon.com/s3/buckets/solsticedev%3Fregion%3Dap-south-1%26bucketType%3Dgeneral%26prefix%3Dcms/%26showversions%3Dfalse/Screenshot%202024-07-11%20at%201.23.25%E2%80%AFPM.png","Kitchen","Contemporary Indian Interior","{"colors":["Purple","Black","White","Gray"],"materials":["Marble","Granite","Laminated wood","Metal"],"primary_features":["Modern kitchen cabinets","Marble backsplash","Integrated lighting","Contemporary sink setup"],"object_types":["Kitchen counter","Cabinets","Backsplash","Sink"],"object_features":["Black countertop","Wooden cutting board","Purple matte cabinets","Flat panel design","Marble tiles","Integrated sink with modern faucet"],"object_materials":["Granite","Laminated wood","Plastic laminate","Marble","Metal"]}","kitchen, contemporary indian interior, efficient use of space with closed cabinets and clean lines, purple, black, white, gray, marble, granite, laminated wood, metal, modern kitchen cabinets, marble backsplash, integrated lighting, contemporary sink setup, kitchen counter, black countertop, wooden cutting board, cabinets, purple matte cabinets, flat panel design, backsplash, marble tiles, sink, integrated sink with modern faucet, modern indian kitchen, purple cabinets, contemporary design, functional space"
"General Kitchen Design","Kitchen chimney options for heavy Indian cooking",8,8,100,97.7,"focused_room_search",false,0,"https://solsticeprod.s3.ap-south-1.amazonaws.com/https%3A/%2Fap-south-1.console.aws.amazon.com/s3/buckets/solsticedev%3Fregion%3Dap-south-1%26bucketType%3Dgeneral%26prefix%3Dcms/%26showversions%3Dfalse/ABN00623.JPG; https://solsticeprod.s3.ap-south-1.amazonaws.com/https%3A/%2Fap-south-1.console.aws.amazon.com/s3/buckets/solsticedev%3Fregion%3Dap-south-1%26bucketType%3Dgeneral%26prefix%3Dcms/%26showversions%3Dfalse/Screenshot%202024-07-11%20at%203.01.18%E2%80%AFPM.png; https://solsticeprod.s3.ap-south-1.amazonaws.com/https%3A/%2Fap-south-1.console.aws.amazon.com/s3/buckets/solsticedev%3Fregion%3Dap-south-1%26bucketType%3Dgeneral%26prefix%3Dcms/%26showversions%3Dfalse/WhatsApp%20Image%202023-04-10%20at%209.47.21%20PM.jpeg; https://solsticeprod.s3.ap-south-1.amazonaws.com/https%3A/%2Fap-south-1.console.aws.amazon.com/s3/buckets/solsticedev%3Fregion%3Dap-south-1%26bucketType%3Dgeneral%26prefix%3Dcms/%26showversions%3Dfalse/Screenshot%202024-07-11%20at%201.23.22%E2%80%AFPM.png; https://solsticeprod.s3.ap-south-1.amazonaws.com/https%3A/%2Fap-south-1.console.aws.amazon.com/s3/buckets/solsticedev%3Fregion%3Dap-south-1%26bucketType%3Dgeneral%26prefix%3Dcms/%26showversions%3Dfalse/WhatsApp%20Image%202023-04-10%20at%209.47.04%20PM.jpeg; https://solsticeprod.s3.ap-south-1.amazonaws.com/https%3A/%2Fap-south-1.console.aws.amazon.com/s3/buckets/solsticedev%3Fregion%3Dap-south-1%26bucketType%3Dgeneral%26prefix%3Dcms/%26showversions%3Dfalse/Screenshot%202024-07-11%20at%203.01.24%E2%80%AFPM.png; https://solsticeprod.s3.ap-south-1.amazonaws.com/https%3A/%2Fap-south-1.console.aws.amazon.com/s3/buckets/solsticedev%3Fregion%3Dap-south-1%26bucketType%3Dgeneral%26prefix%3Dcms/%26showversions%3Dfalse/Screenshot%202024-07-11%20at%201.23.25%E2%80%AFPM.png; https://solsticeprod.s3.ap-south-1.amazonaws.com/https%3A/%2Fap-south-1.console.aws.amazon.com/s3/buckets/solsticedev%3Fregion%3Dap-south-1%26bucketType%3Dgeneral%26prefix%3Dcms/%26showversions%3Dfalse/Screenshot%202024-07-11%20at%201.18.38%E2%80%AFPM.png","Kitchen/Dining Area","Contemporary Indian Fusion","{"colors":["White marble","Green cabinetry","Wooden tones","Gold accents"],"materials":["Marble","Glass","Wood","Metal"],"primary_features":["Open-plan kitchen with island","Modern lighting with traditional accents","Marble countertops","Wooden staircase with glass railings"],"object_types":["Round dining table","Kitchen island","Staircase"],"object_features":["Wooden finish","Center flower bowl","White countertop","Integrated sink","Decorative plant","Wooden steps","Glass railings","Decorative handrail"],"object_materials":["Wood","Metal (for bowl handles)","Marble","Metal (for sink and faucet)","Wood","Glass"]}","kitchen/dining area, contemporary indian fusion, efficient use of space with an open-plan design connecting kitchen and dining areas, white marble, green cabinetry, wooden tones, gold accents, marble, glass, wood, metal, open-plan kitchen with island, modern lighting with traditional accents, marble countertops, wooden staircase with glass railings, round dining table, wooden finish, center flower bowl, kitchen island, white countertop, integrated sink, decorative plant, staircase, wooden steps, glass railings, decorative handrail, indian fusion, contemporary design, open-plan space, modern light fixtures, wooden staircase"
"General Kitchen Design","Modern L-shape kitchen designs with island India",8,8,100,100,"focused_room_search",false,0,"https://solsticeprod.s3.ap-south-1.amazonaws.com/https%3A/%2Fap-south-1.console.aws.amazon.com/s3/buckets/solsticedev%3Fregion%3Dap-south-1%26bucketType%3Dgeneral%26prefix%3Dcms/%26showversions%3Dfalse/Screenshot%202024-07-11%20at%201.23.25%E2%80%AFPM.png; https://solsticeprod.s3.ap-south-1.amazonaws.com/https%3A/%2Fap-south-1.console.aws.amazon.com/s3/buckets/solsticedev%3Fregion%3Dap-south-1%26bucketType%3Dgeneral%26prefix%3Dcms/%26showversions%3Dfalse/ABN00623.JPG; https://solsticeprod.s3.ap-south-1.amazonaws.com/https%3A/%2Fap-south-1.console.aws.amazon.com/s3/buckets/solsticedev%3Fregion%3Dap-south-1%26bucketType%3Dgeneral%26prefix%3Dcms/%26showversions%3Dfalse/Screenshot%202024-07-11%20at%203.01.18%E2%80%AFPM.png; https://solsticeprod.s3.ap-south-1.amazonaws.com/https%3A/%2Fap-south-1.console.aws.amazon.com/s3/buckets/solsticedev%3Fregion%3Dap-south-1%26bucketType%3Dgeneral%26prefix%3Dcms/%26showversions%3Dfalse/WhatsApp%20Image%202023-04-10%20at%209.47.21%20PM.jpeg; https://solsticeprod.s3.ap-south-1.amazonaws.com/https%3A/%2Fap-south-1.console.aws.amazon.com/s3/buckets/solsticedev%3Fregion%3Dap-south-1%26bucketType%3Dgeneral%26prefix%3Dcms/%26showversions%3Dfalse/Screenshot%202024-07-11%20at%201.23.22%E2%80%AFPM.png; https://solsticeprod.s3.ap-south-1.amazonaws.com/https%3A/%2Fap-south-1.console.aws.amazon.com/s3/buckets/solsticedev%3Fregion%3Dap-south-1%26bucketType%3Dgeneral%26prefix%3Dcms/%26showversions%3Dfalse/Screenshot%202024-07-11%20at%203.01.24%E2%80%AFPM.png; https://solsticeprod.s3.ap-south-1.amazonaws.com/https%3A/%2Fap-south-1.console.aws.amazon.com/s3/buckets/solsticedev%3Fregion%3Dap-south-1%26bucketType%3Dgeneral%26prefix%3Dcms/%26showversions%3Dfalse/Screenshot%202024-07-11%20at%201.18.38%E2%80%AFPM.png; https://solsticeprod.s3.ap-south-1.amazonaws.com/https%3A/%2Fap-south-1.console.aws.amazon.com/s3/buckets/solsticedev%3Fregion%3Dap-south-1%26bucketType%3Dgeneral%26prefix%3Dcms/%26showversions%3Dfalse/WhatsApp%20Image%202023-04-10%20at%209.47.04%20PM.jpeg","Kitchen","Modern Minimalist","{"colors":["White","Grey","Black","Brushed Wood"],"materials":["Ceramic tiles","Modern cabinetry","Stainless steel"],"primary_features":["L-shaped cabinetry","geometric wall tiles","stainless steel appliance"],"object_types":["Sink","Cooker","Storage"],"object_features":["Integrated into cabinetry","Built-in gas stove","Under-counter drawers and cabinets"],"object_materials":["Modern materials, possibly stainless steel or similar","Black, likely stainless steel","Dark grey, smooth finish"]}","kitchen, modern minimalist, efficient use of space with l-shaped cabinetry for functionality, white, grey, black, brushed wood, ceramic tiles, modern cabinetry, stainless steel, l-shaped cabinetry, geometric wall tiles, stainless steel appliance, sink, integrated into cabinetry, cooker, built-in gas stove, storage, under-counter drawers and cabinets"
"General Kitchen Design","Modular kitchen two-tone color",8,8,100,98.13,"focused_room_search",false,0,"https://solsticeprod.s3.ap-south-1.amazonaws.com/https%3A/%2Fap-south-1.console.aws.amazon.com/s3/buckets/solsticedev%3Fregion%3Dap-south-1%26bucketType%3Dgeneral%26prefix%3Dcms/%26showversions%3Dfalse/WhatsApp%20Image%202023-04-10%20at%209.47.04%20PM.jpeg; https://solsticeprod.s3.ap-south-1.amazonaws.com/https%3A/%2Fap-south-1.console.aws.amazon.com/s3/buckets/solsticedev%3Fregion%3Dap-south-1%26bucketType%3Dgeneral%26prefix%3Dcms/%26showversions%3Dfalse/Screenshot%202024-07-11%20at%203.01.18%E2%80%AFPM.png; https://solsticeprod.s3.ap-south-1.amazonaws.com/https%3A/%2Fap-south-1.console.aws.amazon.com/s3/buckets/solsticedev%3Fregion%3Dap-south-1%26bucketType%3Dgeneral%26prefix%3Dcms/%26showversions%3Dfalse/WhatsApp%20Image%202023-04-10%20at%209.47.21%20PM.jpeg; https://solsticeprod.s3.ap-south-1.amazonaws.com/https%3A/%2Fap-south-1.console.aws.amazon.com/s3/buckets/solsticedev%3Fregion%3Dap-south-1%26bucketType%3Dgeneral%26prefix%3Dcms/%26showversions%3Dfalse/Screenshot%202024-07-11%20at%201.23.22%E2%80%AFPM.png; https://solsticeprod.s3.ap-south-1.amazonaws.com/https%3A/%2Fap-south-1.console.aws.amazon.com/s3/buckets/solsticedev%3Fregion%3Dap-south-1%26bucketType%3Dgeneral%26prefix%3Dcms/%26showversions%3Dfalse/Screenshot%202024-07-11%20at%203.01.24%E2%80%AFPM.png; https://solsticeprod.s3.ap-south-1.amazonaws.com/https%3A/%2Fap-south-1.console.aws.amazon.com/s3/buckets/solsticedev%3Fregion%3Dap-south-1%26bucketType%3Dgeneral%26prefix%3Dcms/%26showversions%3Dfalse/ABN00623.JPG; https://solsticeprod.s3.ap-south-1.amazonaws.com/https%3A/%2Fap-south-1.console.aws.amazon.com/s3/buckets/solsticedev%3Fregion%3Dap-south-1%26bucketType%3Dgeneral%26prefix%3Dcms/%26showversions%3Dfalse/Screenshot%202024-07-11%20at%201.23.25%E2%80%AFPM.png; https://solsticeprod.s3.ap-south-1.amazonaws.com/https%3A/%2Fap-south-1.console.aws.amazon.com/s3/buckets/solsticedev%3Fregion%3Dap-south-1%26bucketType%3Dgeneral%26prefix%3Dcms/%26showversions%3Dfalse/Screenshot%202024-07-11%20at%201.18.38%E2%80%AFPM.png","Kitchen","Modern Indian Kitchen","{"colors":["red","white","black","gray"],"materials":["marble","wood","plastic laminate"],"primary_features":["U-shaped cabinetry","marble countertops","cabinet handles","tiled backsplash"],"object_types":["Kitchen counter","Cabinets"],"object_features":["black color","marble texture","red and white doors","modular design"],"object_materials":["marble","wood (likely teak or similar)","plastic laminate"]}","kitchen, modern indian kitchen, efficient use of corner space, open layout, red, white, black, gray, marble, wood, plastic laminate, u-shaped cabinetry, marble countertops, cabinet handles, tiled backsplash, kitchen counter, black color, marble texture, cabinets, red and white doors, modular design"
"General Kitchen Design","Modern Indian kitchen designs",8,8,100,100,"focused_room_search",false,0,"https://solsticeprod.s3.ap-south-1.amazonaws.com/https%3A/%2Fap-south-1.console.aws.amazon.com/s3/buckets/solsticedev%3Fregion%3Dap-south-1%26bucketType%3Dgeneral%26prefix%3Dcms/%26showversions%3Dfalse/Screenshot%202024-07-11%20at%201.23.25%E2%80%AFPM.png; https://solsticeprod.s3.ap-south-1.amazonaws.com/https%3A/%2Fap-south-1.console.aws.amazon.com/s3/buckets/solsticedev%3Fregion%3Dap-south-1%26bucketType%3Dgeneral%26prefix%3Dcms/%26showversions%3Dfalse/Screenshot%202024-07-11%20at%203.01.18%E2%80%AFPM.png; https://solsticeprod.s3.ap-south-1.amazonaws.com/https%3A/%2Fap-south-1.console.aws.amazon.com/s3/buckets/solsticedev%3Fregion%3Dap-south-1%26bucketType%3Dgeneral%26prefix%3Dcms/%26showversions%3Dfalse/WhatsApp%20Image%202023-04-10%20at%209.47.21%20PM.jpeg; https://solsticeprod.s3.ap-south-1.amazonaws.com/https%3A/%2Fap-south-1.console.aws.amazon.com/s3/buckets/solsticedev%3Fregion%3Dap-south-1%26bucketType%3Dgeneral%26prefix%3Dcms/%26showversions%3Dfalse/WhatsApp%20Image%202023-04-10%20at%209.47.04%20PM.jpeg; https://solsticeprod.s3.ap-south-1.amazonaws.com/https%3A/%2Fap-south-1.console.aws.amazon.com/s3/buckets/solsticedev%3Fregion%3Dap-south-1%26bucketType%3Dgeneral%26prefix%3Dcms/%26showversions%3Dfalse/Screenshot%202024-07-11%20at%203.01.24%E2%80%AFPM.png; https://solsticeprod.s3.ap-south-1.amazonaws.com/https%3A/%2Fap-south-1.console.aws.amazon.com/s3/buckets/solsticedev%3Fregion%3Dap-south-1%26bucketType%3Dgeneral%26prefix%3Dcms/%26showversions%3Dfalse/ABN00623.JPG; https://solsticeprod.s3.ap-south-1.amazonaws.com/https%3A/%2Fap-south-1.console.aws.amazon.com/s3/buckets/solsticedev%3Fregion%3Dap-south-1%26bucketType%3Dgeneral%26prefix%3Dcms/%26showversions%3Dfalse/Screenshot%202024-07-11%20at%201.18.38%E2%80%AFPM.png; https://solsticeprod.s3.ap-south-1.amazonaws.com/https%3A/%2Fap-south-1.console.aws.amazon.com/s3/buckets/solsticedev%3Fregion%3Dap-south-1%26bucketType%3Dgeneral%26prefix%3Dcms/%26showversions%3Dfalse/Screenshot%202024-07-11%20at%201.23.22%E2%80%AFPM.png","Kitchen","Modern Minimalist","{"colors":["White","Grey","Black","Brushed Wood"],"materials":["Ceramic tiles","Modern cabinetry","Stainless steel"],"primary_features":["L-shaped cabinetry","geometric wall tiles","stainless steel appliance"],"object_types":["Sink","Cooker","Storage"],"object_features":["Integrated into cabinetry","Built-in gas stove","Under-counter drawers and cabinets"],"object_materials":["Modern materials, possibly stainless steel or similar","Black, likely stainless steel","Dark grey, smooth finish"]}","kitchen, modern minimalist, efficient use of space with l-shaped cabinetry for functionality, white, grey, black, brushed wood, ceramic tiles, modern cabinetry, stainless steel, l-shaped cabinetry, geometric wall tiles, stainless steel appliance, sink, integrated into cabinetry, cooker, built-in gas stove, storage, under-counter drawers and cabinets"
"General Kitchen Design","Traditional Indian kitchen decor",8,8,100,97.73,"focused_room_search",false,0,"https://solsticeprod.s3.ap-south-1.amazonaws.com/https%3A/%2Fap-south-1.console.aws.amazon.com/s3/buckets/solsticedev%3Fregion%3Dap-south-1%26bucketType%3Dgeneral%26prefix%3Dcms/%26showversions%3Dfalse/ABN00623.JPG; https://solsticeprod.s3.ap-south-1.amazonaws.com/https%3A/%2Fap-south-1.console.aws.amazon.com/s3/buckets/solsticedev%3Fregion%3Dap-south-1%26bucketType%3Dgeneral%26prefix%3Dcms/%26showversions%3Dfalse/Screenshot%202024-07-11%20at%201.18.38%E2%80%AFPM.png; https://solsticeprod.s3.ap-south-1.amazonaws.com/https%3A/%2Fap-south-1.console.aws.amazon.com/s3/buckets/solsticedev%3Fregion%3Dap-south-1%26bucketType%3Dgeneral%26prefix%3Dcms/%26showversions%3Dfalse/Screenshot%202024-07-11%20at%203.01.18%E2%80%AFPM.png; https://solsticeprod.s3.ap-south-1.amazonaws.com/https%3A/%2Fap-south-1.console.aws.amazon.com/s3/buckets/solsticedev%3Fregion%3Dap-south-1%26bucketType%3Dgeneral%26prefix%3Dcms/%26showversions%3Dfalse/WhatsApp%20Image%202023-04-10%20at%209.47.21%20PM.jpeg; https://solsticeprod.s3.ap-south-1.amazonaws.com/https%3A/%2Fap-south-1.console.aws.amazon.com/s3/buckets/solsticedev%3Fregion%3Dap-south-1%26bucketType%3Dgeneral%26prefix%3Dcms/%26showversions%3Dfalse/Screenshot%202024-07-11%20at%201.23.22%E2%80%AFPM.png; https://solsticeprod.s3.ap-south-1.amazonaws.com/https%3A/%2Fap-south-1.console.aws.amazon.com/s3/buckets/solsticedev%3Fregion%3Dap-south-1%26bucketType%3Dgeneral%26prefix%3Dcms/%26showversions%3Dfalse/WhatsApp%20Image%202023-04-10%20at%209.47.04%20PM.jpeg; https://solsticeprod.s3.ap-south-1.amazonaws.com/https%3A/%2Fap-south-1.console.aws.amazon.com/s3/buckets/solsticedev%3Fregion%3Dap-south-1%26bucketType%3Dgeneral%26prefix%3Dcms/%26showversions%3Dfalse/Screenshot%202024-07-11%20at%203.01.24%E2%80%AFPM.png; https://solsticeprod.s3.ap-south-1.amazonaws.com/https%3A/%2Fap-south-1.console.aws.amazon.com/s3/buckets/solsticedev%3Fregion%3Dap-south-1%26bucketType%3Dgeneral%26prefix%3Dcms/%26showversions%3Dfalse/Screenshot%202024-07-11%20at%201.23.25%E2%80%AFPM.png","Kitchen/Dining Area","Contemporary Indian Fusion","{"colors":["White marble","Green cabinetry","Wooden tones","Gold accents"],"materials":["Marble","Glass","Wood","Metal"],"primary_features":["Open-plan kitchen with island","Modern lighting with traditional accents","Marble countertops","Wooden staircase with glass railings"],"object_types":["Round dining table","Kitchen island","Staircase"],"object_features":["Wooden finish","Center flower bowl","White countertop","Integrated sink","Decorative plant","Wooden steps","Glass railings","Decorative handrail"],"object_materials":["Wood","Metal (for bowl handles)","Marble","Metal (for sink and faucet)","Wood","Glass"]}","kitchen/dining area, contemporary indian fusion, efficient use of space with an open-plan design connecting kitchen and dining areas, white marble, green cabinetry, wooden tones, gold accents, marble, glass, wood, metal, open-plan kitchen with island, modern lighting with traditional accents, marble countertops, wooden staircase with glass railings, round dining table, wooden finish, center flower bowl, kitchen island, white countertop, integrated sink, decorative plant, staircase, wooden steps, glass railings, decorative handrail, indian fusion, contemporary design, open-plan space, modern light fixtures, wooden staircase"
"Specific Wardrobe Types & Features","Sliding wardrobe designs",3,2,66.67,65,"focused_room_search",false,0,"https://solsticeprod.s3.ap-south-1.amazonaws.com/https%3A/%2Fap-south-1.console.aws.amazon.com/s3/buckets/solsticedev%3Fregion%3Dap-south-1%26bucketType%3Dgeneral%26prefix%3Dcms/%26showversions%3Dfalse/WhatsApp%20Image%202023-04-10%20at%209.49.50%20PM%20%281%29.jpeg; https://solsticeprod.s3.ap-south-1.amazonaws.com/https%3A/%2Fap-south-1.console.aws.amazon.com/s3/buckets/solsticedev%3Fregion%3Dap-south-1%26bucketType%3Dgeneral%26prefix%3Dcms/%26showversions%3Dfalse/WhatsApp%20Image%202023-04-10%20at%209.47.33%20PM.jpeg; https://solsticeprod.s3.ap-south-1.amazonaws.com/https%3A/%2Fap-south-1.console.aws.amazon.com/s3/buckets/solsticedev%3Fregion%3Dap-south-1%26bucketType%3Dgeneral%26prefix%3Dcms/%26showversions%3Dfalse/WhatsApp%20Image%202023-04-10%20at%209.49.54%20PM%20%282%29.jpeg","closet","contemporary","{"colors":["green, white, yellow, brown, black"],"materials":["wood, plastic, laminate, painted or lacquered wood"],"primary_features":["sliding wardrobe doors","green cabinet with silver handles","wooden door","green shelves","patterned wallpaper"],"object_types":["sliding wardrobe doors","green cabinet","wooden door","green shelves"],"object_features":["floral patterned design with calla lily motifs","cabinet doors with modern silver handles","horizontal wood grain pattern","simple design with green color matching cabinetry"],"object_materials":["likely plastic or laminate for the wallpaper","likely painted or lacquered wood or MDF for the cabinet body","solid wood","likely painted or lacquered wood or MDF"]}","closet, contemporary, efficient use of space with storage and display shelves, green, white, yellow, brown, black, wood, plastic, laminate, painted or lacquered wood, sliding wardrobe doors, green cabinet with silver handles, wooden door, green shelves, patterned wallpaper, floral patterned design with calla lily motifs, green cabinet, cabinet doors with modern silver handles, horizontal wood grain pattern, simple design with green color matching cabinetry, modern, green, floral, indian elements, efficient storage"
"Specific Wardrobe Types & Features","Modular wardrobe designs",3,2,66.67,50,"focused_room_search",false,0,"https://solsticeprod.s3.ap-south-1.amazonaws.com/https%3A/%2Fap-south-1.console.aws.amazon.com/s3/buckets/solsticedev%3Fregion%3Dap-south-1%26bucketType%3Dgeneral%26prefix%3Dcms/%26showversions%3Dfalse/WhatsApp%20Image%202023-04-10%20at%209.47.33%20PM.jpeg; https://solsticeprod.s3.ap-south-1.amazonaws.com/https%3A/%2Fap-south-1.console.aws.amazon.com/s3/buckets/solsticedev%3Fregion%3Dap-south-1%26bucketType%3Dgeneral%26prefix%3Dcms/%26showversions%3Dfalse/WhatsApp%20Image%202023-04-10%20at%209.49.50%20PM%20%281%29.jpeg; https://solsticeprod.s3.ap-south-1.amazonaws.com/https%3A/%2Fap-south-1.console.aws.amazon.com/s3/buckets/solsticedev%3Fregion%3Dap-south-1%26bucketType%3Dgeneral%26prefix%3Dcms/%26showversions%3Dfalse/WhatsApp%20Image%202023-04-10%20at%209.49.54%20PM%20%282%29.jpeg","Walk-in wardrobe","Modern Indian design with traditional influences","{"colors":["White","Green","Yellow","Pink"],"materials":["MDF, Paint"],"primary_features":["Built-in wardrobe with multiple storage compartments","Compact organization","Integrated lighting"],"object_types":["Built-in wardrobe"],"object_features":["Multiple compartments for storage","Integrated mirror","Built-in desk space"],"object_materials":["MDF or similar","Painted finish"]}","walk-in wardrobe, modern indian design with traditional influences, efficient use of space with built-in storage, white, green, yellow, pink, mdf, paint, built-in wardrobe with multiple storage compartments, compact organization, integrated lighting, built-in wardrobe, multiple compartments for storage, integrated mirror, built-in desk space, indian interior design, modern indian style, built-in storage, compact design, colorful palette"
"Specific Wardrobe Types & Features","Fitted wardrobe designs",3,2,66.67,50,"focused_room_search",false,0,"https://solsticeprod.s3.ap-south-1.amazonaws.com/https%3A/%2Fap-south-1.console.aws.amazon.com/s3/buckets/solsticedev%3Fregion%3Dap-south-1%26bucketType%3Dgeneral%26prefix%3Dcms/%26showversions%3Dfalse/WhatsApp%20Image%202023-04-10%20at%209.47.33%20PM.jpeg; https://solsticeprod.s3.ap-south-1.amazonaws.com/https%3A/%2Fap-south-1.console.aws.amazon.com/s3/buckets/solsticedev%3Fregion%3Dap-south-1%26bucketType%3Dgeneral%26prefix%3Dcms/%26showversions%3Dfalse/WhatsApp%20Image%202023-04-10%20at%209.49.50%20PM%20%281%29.jpeg; https://solsticeprod.s3.ap-south-1.amazonaws.com/https%3A/%2Fap-south-1.console.aws.amazon.com/s3/buckets/solsticedev%3Fregion%3Dap-south-1%26bucketType%3Dgeneral%26prefix%3Dcms/%26showversions%3Dfalse/WhatsApp%20Image%202023-04-10%20at%209.49.54%20PM%20%282%29.jpeg","Walk-in wardrobe","Modern Indian design with traditional influences","{"colors":["White","Green","Yellow","Pink"],"materials":["MDF, Paint"],"primary_features":["Built-in wardrobe with multiple storage compartments","Compact organization","Integrated lighting"],"object_types":["Built-in wardrobe"],"object_features":["Multiple compartments for storage","Integrated mirror","Built-in desk space"],"object_materials":["MDF or similar","Painted finish"]}","walk-in wardrobe, modern indian design with traditional influences, efficient use of space with built-in storage, white, green, yellow, pink, mdf, paint, built-in wardrobe with multiple storage compartments, compact organization, integrated lighting, built-in wardrobe, multiple compartments for storage, integrated mirror, built-in desk space, indian interior design, modern indian style, built-in storage, compact design, colorful palette"
"Specific Wardrobe Types & Features","Custom wardrobe solutions",3,2,66.67,50,"focused_room_search",false,0,"https://solsticeprod.s3.ap-south-1.amazonaws.com/https%3A/%2Fap-south-1.console.aws.amazon.com/s3/buckets/solsticedev%3Fregion%3Dap-south-1%26bucketType%3Dgeneral%26prefix%3Dcms/%26showversions%3Dfalse/WhatsApp%20Image%202023-04-10%20at%209.47.33%20PM.jpeg; https://solsticeprod.s3.ap-south-1.amazonaws.com/https%3A/%2Fap-south-1.console.aws.amazon.com/s3/buckets/solsticedev%3Fregion%3Dap-south-1%26bucketType%3Dgeneral%26prefix%3Dcms/%26showversions%3Dfalse/WhatsApp%20Image%202023-04-10%20at%209.49.50%20PM%20%281%29.jpeg; https://solsticeprod.s3.ap-south-1.amazonaws.com/https%3A/%2Fap-south-1.console.aws.amazon.com/s3/buckets/solsticedev%3Fregion%3Dap-south-1%26bucketType%3Dgeneral%26prefix%3Dcms/%26showversions%3Dfalse/WhatsApp%20Image%202023-04-10%20at%209.49.54%20PM%20%282%29.jpeg","Walk-in wardrobe","Modern Indian design with traditional influences","{"colors":["White","Green","Yellow","Pink"],"materials":["MDF, Paint"],"primary_features":["Built-in wardrobe with multiple storage compartments","Compact organization","Integrated lighting"],"object_types":["Built-in wardrobe"],"object_features":["Multiple compartments for storage","Integrated mirror","Built-in desk space"],"object_materials":["MDF or similar","Painted finish"]}","walk-in wardrobe, modern indian design with traditional influences, efficient use of space with built-in storage, white, green, yellow, pink, mdf, paint, built-in wardrobe with multiple storage compartments, compact organization, integrated lighting, built-in wardrobe, multiple compartments for storage, integrated mirror, built-in desk space, indian interior design, modern indian style, built-in storage, compact design, colorful palette"
"Specific Wardrobe Types & Features","Bedroom wardrobe designs",9,9,100,97.78,"focused_room_search",false,0,"https://solsticeprod.s3.ap-south-1.amazonaws.com/https%3A/%2Fap-south-1.console.aws.amazon.com/s3/buckets/solsticedev%3Fregion%3Dap-south-1%26bucketType%3Dgeneral%26prefix%3Dcms/%26showversions%3Dfalse/Screenshot%202024-07-11%20at%203.02.17%E2%80%AFPM.png; https://solsticeprod.s3.ap-south-1.amazonaws.com/https%3A/%2Fap-south-1.console.aws.amazon.com/s3/buckets/solsticedev%3Fregion%3Dap-south-1%26bucketType%3Dgeneral%26prefix%3Dcms/%26showversions%3Dfalse/WhatsApp%20Image%202023-04-10%20at%209.47.32%20PM%20%281%29.jpeg; https://solsticeprod.s3.ap-south-1.amazonaws.com/https%3A/%2Fap-south-1.console.aws.amazon.com/s3/buckets/solsticedev%3Fregion%3Dap-south-1%26bucketType%3Dgeneral%26prefix%3Dcms/%26showversions%3Dfalse/Screenshot%202024-07-11%20at%203.02.01%E2%80%AFPM.png; https://solsticeprod.s3.ap-south-1.amazonaws.com/https%3A/%2Fap-south-1.console.aws.amazon.com/s3/buckets/solsticedev%3Fregion%3Dap-south-1%26bucketType%3Dgeneral%26prefix%3Dcms/%26showversions%3Dfalse/Screenshot%202024-07-11%20at%201.23.30%E2%80%AFPM.png; https://solsticeprod.s3.ap-south-1.amazonaws.com/https%3A/%2Fap-south-1.console.aws.amazon.com/s3/buckets/solsticedev%3Fregion%3Dap-south-1%26bucketType%3Dgeneral%26prefix%3Dcms/%26showversions%3Dfalse/WhatsApp%20Image%202023-04-10%20at%209.47.28%20PM%20%282%29.jpeg; https://solsticeprod.s3.ap-south-1.amazonaws.com/https%3A/%2Fap-south-1.console.aws.amazon.com/s3/buckets/solsticedev%3Fregion%3Dap-south-1%26bucketType%3Dgeneral%26prefix%3Dcms/%26showversions%3Dfalse/WhatsApp%20Image%202023-07-10%20at%2013.03.29.jpeg; https://solsticeprod.s3.ap-south-1.amazonaws.com/https%3A/%2Fap-south-1.console.aws.amazon.com/s3/buckets/solsticedev%3Fregion%3Dap-south-1%26bucketType%3Dgeneral%26prefix%3Dcms/%26showversions%3Dfalse/Screenshot%202024-07-11%20at%203.02.13%E2%80%AFPM.png; https://solsticeprod.s3.ap-south-1.amazonaws.com/https%3A/%2Fap-south-1.console.aws.amazon.com/s3/buckets/solsticedev%3Fregion%3Dap-south-1%26bucketType%3Dgeneral%26prefix%3Dcms/%26showversions%3Dfalse/Screenshot%202024-07-11%20at%203.12.04%E2%80%AFPM.png; https://solsticeprod.s3.ap-south-1.amazonaws.com/https%3A/%2Fap-south-1.console.aws.amazon.com/s3/buckets/solsticedev%3Fregion%3Dap-south-1%26bucketType%3Dgeneral%26prefix%3Dcms/%26showversions%3Dfalse/WhatsApp%20Image%202023-04-10%20at%209.47.30%20PM.jpeg","Bedroom","Modern Indian","{"colors":["Pink, beige, green, white, gray, brown"],"materials":["Painted wood, painted MDF, upholstered fabric, canvas"],"primary_features":["Built-in wardrobe","Study desk","Bed with patterned bedspread","Framed artwork"],"object_types":["Built-in wardrobe","Study desk","Bed","Framed artwork"],"object_features":["Green and beige panels with circular designs","Integrated shelves","Pink and white color scheme","Integrated shelving for books","Patterned bedspread with geometric designs","Soft beige headboard","Illustration of a panda with cultural significance"],"object_materials":["Painted wood, possibly MDF or particle board","Painted wood, possibly particle board","Fabric for bedspread, upholstered headboard","Canvas, possibly MDF for frame"]}","bedroom, modern indian, efficient use of space with built-in furniture, pink, beige, green, white, gray, brown, painted wood, painted mdf, upholstered fabric, canvas, built-in wardrobe, study desk, bed with patterned bedspread, framed artwork, green and beige panels with circular designs, integrated shelves, pink and white color scheme, integrated shelving for books, bed, patterned bedspread with geometric designs, soft beige headboard, illustration of a panda with cultural significance, built-in furniture, cultural artwork, soft lighting"
"Specific Wardrobe Types & Features","Kids wardrobe designs",3,2,66.67,50,"focused_room_search",false,0,"https://solsticeprod.s3.ap-south-1.amazonaws.com/https%3A/%2Fap-south-1.console.aws.amazon.com/s3/buckets/solsticedev%3Fregion%3Dap-south-1%26bucketType%3Dgeneral%26prefix%3Dcms/%26showversions%3Dfalse/WhatsApp%20Image%202023-04-10%20at%209.47.33%20PM.jpeg; https://solsticeprod.s3.ap-south-1.amazonaws.com/https%3A/%2Fap-south-1.console.aws.amazon.com/s3/buckets/solsticedev%3Fregion%3Dap-south-1%26bucketType%3Dgeneral%26prefix%3Dcms/%26showversions%3Dfalse/WhatsApp%20Image%202023-04-10%20at%209.49.50%20PM%20%281%29.jpeg; https://solsticeprod.s3.ap-south-1.amazonaws.com/https%3A/%2Fap-south-1.console.aws.amazon.com/s3/buckets/solsticedev%3Fregion%3Dap-south-1%26bucketType%3Dgeneral%26prefix%3Dcms/%26showversions%3Dfalse/WhatsApp%20Image%202023-04-10%20at%209.49.54%20PM%20%282%29.jpeg","Walk-in wardrobe","Modern Indian design with traditional influences","{"colors":["White","Green","Yellow","Pink"],"materials":["MDF, Paint"],"primary_features":["Built-in wardrobe with multiple storage compartments","Compact organization","Integrated lighting"],"object_types":["Built-in wardrobe"],"object_features":["Multiple compartments for storage","Integrated mirror","Built-in desk space"],"object_materials":["MDF or similar","Painted finish"]}","walk-in wardrobe, modern indian design with traditional influences, efficient use of space with built-in storage, white, green, yellow, pink, mdf, paint, built-in wardrobe with multiple storage compartments, compact organization, integrated lighting, built-in wardrobe, multiple compartments for storage, integrated mirror, built-in desk space, indian interior design, modern indian style, built-in storage, compact design, colorful palette"
"Specific Wardrobe Types & Features","Mirrored wardrobe designs",3,2,66.67,50,"focused_room_search",false,0,"https://solsticeprod.s3.ap-south-1.amazonaws.com/https%3A/%2Fap-south-1.console.aws.amazon.com/s3/buckets/solsticedev%3Fregion%3Dap-south-1%26bucketType%3Dgeneral%26prefix%3Dcms/%26showversions%3Dfalse/WhatsApp%20Image%202023-04-10%20at%209.47.33%20PM.jpeg; https://solsticeprod.s3.ap-south-1.amazonaws.com/https%3A/%2Fap-south-1.console.aws.amazon.com/s3/buckets/solsticedev%3Fregion%3Dap-south-1%26bucketType%3Dgeneral%26prefix%3Dcms/%26showversions%3Dfalse/WhatsApp%20Image%202023-04-10%20at%209.49.50%20PM%20%281%29.jpeg; https://solsticeprod.s3.ap-south-1.amazonaws.com/https%3A/%2Fap-south-1.console.aws.amazon.com/s3/buckets/solsticedev%3Fregion%3Dap-south-1%26bucketType%3Dgeneral%26prefix%3Dcms/%26showversions%3Dfalse/WhatsApp%20Image%202023-04-10%20at%209.49.54%20PM%20%282%29.jpeg","Walk-in wardrobe","Modern Indian design with traditional influences","{"colors":["White","Green","Yellow","Pink"],"materials":["MDF, Paint"],"primary_features":["Built-in wardrobe with multiple storage compartments","Compact organization","Integrated lighting"],"object_types":["Built-in wardrobe"],"object_features":["Multiple compartments for storage","Integrated mirror","Built-in desk space"],"object_materials":["MDF or similar","Painted finish"]}","walk-in wardrobe, modern indian design with traditional influences, efficient use of space with built-in storage, white, green, yellow, pink, mdf, paint, built-in wardrobe with multiple storage compartments, compact organization, integrated lighting, built-in wardrobe, multiple compartments for storage, integrated mirror, built-in desk space, indian interior design, modern indian style, built-in storage, compact design, colorful palette"
"Specific Pooja Unit Types & Features","Wall mounted pooja unit designs",4,3,75,52.5,"focused_room_search",false,0,"https://solsticeprod.s3.ap-south-1.amazonaws.com/https%3A/%2Fap-south-1.console.aws.amazon.com/s3/buckets/solsticedev%3Fregion%3Dap-south-1%26bucketType%3Dgeneral%26prefix%3Dcms/%26showversions%3Dfalse/Screenshot%202024-07-11%20at%201.18.29%E2%80%AFPM.png; https://solsticeprod.s3.ap-south-1.amazonaws.com/https%3A/%2Fap-south-1.console.aws.amazon.com/s3/buckets/solsticedev%3Fregion%3Dap-south-1%26bucketType%3Dgeneral%26prefix%3Dcms/%26showversions%3Dfalse/WhatsApp%20Image%202023-07-10%20at%2013.03.28.jpeg; https://solsticeprod.s3.ap-south-1.amazonaws.com/https%3A/%2Fap-south-1.console.aws.amazon.com/s3/buckets/solsticedev%3Fregion%3Dap-south-1%26bucketType%3Dgeneral%26prefix%3Dcms/%26showversions%3Dfalse/Screenshot%202024-07-11%20at%203.02.26%E2%80%AFPM.png; https://solsticeprod.s3.ap-south-1.amazonaws.com/https%3A/%2Fap-south-1.console.aws.amazon.com/s3/buckets/solsticedev%3Fregion%3Dap-south-1%26bucketType%3Dgeneral%26prefix%3Dcms/%26showversions%3Dfalse/WhatsApp%20Image%202023-07-10%20at%2013.03.28.jpeg","Pooja room","Modern Indian","{"colors":["White","Black","Wooden tone","Gold"],"materials":["Marble","Wood","Metal","Glass"],"primary_features":["Swastik symbol","Pooja cabinet with lattice design","Marble flooring","Wooden cabinets"],"object_types":["Pooja cabinet"],"object_features":["Lattice design on glass panels","Carved OM symbol","Swastik symbol"],"object_materials":["Wood","Glass","Metal"]}","pooja room, modern indian, efficient use of vertical space with cabinet doors behind wall, white, black, wooden tone, gold, marble, wood, metal, glass, swastik symbol, pooja cabinet with lattice design, marble flooring, wooden cabinets, pooja cabinet, lattice design on glass panels, carved om symbol"
"Specific Pooja Unit Types & Features","Floor standing pooja unit designs",4,2,50,38.75,"focused_room_search",false,0,"https://solsticeprod.s3.ap-south-1.amazonaws.com/https%3A/%2Fap-south-1.console.aws.amazon.com/s3/buckets/solsticedev%3Fregion%3Dap-south-1%26bucketType%3Dgeneral%26prefix%3Dcms/%26showversions%3Dfalse/Screenshot%202024-07-11%20at%201.18.29%E2%80%AFPM.png; https://solsticeprod.s3.ap-south-1.amazonaws.com/https%3A/%2Fap-south-1.console.aws.amazon.com/s3/buckets/solsticedev%3Fregion%3Dap-south-1%26bucketType%3Dgeneral%26prefix%3Dcms/%26showversions%3Dfalse/Screenshot%202024-07-11%20at%203.02.26%E2%80%AFPM.png; https://solsticeprod.s3.ap-south-1.amazonaws.com/https%3A/%2Fap-south-1.console.aws.amazon.com/s3/buckets/solsticedev%3Fregion%3Dap-south-1%26bucketType%3Dgeneral%26prefix%3Dcms/%26showversions%3Dfalse/WhatsApp%20Image%202023-07-10%20at%2013.03.28.jpeg; https://solsticeprod.s3.ap-south-1.amazonaws.com/https%3A/%2Fap-south-1.console.aws.amazon.com/s3/buckets/solsticedev%3Fregion%3Dap-south-1%26bucketType%3Dgeneral%26prefix%3Dcms/%26showversions%3Dfalse/WhatsApp%20Image%202023-07-10%20at%2013.03.28.jpeg","Pooja room","Modern Indian","{"colors":["White","Black","Wooden tone","Gold"],"materials":["Marble","Wood","Metal","Glass"],"primary_features":["Swastik symbol","Pooja cabinet with lattice design","Marble flooring","Wooden cabinets"],"object_types":["Pooja cabinet"],"object_features":["Lattice design on glass panels","Carved OM symbol","Swastik symbol"],"object_materials":["Wood","Glass","Metal"]}","pooja room, modern indian, efficient use of vertical space with cabinet doors behind wall, white, black, wooden tone, gold, marble, wood, metal, glass, swastik symbol, pooja cabinet with lattice design, marble flooring, wooden cabinets, pooja cabinet, lattice design on glass panels, carved om symbol"
"Specific Pooja Unit Types & Features","Mandir designs for home",4,0,0,15,"focused_room_search",false,0,"https://solsticeprod.s3.ap-south-1.amazonaws.com/https%3A/%2Fap-south-1.console.aws.amazon.com/s3/buckets/solsticedev%3Fregion%3Dap-south-1%26bucketType%3Dgeneral%26prefix%3Dcms/%26showversions%3Dfalse/Screenshot%202024-07-11%20at%203.02.26%E2%80%AFPM.png; https://solsticeprod.s3.ap-south-1.amazonaws.com/https%3A/%2Fap-south-1.console.aws.amazon.com/s3/buckets/solsticedev%3Fregion%3Dap-south-1%26bucketType%3Dgeneral%26prefix%3Dcms/%26showversions%3Dfalse/WhatsApp%20Image%202023-07-10%20at%2013.03.28.jpeg; https://solsticeprod.s3.ap-south-1.amazonaws.com/https%3A/%2Fap-south-1.console.aws.amazon.com/s3/buckets/solsticedev%3Fregion%3Dap-south-1%26bucketType%3Dgeneral%26prefix%3Dcms/%26showversions%3Dfalse/WhatsApp%20Image%202023-07-10%20at%2013.03.28.jpeg; https://solsticeprod.s3.ap-south-1.amazonaws.com/https%3A/%2Fap-south-1.console.aws.amazon.com/s3/buckets/solsticedev%3Fregion%3Dap-south-1%26bucketType%3Dgeneral%26prefix%3Dcms/%26showversions%3Dfalse/Screenshot%202024-07-11%20at%201.18.29%E2%80%AFPM.png","worship room","contemporary with traditional Indian elements","{"colors":["white","gold","brown","colorful religious icons"],"materials":["wood","glass","metal"],"primary_features":["glass doors with decorative cutouts","carved wooden elements","religious icons"],"object_types":["pooja cabinet"],"object_features":["glass doors with decorative cutouts","carved wooden elements","religious icons"],"object_materials":["wood","glass","metal"]}","worship room, contemporary with traditional indian elements, efficient use of vertical space for storage and display, white, gold, brown, colorful religious icons, wood, glass, metal, glass doors with decorative cutouts, carved wooden elements, religious icons, pooja cabinet"
"Specific Pooja Unit Types & Features","Pooja room designs",4,4,100,80,"focused_room_search",false,0,"https://solsticeprod.s3.ap-south-1.amazonaws.com/https%3A/%2Fap-south-1.console.aws.amazon.com/s3/buckets/solsticedev%3Fregion%3Dap-south-1%26bucketType%3Dgeneral%26prefix%3Dcms/%26showversions%3Dfalse/Screenshot%202024-07-11%20at%201.18.29%E2%80%AFPM.png; https://solsticeprod.s3.ap-south-1.amazonaws.com/https%3A/%2Fap-south-1.console.aws.amazon.com/s3/buckets/solsticedev%3Fregion%3Dap-south-1%26bucketType%3Dgeneral%26prefix%3Dcms/%26showversions%3Dfalse/Screenshot%202024-07-11%20at%203.02.26%E2%80%AFPM.png; https://solsticeprod.s3.ap-south-1.amazonaws.com/https%3A/%2Fap-south-1.console.aws.amazon.com/s3/buckets/solsticedev%3Fregion%3Dap-south-1%26bucketType%3Dgeneral%26prefix%3Dcms/%26showversions%3Dfalse/WhatsApp%20Image%202023-07-10%20at%2013.03.28.jpeg; https://solsticeprod.s3.ap-south-1.amazonaws.com/https%3A/%2Fap-south-1.console.aws.amazon.com/s3/buckets/solsticedev%3Fregion%3Dap-south-1%26bucketType%3Dgeneral%26prefix%3Dcms/%26showversions%3Dfalse/WhatsApp%20Image%202023-07-10%20at%2013.03.28.jpeg","Pooja room","Modern Indian","{"colors":["White","Black","Wooden tone","Gold"],"materials":["Marble","Wood","Metal","Glass"],"primary_features":["Swastik symbol","Pooja cabinet with lattice design","Marble flooring","Wooden cabinets"],"object_types":["Pooja cabinet"],"object_features":["Lattice design on glass panels","Carved OM symbol","Swastik symbol"],"object_materials":["Wood","Glass","Metal"]}","pooja room, modern indian, efficient use of vertical space with cabinet doors behind wall, white, black, wooden tone, gold, marble, wood, metal, glass, swastik symbol, pooja cabinet with lattice design, marble flooring, wooden cabinets, pooja cabinet, lattice design on glass panels, carved om symbol"
"General False Ceiling Design","Indian false ceiling interior design",20,20,100,94.15,"enhanced_object_search",false,0,"https://solsticeprod.s3.ap-south-1.amazonaws.com/https%3A/%2Fap-south-1.console.aws.amazon.com/s3/buckets/solsticedev%3Fregion%3Dap-south-1%26bucketType%3Dgeneral%26prefix%3Dcms/%26showversions%3Dfalse/ABN00678.JPG; https://solsticeprod.s3.ap-south-1.amazonaws.com/https%3A/%2Fap-south-1.console.aws.amazon.com/s3/buckets/solsticedev%3Fregion%3Dap-south-1%26bucketType%3Dgeneral%26prefix%3Dcms/%26showversions%3Dfalse/Screenshot%202024-07-11%20at%203.02.01%E2%80%AFPM.png; https://solsticeprod.s3.ap-south-1.amazonaws.com/https%3A/%2Fap-south-1.console.aws.amazon.com/s3/buckets/solsticedev%3Fregion%3Dap-south-1%26bucketType%3Dgeneral%26prefix%3Dcms/%26showversions%3Dfalse/Screenshot%202024-07-11%20at%201.18.16%E2%80%AFPM.png; https://solsticeprod.s3.ap-south-1.amazonaws.com/https%3A/%2Fap-south-1.console.aws.amazon.com/s3/buckets/solsticedev%3Fregion%3Dap-south-1%26bucketType%3Dgeneral%26prefix%3Dcms/%26showversions%3Dfalse/Screenshot%202024-07-11%20at%203.01.08%E2%80%AFPM.png; https://solsticeprod.s3.ap-south-1.amazonaws.com/https%3A/%2Fap-south-1.console.aws.amazon.com/s3/buckets/solsticedev%3Fregion%3Dap-south-1%26bucketType%3Dgeneral%26prefix%3Dcms/%26showversions%3Dfalse/ABN00681.JPG; https://solsticeprod.s3.ap-south-1.amazonaws.com/https%3A/%2Fap-south-1.console.aws.amazon.com/s3/buckets/solsticedev%3Fregion%3Dap-south-1%26bucketType%3Dgeneral%26prefix%3Dcms/%26showversions%3Dfalse/Screenshot%202024-07-11%20at%201.23.08%E2%80%AFPM.png; https://solsticeprod.s3.ap-south-1.amazonaws.com/https%3A/%2Fap-south-1.console.aws.amazon.com/s3/buckets/solsticedev%3Fregion%3Dap-south-1%26bucketType%3Dgeneral%26prefix%3Dcms/%26showversions%3Dfalse/Screenshot%202024-07-11%20at%201.18.08%E2%80%AFPM.png; https://solsticeprod.s3.ap-south-1.amazonaws.com/https%3A/%2Fap-south-1.console.aws.amazon.com/s3/buckets/solsticedev%3Fregion%3Dap-south-1%26bucketType%3Dgeneral%26prefix%3Dcms/%26showversions%3Dfalse/ABN00623.JPG; https://solsticeprod.s3.ap-south-1.amazonaws.com/https%3A/%2Fap-south-1.console.aws.amazon.com/s3/buckets/solsticedev%3Fregion%3Dap-south-1%26bucketType%3Dgeneral%26prefix%3Dcms/%26showversions%3Dfalse/Screenshot%202024-07-11%20at%201.23.18%E2%80%AFPM.png; https://solsticeprod.s3.ap-south-1.amazonaws.com/https%3A/%2Fap-south-1.console.aws.amazon.com/s3/buckets/solsticedev%3Fregion%3Dap-south-1%26bucketType%3Dgeneral%26prefix%3Dcms/%26showversions%3Dfalse/Screenshot%202024-07-11%20at%203.11.13%E2%80%AFPM.png; https://solsticeprod.s3.ap-south-1.amazonaws.com/https%3A/%2Fap-south-1.console.aws.amazon.com/s3/buckets/solsticedev%3Fregion%3Dap-south-1%26bucketType%3Dgeneral%26prefix%3Dcms/%26showversions%3Dfalse/Screenshot%202024-07-11%20at%203.01.18%E2%80%AFPM.png; https://solsticeprod.s3.ap-south-1.amazonaws.com/https%3A/%2Fap-south-1.console.aws.amazon.com/s3/buckets/solsticedev%3Fregion%3Dap-south-1%26bucketType%3Dgeneral%26prefix%3Dcms/%26showversions%3Dfalse/Screenshot%202024-07-11%20at%203.01.48%E2%80%AFPM.png; https://solsticeprod.s3.ap-south-1.amazonaws.com/https%3A/%2Fap-south-1.console.aws.amazon.com/s3/buckets/solsticedev%3Fregion%3Dap-south-1%26bucketType%3Dgeneral%26prefix%3Dcms/%26showversions%3Dfalse/ABN00593.JPG; https://solsticeprod.s3.ap-south-1.amazonaws.com/https%3A/%2Fap-south-1.console.aws.amazon.com/s3/buckets/solsticedev%3Fregion%3Dap-south-1%26bucketType%3Dgeneral%26prefix%3Dcms/%26showversions%3Dfalse/Screenshot%202024-07-11%20at%203.01.24%E2%80%AFPM.png; https://solsticeprod.s3.ap-south-1.amazonaws.com/https%3A/%2Fap-south-1.console.aws.amazon.com/s3/buckets/solsticedev%3Fregion%3Dap-south-1%26bucketType%3Dgeneral%26prefix%3Dcms/%26showversions%3Dfalse/Screenshot%202024-07-11%20at%203.02.13%E2%80%AFPM.png; https://solsticeprod.s3.ap-south-1.amazonaws.com/https%3A/%2Fap-south-1.console.aws.amazon.com/s3/buckets/solsticedev%3Fregion%3Dap-south-1%26bucketType%3Dgeneral%26prefix%3Dcms/%26showversions%3Dfalse/WhatsApp%20Image%202023-07-10%20at%2013.03.29.jpeg; https://solsticeprod.s3.ap-south-1.amazonaws.com/https%3A/%2Fap-south-1.console.aws.amazon.com/s3/buckets/solsticedev%3Fregion%3Dap-south-1%26bucketType%3Dgeneral%26prefix%3Dcms/%26showversions%3Dfalse/WhatsApp%20Image%202023-04-10%20at%209.47.30%20PM.jpeg; https://solsticeprod.s3.ap-south-1.amazonaws.com/https%3A/%2Fap-south-1.console.aws.amazon.com/s3/buckets/solsticedev%3Fregion%3Dap-south-1%26bucketType%3Dgeneral%26prefix%3Dcms/%26showversions%3Dfalse/WhatsApp%20Image%202023-07-10%20at%2013.03.21%20%281%29.jpeg; https://solsticeprod.s3.ap-south-1.amazonaws.com/https%3A/%2Fap-south-1.console.aws.amazon.com/s3/buckets/solsticedev%3Fregion%3Dap-south-1%26bucketType%3Dgeneral%26prefix%3Dcms/%26showversions%3Dfalse/Screenshot%202024-07-11%20at%201.18.03%E2%80%AFPM.png; https://solsticeprod.s3.ap-south-1.amazonaws.com/https%3A/%2Fap-south-1.console.aws.amazon.com/s3/buckets/solsticedev%3Fregion%3Dap-south-1%26bucketType%3Dgeneral%26prefix%3Dcms/%26showversions%3Dfalse/WhatsApp%20Image%202023-04-10%20at%209.49.55%20PM.jpeg","sitting room","contemporary indian","{}","sitting room, contemporary indian, efficient use of the space with a sofa placed near the window for natural light and a small table for decor, brown, beige, white, green, black, wood, marble, fabric, glass, wooden ceiling beams, carved wooden door, brown sofa with cushions, marble flooring, patterned curtains, decorative wall sconces, sofa, brown upholstery, curved armrests, sequin pillow, decorative wall sconce, copper finish, decorative design, decorative carvings, brass accents, panel design, exposed beams, tree branch pattern, sheer fabric, southern indian, carved door, brown sofa"
"General False Ceiling Design","Simple modern false ceiling design Indian apartments",20,20,100,97,"enhanced_object_search",false,0,"https://solsticeprod.s3.ap-south-1.amazonaws.com/https%3A/%2Fap-south-1.console.aws.amazon.com/s3/buckets/solsticedev%3Fregion%3Dap-south-1%26bucketType%3Dgeneral%26prefix%3Dcms/%26showversions%3Dfalse/Screenshot%202024-07-11%20at%201.18.16%E2%80%AFPM.png; https://solsticeprod.s3.ap-south-1.amazonaws.com/https%3A/%2Fap-south-1.console.aws.amazon.com/s3/buckets/solsticedev%3Fregion%3Dap-south-1%26bucketType%3Dgeneral%26prefix%3Dcms/%26showversions%3Dfalse/ABN00678.JPG; https://solsticeprod.s3.ap-south-1.amazonaws.com/https%3A/%2Fap-south-1.console.aws.amazon.com/s3/buckets/solsticedev%3Fregion%3Dap-south-1%26bucketType%3Dgeneral%26prefix%3Dcms/%26showversions%3Dfalse/ABN00681.JPG; https://solsticeprod.s3.ap-south-1.amazonaws.com/https%3A/%2Fap-south-1.console.aws.amazon.com/s3/buckets/solsticedev%3Fregion%3Dap-south-1%26bucketType%3Dgeneral%26prefix%3Dcms/%26showversions%3Dfalse/Screenshot%202024-07-11%20at%201.23.08%E2%80%AFPM.png; https://solsticeprod.s3.ap-south-1.amazonaws.com/https%3A/%2Fap-south-1.console.aws.amazon.com/s3/buckets/solsticedev%3Fregion%3Dap-south-1%26bucketType%3Dgeneral%26prefix%3Dcms/%26showversions%3Dfalse/WhatsApp%20Image%202023-04-10%20at%209.47.28%20PM%20%282%29.jpeg; https://solsticeprod.s3.ap-south-1.amazonaws.com/https%3A/%2Fap-south-1.console.aws.amazon.com/s3/buckets/solsticedev%3Fregion%3Dap-south-1%26bucketType%3Dgeneral%26prefix%3Dcms/%26showversions%3Dfalse/Screenshot%202024-07-11%20at%201.18.08%E2%80%AFPM.png; https://solsticeprod.s3.ap-south-1.amazonaws.com/https%3A/%2Fap-south-1.console.aws.amazon.com/s3/buckets/solsticedev%3Fregion%3Dap-south-1%26bucketType%3Dgeneral%26prefix%3Dcms/%26showversions%3Dfalse/Screenshot%202024-07-11%20at%203.01.08%E2%80%AFPM.png; https://solsticeprod.s3.ap-south-1.amazonaws.com/https%3A/%2Fap-south-1.console.aws.amazon.com/s3/buckets/solsticedev%3Fregion%3Dap-south-1%26bucketType%3Dgeneral%26prefix%3Dcms/%26showversions%3Dfalse/Screenshot%202024-07-11%20at%203.02.01%E2%80%AFPM.png; https://solsticeprod.s3.ap-south-1.amazonaws.com/https%3A/%2Fap-south-1.console.aws.amazon.com/s3/buckets/solsticedev%3Fregion%3Dap-south-1%26bucketType%3Dgeneral%26prefix%3Dcms/%26showversions%3Dfalse/ABN00623.JPG; https://solsticeprod.s3.ap-south-1.amazonaws.com/https%3A/%2Fap-south-1.console.aws.amazon.com/s3/buckets/solsticedev%3Fregion%3Dap-south-1%26bucketType%3Dgeneral%26prefix%3Dcms/%26showversions%3Dfalse/Screenshot%202024-07-11%20at%201.23.18%E2%80%AFPM.png; https://solsticeprod.s3.ap-south-1.amazonaws.com/https%3A/%2Fap-south-1.console.aws.amazon.com/s3/buckets/solsticedev%3Fregion%3Dap-south-1%26bucketType%3Dgeneral%26prefix%3Dcms/%26showversions%3Dfalse/Screenshot%202024-07-11%20at%203.11.13%E2%80%AFPM.png; https://solsticeprod.s3.ap-south-1.amazonaws.com/https%3A/%2Fap-south-1.console.aws.amazon.com/s3/buckets/solsticedev%3Fregion%3Dap-south-1%26bucketType%3Dgeneral%26prefix%3Dcms/%26showversions%3Dfalse/Screenshot%202024-07-11%20at%203.01.18%E2%80%AFPM.png; https://solsticeprod.s3.ap-south-1.amazonaws.com/https%3A/%2Fap-south-1.console.aws.amazon.com/s3/buckets/solsticedev%3Fregion%3Dap-south-1%26bucketType%3Dgeneral%26prefix%3Dcms/%26showversions%3Dfalse/Screenshot%202024-07-11%20at%203.01.24%E2%80%AFPM.png; https://solsticeprod.s3.ap-south-1.amazonaws.com/https%3A/%2Fap-south-1.console.aws.amazon.com/s3/buckets/solsticedev%3Fregion%3Dap-south-1%26bucketType%3Dgeneral%26prefix%3Dcms/%26showversions%3Dfalse/Screenshot%202024-07-11%20at%203.01.48%E2%80%AFPM.png; https://solsticeprod.s3.ap-south-1.amazonaws.com/https%3A/%2Fap-south-1.console.aws.amazon.com/s3/buckets/solsticedev%3Fregion%3Dap-south-1%26bucketType%3Dgeneral%26prefix%3Dcms/%26showversions%3Dfalse/ABN00593.JPG; https://solsticeprod.s3.ap-south-1.amazonaws.com/https%3A/%2Fap-south-1.console.aws.amazon.com/s3/buckets/solsticedev%3Fregion%3Dap-south-1%26bucketType%3Dgeneral%26prefix%3Dcms/%26showversions%3Dfalse/Screenshot%202024-07-11%20at%201.23.30%E2%80%AFPM.png; https://solsticeprod.s3.ap-south-1.amazonaws.com/https%3A/%2Fap-south-1.console.aws.amazon.com/s3/buckets/solsticedev%3Fregion%3Dap-south-1%26bucketType%3Dgeneral%26prefix%3Dcms/%26showversions%3Dfalse/Screenshot%202024-07-11%20at%203.02.13%E2%80%AFPM.png; https://solsticeprod.s3.ap-south-1.amazonaws.com/https%3A/%2Fap-south-1.console.aws.amazon.com/s3/buckets/solsticedev%3Fregion%3Dap-south-1%26bucketType%3Dgeneral%26prefix%3Dcms/%26showversions%3Dfalse/3-2.jpg; https://solsticeprod.s3.ap-south-1.amazonaws.com/https%3A/%2Fap-south-1.console.aws.amazon.com/s3/buckets/solsticedev%3Fregion%3Dap-south-1%26bucketType%3Dgeneral%26prefix%3Dcms/%26showversions%3Dfalse/WhatsApp%20Image%202023-04-10%20at%209.47.30%20PM.jpeg; https://solsticeprod.s3.ap-south-1.amazonaws.com/https%3A/%2Fap-south-1.console.aws.amazon.com/s3/buckets/solsticedev%3Fregion%3Dap-south-1%26bucketType%3Dgeneral%26prefix%3Dcms/%26showversions%3Dfalse/WhatsApp%20Image%202023-07-10%20at%2013.03.29.jpeg","entryway/bathroom","modern minimalist with indian influences","{}","entryway/bathroom, modern minimalist with indian influences, efficient use of vertical space, white, brown, marble, gold, gray, wood, metal, ceramic, marble flooring, wooden cabinets, round mirror, wall-mounted shelves, wall-mounted cabinets, vertical shelves, cabinet doors, glass inserts, wooden frame, circular shape, marble countertop, integrated sink, smooth surface, wooden storage units, vertical storage, horizontal slats, vases, modern design, colorful, simple shapes, modern minimalist, indian influences"
"General False Ceiling Design","Modern Indian false ceiling designs",20,20,100,95.05,"enhanced_object_search",false,0,"https://solsticeprod.s3.ap-south-1.amazonaws.com/https%3A/%2Fap-south-1.console.aws.amazon.com/s3/buckets/solsticedev%3Fregion%3Dap-south-1%26bucketType%3Dgeneral%26prefix%3Dcms/%26showversions%3Dfalse/ABN00678.JPG; https://solsticeprod.s3.ap-south-1.amazonaws.com/https%3A/%2Fap-south-1.console.aws.amazon.com/s3/buckets/solsticedev%3Fregion%3Dap-south-1%26bucketType%3Dgeneral%26prefix%3Dcms/%26showversions%3Dfalse/Screenshot%202024-07-11%20at%201.18.16%E2%80%AFPM.png; https://solsticeprod.s3.ap-south-1.amazonaws.com/https%3A/%2Fap-south-1.console.aws.amazon.com/s3/buckets/solsticedev%3Fregion%3Dap-south-1%26bucketType%3Dgeneral%26prefix%3Dcms/%26showversions%3Dfalse/ABN00681.JPG; https://solsticeprod.s3.ap-south-1.amazonaws.com/https%3A/%2Fap-south-1.console.aws.amazon.com/s3/buckets/solsticedev%3Fregion%3Dap-south-1%26bucketType%3Dgeneral%26prefix%3Dcms/%26showversions%3Dfalse/Screenshot%202024-07-11%20at%203.02.01%E2%80%AFPM.png; https://solsticeprod.s3.ap-south-1.amazonaws.com/https%3A/%2Fap-south-1.console.aws.amazon.com/s3/buckets/solsticedev%3Fregion%3Dap-south-1%26bucketType%3Dgeneral%26prefix%3Dcms/%26showversions%3Dfalse/Screenshot%202024-07-11%20at%201.23.08%E2%80%AFPM.png; https://solsticeprod.s3.ap-south-1.amazonaws.com/https%3A/%2Fap-south-1.console.aws.amazon.com/s3/buckets/solsticedev%3Fregion%3Dap-south-1%26bucketType%3Dgeneral%26prefix%3Dcms/%26showversions%3Dfalse/Screenshot%202024-07-11%20at%201.18.08%E2%80%AFPM.png; https://solsticeprod.s3.ap-south-1.amazonaws.com/https%3A/%2Fap-south-1.console.aws.amazon.com/s3/buckets/solsticedev%3Fregion%3Dap-south-1%26bucketType%3Dgeneral%26prefix%3Dcms/%26showversions%3Dfalse/WhatsApp%20Image%202023-04-10%20at%209.47.28%20PM%20%282%29.jpeg; https://solsticeprod.s3.ap-south-1.amazonaws.com/https%3A/%2Fap-south-1.console.aws.amazon.com/s3/buckets/solsticedev%3Fregion%3Dap-south-1%26bucketType%3Dgeneral%26prefix%3Dcms/%26showversions%3Dfalse/ABN00623.JPG; https://solsticeprod.s3.ap-south-1.amazonaws.com/https%3A/%2Fap-south-1.console.aws.amazon.com/s3/buckets/solsticedev%3Fregion%3Dap-south-1%26bucketType%3Dgeneral%26prefix%3Dcms/%26showversions%3Dfalse/Screenshot%202024-07-11%20at%203.01.08%E2%80%AFPM.png; https://solsticeprod.s3.ap-south-1.amazonaws.com/https%3A/%2Fap-south-1.console.aws.amazon.com/s3/buckets/solsticedev%3Fregion%3Dap-south-1%26bucketType%3Dgeneral%26prefix%3Dcms/%26showversions%3Dfalse/ABN00593.JPG; https://solsticeprod.s3.ap-south-1.amazonaws.com/https%3A/%2Fap-south-1.console.aws.amazon.com/s3/buckets/solsticedev%3Fregion%3Dap-south-1%26bucketType%3Dgeneral%26prefix%3Dcms/%26showversions%3Dfalse/Screenshot%202024-07-11%20at%203.11.13%E2%80%AFPM.png; https://solsticeprod.s3.ap-south-1.amazonaws.com/https%3A/%2Fap-south-1.console.aws.amazon.com/s3/buckets/solsticedev%3Fregion%3Dap-south-1%26bucketType%3Dgeneral%26prefix%3Dcms/%26showversions%3Dfalse/Screenshot%202024-07-11%20at%203.01.48%E2%80%AFPM.png; https://solsticeprod.s3.ap-south-1.amazonaws.com/https%3A/%2Fap-south-1.console.aws.amazon.com/s3/buckets/solsticedev%3Fregion%3Dap-south-1%26bucketType%3Dgeneral%26prefix%3Dcms/%26showversions%3Dfalse/Screenshot%202024-07-11%20at%203.01.18%E2%80%AFPM.png; https://solsticeprod.s3.ap-south-1.amazonaws.com/https%3A/%2Fap-south-1.console.aws.amazon.com/s3/buckets/solsticedev%3Fregion%3Dap-south-1%26bucketType%3Dgeneral%26prefix%3Dcms/%26showversions%3Dfalse/Screenshot%202024-07-11%20at%203.01.24%E2%80%AFPM.png; https://solsticeprod.s3.ap-south-1.amazonaws.com/https%3A/%2Fap-south-1.console.aws.amazon.com/s3/buckets/solsticedev%3Fregion%3Dap-south-1%26bucketType%3Dgeneral%26prefix%3Dcms/%26showversions%3Dfalse/Screenshot%202024-07-11%20at%203.02.13%E2%80%AFPM.png; https://solsticeprod.s3.ap-south-1.amazonaws.com/https%3A/%2Fap-south-1.console.aws.amazon.com/s3/buckets/solsticedev%3Fregion%3Dap-south-1%26bucketType%3Dgeneral%26prefix%3Dcms/%26showversions%3Dfalse/WhatsApp%20Image%202023-04-10%20at%209.47.30%20PM.jpeg; https://solsticeprod.s3.ap-south-1.amazonaws.com/https%3A/%2Fap-south-1.console.aws.amazon.com/s3/buckets/solsticedev%3Fregion%3Dap-south-1%26bucketType%3Dgeneral%26prefix%3Dcms/%26showversions%3Dfalse/WhatsApp%20Image%202023-07-10%20at%2013.03.21%20%281%29.jpeg; https://solsticeprod.s3.ap-south-1.amazonaws.com/https%3A/%2Fap-south-1.console.aws.amazon.com/s3/buckets/solsticedev%3Fregion%3Dap-south-1%26bucketType%3Dgeneral%26prefix%3Dcms/%26showversions%3Dfalse/Screenshot%202024-07-11%20at%201.18.03%E2%80%AFPM.png; https://solsticeprod.s3.ap-south-1.amazonaws.com/https%3A/%2Fap-south-1.console.aws.amazon.com/s3/buckets/solsticedev%3Fregion%3Dap-south-1%26bucketType%3Dgeneral%26prefix%3Dcms/%26showversions%3Dfalse/WhatsApp%20Image%202023-04-10%20at%209.49.55%20PM.jpeg; https://solsticeprod.s3.ap-south-1.amazonaws.com/https%3A/%2Fap-south-1.console.aws.amazon.com/s3/buckets/solsticedev%3Fregion%3Dap-south-1%26bucketType%3Dgeneral%26prefix%3Dcms/%26showversions%3Dfalse/ABN00640.JPG","sitting room","contemporary indian","{}","sitting room, contemporary indian, efficient use of the space with a sofa placed near the window for natural light and a small table for decor, brown, beige, white, green, black, wood, marble, fabric, glass, wooden ceiling beams, carved wooden door, brown sofa with cushions, marble flooring, patterned curtains, decorative wall sconces, sofa, brown upholstery, curved armrests, sequin pillow, decorative wall sconce, copper finish, decorative design, decorative carvings, brass accents, panel design, exposed beams, tree branch pattern, sheer fabric, southern indian, carved door, brown sofa"
"General False Ceiling Design","Traditional Indian false ceiling decor",20,18,90,85.55,"enhanced_object_search",false,0,"https://solsticeprod.s3.ap-south-1.amazonaws.com/https%3A/%2Fap-south-1.console.aws.amazon.com/s3/buckets/solsticedev%3Fregion%3Dap-south-1%26bucketType%3Dgeneral%26prefix%3Dcms/%26showversions%3Dfalse/ABN00678.JPG; https://solsticeprod.s3.ap-south-1.amazonaws.com/https%3A/%2Fap-south-1.console.aws.amazon.com/s3/buckets/solsticedev%3Fregion%3Dap-south-1%26bucketType%3Dgeneral%26prefix%3Dcms/%26showversions%3Dfalse/ABN00681.JPG; https://solsticeprod.s3.ap-south-1.amazonaws.com/https%3A/%2Fap-south-1.console.aws.amazon.com/s3/buckets/solsticedev%3Fregion%3Dap-south-1%26bucketType%3Dgeneral%26prefix%3Dcms/%26showversions%3Dfalse/Screenshot%202024-07-11%20at%201.23.08%E2%80%AFPM.png; https://solsticeprod.s3.ap-south-1.amazonaws.com/https%3A/%2Fap-south-1.console.aws.amazon.com/s3/buckets/solsticedev%3Fregion%3Dap-south-1%26bucketType%3Dgeneral%26prefix%3Dcms/%26showversions%3Dfalse/ABN00623.JPG; https://solsticeprod.s3.ap-south-1.amazonaws.com/https%3A/%2Fap-south-1.console.aws.amazon.com/s3/buckets/solsticedev%3Fregion%3Dap-south-1%26bucketType%3Dgeneral%26prefix%3Dcms/%26showversions%3Dfalse/Screenshot%202024-07-11%20at%203.01.08%E2%80%AFPM.png; https://solsticeprod.s3.ap-south-1.amazonaws.com/https%3A/%2Fap-south-1.console.aws.amazon.com/s3/buckets/solsticedev%3Fregion%3Dap-south-1%26bucketType%3Dgeneral%26prefix%3Dcms/%26showversions%3Dfalse/Screenshot%202024-07-11%20at%201.18.08%E2%80%AFPM.png; https://solsticeprod.s3.ap-south-1.amazonaws.com/https%3A/%2Fap-south-1.console.aws.amazon.com/s3/buckets/solsticedev%3Fregion%3Dap-south-1%26bucketType%3Dgeneral%26prefix%3Dcms/%26showversions%3Dfalse/Screenshot%202024-07-11%20at%203.11.13%E2%80%AFPM.png; https://solsticeprod.s3.ap-south-1.amazonaws.com/https%3A/%2Fap-south-1.console.aws.amazon.com/s3/buckets/solsticedev%3Fregion%3Dap-south-1%26bucketType%3Dgeneral%26prefix%3Dcms/%26showversions%3Dfalse/ABN00593.JPG; https://solsticeprod.s3.ap-south-1.amazonaws.com/https%3A/%2Fap-south-1.console.aws.amazon.com/s3/buckets/solsticedev%3Fregion%3Dap-south-1%26bucketType%3Dgeneral%26prefix%3Dcms/%26showversions%3Dfalse/Screenshot%202024-07-11%20at%203.01.48%E2%80%AFPM.png; https://solsticeprod.s3.ap-south-1.amazonaws.com/https%3A/%2Fap-south-1.console.aws.amazon.com/s3/buckets/solsticedev%3Fregion%3Dap-south-1%26bucketType%3Dgeneral%26prefix%3Dcms/%26showversions%3Dfalse/Screenshot%202024-07-11%20at%203.02.13%E2%80%AFPM.png; https://solsticeprod.s3.ap-south-1.amazonaws.com/https%3A/%2Fap-south-1.console.aws.amazon.com/s3/buckets/solsticedev%3Fregion%3Dap-south-1%26bucketType%3Dgeneral%26prefix%3Dcms/%26showversions%3Dfalse/WhatsApp%20Image%202023-04-10%20at%209.47.30%20PM.jpeg; https://solsticeprod.s3.ap-south-1.amazonaws.com/https%3A/%2Fap-south-1.console.aws.amazon.com/s3/buckets/solsticedev%3Fregion%3Dap-south-1%26bucketType%3Dgeneral%26prefix%3Dcms/%26showversions%3Dfalse/WhatsApp%20Image%202023-07-10%20at%2013.03.21%20%281%29.jpeg; https://solsticeprod.s3.ap-south-1.amazonaws.com/https%3A/%2Fap-south-1.console.aws.amazon.com/s3/buckets/solsticedev%3Fregion%3Dap-south-1%26bucketType%3Dgeneral%26prefix%3Dcms/%26showversions%3Dfalse/ABN00640.JPG; https://solsticeprod.s3.ap-south-1.amazonaws.com/https%3A/%2Fap-south-1.console.aws.amazon.com/s3/buckets/solsticedev%3Fregion%3Dap-south-1%26bucketType%3Dgeneral%26prefix%3Dcms/%26showversions%3Dfalse/WhatsApp%20Image%202023-04-10%20at%209.49.55%20PM.jpeg; https://solsticeprod.s3.ap-south-1.amazonaws.com/https%3A/%2Fap-south-1.console.aws.amazon.com/s3/buckets/solsticedev%3Fregion%3Dap-south-1%26bucketType%3Dgeneral%26prefix%3Dcms/%26showversions%3Dfalse/Screenshot%202024-07-11%20at%201.18.03%E2%80%AFPM.png; https://solsticeprod.s3.ap-south-1.amazonaws.com/https%3A/%2Fap-south-1.console.aws.amazon.com/s3/buckets/solsticedev%3Fregion%3Dap-south-1%26bucketType%3Dgeneral%26prefix%3Dcms/%26showversions%3Dfalse/WhatsApp%20Image%202023-04-10%20at%209.47.33%20PM.jpeg; https://solsticeprod.s3.ap-south-1.amazonaws.com/https%3A/%2Fap-south-1.console.aws.amazon.com/s3/buckets/solsticedev%3Fregion%3Dap-south-1%26bucketType%3Dgeneral%26prefix%3Dcms/%26showversions%3Dfalse/Screenshot%202024-07-11%20at%203.02.26%E2%80%AFPM.png; https://solsticeprod.s3.ap-south-1.amazonaws.com/https%3A/%2Fap-south-1.console.aws.amazon.com/s3/buckets/solsticedev%3Fregion%3Dap-south-1%26bucketType%3Dgeneral%26prefix%3Dcms/%26showversions%3Dfalse/WhatsApp%20Image%202023-07-10%20at%2013.03.28.jpeg; https://solsticeprod.s3.ap-south-1.amazonaws.com/https%3A/%2Fap-south-1.console.aws.amazon.com/s3/buckets/solsticedev%3Fregion%3Dap-south-1%26bucketType%3Dgeneral%26prefix%3Dcms/%26showversions%3Dfalse/Screenshot%202024-07-11%20at%203.02.06%E2%80%AFPM.png; https://solsticeprod.s3.ap-south-1.amazonaws.com/https%3A/%2Fap-south-1.console.aws.amazon.com/s3/buckets/solsticedev%3Fregion%3Dap-south-1%26bucketType%3Dgeneral%26prefix%3Dcms/%26showversions%3Dfalse/Screenshot%202024-07-11%20at%201.23.18%E2%80%AFPM.png","sitting room","contemporary indian","{}","sitting room, contemporary indian, efficient use of the space with a sofa placed near the window for natural light and a small table for decor, brown, beige, white, green, black, wood, marble, fabric, glass, wooden ceiling beams, carved wooden door, brown sofa with cushions, marble flooring, patterned curtains, decorative wall sconces, sofa, brown upholstery, curved armrests, sequin pillow, decorative wall sconce, copper finish, decorative design, decorative carvings, brass accents, panel design, exposed beams, tree branch pattern, sheer fabric, southern indian, carved door, brown sofa"
"General False Ceiling Design","Contemporary Indian false ceilings",20,20,100,97.6,"enhanced_object_search",false,0,"https://solsticeprod.s3.ap-south-1.amazonaws.com/https%3A/%2Fap-south-1.console.aws.amazon.com/s3/buckets/solsticedev%3Fregion%3Dap-south-1%26bucketType%3Dgeneral%26prefix%3Dcms/%26showversions%3Dfalse/ABN00678.JPG; https://solsticeprod.s3.ap-south-1.amazonaws.com/https%3A/%2Fap-south-1.console.aws.amazon.com/s3/buckets/solsticedev%3Fregion%3Dap-south-1%26bucketType%3Dgeneral%26prefix%3Dcms/%26showversions%3Dfalse/Screenshot%202024-07-11%20at%201.23.08%E2%80%AFPM.png; https://solsticeprod.s3.ap-south-1.amazonaws.com/https%3A/%2Fap-south-1.console.aws.amazon.com/s3/buckets/solsticedev%3Fregion%3Dap-south-1%26bucketType%3Dgeneral%26prefix%3Dcms/%26showversions%3Dfalse/Screenshot%202024-07-11%20at%203.02.01%E2%80%AFPM.png; https://solsticeprod.s3.ap-south-1.amazonaws.com/https%3A/%2Fap-south-1.console.aws.amazon.com/s3/buckets/solsticedev%3Fregion%3Dap-south-1%26bucketType%3Dgeneral%26prefix%3Dcms/%26showversions%3Dfalse/ABN00623.JPG; https://solsticeprod.s3.ap-south-1.amazonaws.com/https%3A/%2Fap-south-1.console.aws.amazon.com/s3/buckets/solsticedev%3Fregion%3Dap-south-1%26bucketType%3Dgeneral%26prefix%3Dcms/%26showversions%3Dfalse/Screenshot%202024-07-11%20at%201.18.08%E2%80%AFPM.png; https://solsticeprod.s3.ap-south-1.amazonaws.com/https%3A/%2Fap-south-1.console.aws.amazon.com/s3/buckets/solsticedev%3Fregion%3Dap-south-1%26bucketType%3Dgeneral%26prefix%3Dcms/%26showversions%3Dfalse/Screenshot%202024-07-11%20at%203.01.08%E2%80%AFPM.png; https://solsticeprod.s3.ap-south-1.amazonaws.com/https%3A/%2Fap-south-1.console.aws.amazon.com/s3/buckets/solsticedev%3Fregion%3Dap-south-1%26bucketType%3Dgeneral%26prefix%3Dcms/%26showversions%3Dfalse/Screenshot%202024-07-11%20at%203.11.13%E2%80%AFPM.png; https://solsticeprod.s3.ap-south-1.amazonaws.com/https%3A/%2Fap-south-1.console.aws.amazon.com/s3/buckets/solsticedev%3Fregion%3Dap-south-1%26bucketType%3Dgeneral%26prefix%3Dcms/%26showversions%3Dfalse/Screenshot%202024-07-11%20at%203.01.48%E2%80%AFPM.png; https://solsticeprod.s3.ap-south-1.amazonaws.com/https%3A/%2Fap-south-1.console.aws.amazon.com/s3/buckets/solsticedev%3Fregion%3Dap-south-1%26bucketType%3Dgeneral%26prefix%3Dcms/%26showversions%3Dfalse/ABN00593.JPG; https://solsticeprod.s3.ap-south-1.amazonaws.com/https%3A/%2Fap-south-1.console.aws.amazon.com/s3/buckets/solsticedev%3Fregion%3Dap-south-1%26bucketType%3Dgeneral%26prefix%3Dcms/%26showversions%3Dfalse/Screenshot%202024-07-11%20at%203.01.18%E2%80%AFPM.png; https://solsticeprod.s3.ap-south-1.amazonaws.com/https%3A/%2Fap-south-1.console.aws.amazon.com/s3/buckets/solsticedev%3Fregion%3Dap-south-1%26bucketType%3Dgeneral%26prefix%3Dcms/%26showversions%3Dfalse/Screenshot%202024-07-11%20at%203.02.13%E2%80%AFPM.png; https://solsticeprod.s3.ap-south-1.amazonaws.com/https%3A/%2Fap-south-1.console.aws.amazon.com/s3/buckets/solsticedev%3Fregion%3Dap-south-1%26bucketType%3Dgeneral%26prefix%3Dcms/%26showversions%3Dfalse/WhatsApp%20Image%202023-07-10%20at%2013.03.29.jpeg; https://solsticeprod.s3.ap-south-1.amazonaws.com/https%3A/%2Fap-south-1.console.aws.amazon.com/s3/buckets/solsticedev%3Fregion%3Dap-south-1%26bucketType%3Dgeneral%26prefix%3Dcms/%26showversions%3Dfalse/WhatsApp%20Image%202023-07-10%20at%2013.03.21%20%281%29.jpeg; https://solsticeprod.s3.ap-south-1.amazonaws.com/https%3A/%2Fap-south-1.console.aws.amazon.com/s3/buckets/solsticedev%3Fregion%3Dap-south-1%26bucketType%3Dgeneral%26prefix%3Dcms/%26showversions%3Dfalse/Screenshot%202024-07-11%20at%201.18.03%E2%80%AFPM.png; https://solsticeprod.s3.ap-south-1.amazonaws.com/https%3A/%2Fap-south-1.console.aws.amazon.com/s3/buckets/solsticedev%3Fregion%3Dap-south-1%26bucketType%3Dgeneral%26prefix%3Dcms/%26showversions%3Dfalse/WhatsApp%20Image%202023-04-10%20at%209.49.55%20PM.jpeg; https://solsticeprod.s3.ap-south-1.amazonaws.com/https%3A/%2Fap-south-1.console.aws.amazon.com/s3/buckets/solsticedev%3Fregion%3Dap-south-1%26bucketType%3Dgeneral%26prefix%3Dcms/%26showversions%3Dfalse/ABN00640.JPG; https://solsticeprod.s3.ap-south-1.amazonaws.com/https%3A/%2Fap-south-1.console.aws.amazon.com/s3/buckets/solsticedev%3Fregion%3Dap-south-1%26bucketType%3Dgeneral%26prefix%3Dcms/%26showversions%3Dfalse/WhatsApp%20Image%202023-04-10%20at%209.49.50%20PM%20%281%29.jpeg; https://solsticeprod.s3.ap-south-1.amazonaws.com/https%3A/%2Fap-south-1.console.aws.amazon.com/s3/buckets/solsticedev%3Fregion%3Dap-south-1%26bucketType%3Dgeneral%26prefix%3Dcms/%26showversions%3Dfalse/Screenshot%202024-07-11%20at%201.18.49%E2%80%AFPM.png; https://solsticeprod.s3.ap-south-1.amazonaws.com/https%3A/%2Fap-south-1.console.aws.amazon.com/s3/buckets/solsticedev%3Fregion%3Dap-south-1%26bucketType%3Dgeneral%26prefix%3Dcms/%26showversions%3Dfalse/3.jpg; https://solsticeprod.s3.ap-south-1.amazonaws.com/https%3A/%2Fap-south-1.console.aws.amazon.com/s3/buckets/solsticedev%3Fregion%3Dap-south-1%26bucketType%3Dgeneral%26prefix%3Dcms/%26showversions%3Dfalse/Screenshot%202024-07-11%20at%203.02.26%E2%80%AFPM.png","sitting room","contemporary indian","{}","sitting room, contemporary indian, efficient use of the space with a sofa placed near the window for natural light and a small table for decor, brown, beige, white, green, black, wood, marble, fabric, glass, wooden ceiling beams, carved wooden door, brown sofa with cushions, marble flooring, patterned curtains, decorative wall sconces, sofa, brown upholstery, curved armrests, sequin pillow, decorative wall sconce, copper finish, decorative design, decorative carvings, brass accents, panel design, exposed beams, tree branch pattern, sheer fabric, southern indian, carved door, brown sofa"
"General Bathroom Design","Indian bathroom interior design ideas",2,2,100,100,"focused_room_search",false,0,"https://solsticeprod.s3.ap-south-1.amazonaws.com/https%3A/%2Fap-south-1.console.aws.amazon.com/s3/buckets/solsticedev%3Fregion%3Dap-south-1%26bucketType%3Dgeneral%26prefix%3Dcms/%26showversions%3Dfalse/Screenshot%202024-07-11%20at%201.18.16%E2%80%AFPM.png; https://solsticeprod.s3.ap-south-1.amazonaws.com/https%3A/%2Fap-south-1.console.aws.amazon.com/s3/buckets/solsticedev%3Fregion%3Dap-south-1%26bucketType%3Dgeneral%26prefix%3Dcms/%26showversions%3Dfalse/3.jpg","Entryway/Bathroom","Modern Minimalist with Indian Influences","{"colors":["White","Brown","Marble","Gold","Gray"],"materials":["Marble","Wood","Metal","Ceramic"],"primary_features":["Marble flooring","Wooden cabinets","Round mirror","Wall-mounted shelves"],"object_types":["Wall-mounted Cabinets","Round Mirror","Marble Countertop","Wooden Storage Units","Vases"],"object_features":["Vertical shelves","Cabinet doors","Glass inserts","Wooden frame","Circular shape","Integrated sink","Smooth surface","Vertical storage","Horizontal slats","Modern design","Colorful","Simple shapes"],"object_materials":["Wood","Metal","Wood","Metal","Marble","Wood","Ceramic","Metal"]}","entryway/bathroom, modern minimalist with indian influences, efficient use of vertical space, white, brown, marble, gold, gray, wood, metal, ceramic, marble flooring, wooden cabinets, round mirror, wall-mounted shelves, wall-mounted cabinets, vertical shelves, cabinet doors, glass inserts, wooden frame, circular shape, marble countertop, integrated sink, smooth surface, wooden storage units, vertical storage, horizontal slats, vases, modern design, colorful, simple shapes, modern minimalist, indian influences"
"General Bathroom Design","Modern Indian bathroom designs",2,2,100,80,"focused_room_search",false,0,"https://solsticeprod.s3.ap-south-1.amazonaws.com/https%3A/%2Fap-south-1.console.aws.amazon.com/s3/buckets/solsticedev%3Fregion%3Dap-south-1%26bucketType%3Dgeneral%26prefix%3Dcms/%26showversions%3Dfalse/Screenshot%202024-07-11%20at%201.18.16%E2%80%AFPM.png; https://solsticeprod.s3.ap-south-1.amazonaws.com/https%3A/%2Fap-south-1.console.aws.amazon.com/s3/buckets/solsticedev%3Fregion%3Dap-south-1%26bucketType%3Dgeneral%26prefix%3Dcms/%26showversions%3Dfalse/3.jpg","Entryway/Bathroom","Modern Minimalist with Indian Influences","{"colors":["White","Brown","Marble","Gold","Gray"],"materials":["Marble","Wood","Metal","Ceramic"],"primary_features":["Marble flooring","Wooden cabinets","Round mirror","Wall-mounted shelves"],"object_types":["Wall-mounted Cabinets","Round Mirror","Marble Countertop","Wooden Storage Units","Vases"],"object_features":["Vertical shelves","Cabinet doors","Glass inserts","Wooden frame","Circular shape","Integrated sink","Smooth surface","Vertical storage","Horizontal slats","Modern design","Colorful","Simple shapes"],"object_materials":["Wood","Metal","Wood","Metal","Marble","Wood","Ceramic","Metal"]}","entryway/bathroom, modern minimalist with indian influences, efficient use of vertical space, white, brown, marble, gold, gray, wood, metal, ceramic, marble flooring, wooden cabinets, round mirror, wall-mounted shelves, wall-mounted cabinets, vertical shelves, cabinet doors, glass inserts, wooden frame, circular shape, marble countertop, integrated sink, smooth surface, wooden storage units, vertical storage, horizontal slats, vases, modern design, colorful, simple shapes, modern minimalist, indian influences"
"General Bathroom Design","Traditional Indian bathroom decor",2,2,100,80.43,"focused_room_search",false,0,"https://solsticeprod.s3.ap-south-1.amazonaws.com/https%3A/%2Fap-south-1.console.aws.amazon.com/s3/buckets/solsticedev%3Fregion%3Dap-south-1%26bucketType%3Dgeneral%26prefix%3Dcms/%26showversions%3Dfalse/Screenshot%202024-07-11%20at%201.18.16%E2%80%AFPM.png; https://solsticeprod.s3.ap-south-1.amazonaws.com/https%3A/%2Fap-south-1.console.aws.amazon.com/s3/buckets/solsticedev%3Fregion%3Dap-south-1%26bucketType%3Dgeneral%26prefix%3Dcms/%26showversions%3Dfalse/3.jpg","Entryway/Bathroom","Modern Minimalist with Indian Influences","{"colors":["White","Brown","Marble","Gold","Gray"],"materials":["Marble","Wood","Metal","Ceramic"],"primary_features":["Marble flooring","Wooden cabinets","Round mirror","Wall-mounted shelves"],"object_types":["Wall-mounted Cabinets","Round Mirror","Marble Countertop","Wooden Storage Units","Vases"],"object_features":["Vertical shelves","Cabinet doors","Glass inserts","Wooden frame","Circular shape","Integrated sink","Smooth surface","Vertical storage","Horizontal slats","Modern design","Colorful","Simple shapes"],"object_materials":["Wood","Metal","Wood","Metal","Marble","Wood","Ceramic","Metal"]}","entryway/bathroom, modern minimalist with indian influences, efficient use of vertical space, white, brown, marble, gold, gray, wood, metal, ceramic, marble flooring, wooden cabinets, round mirror, wall-mounted shelves, wall-mounted cabinets, vertical shelves, cabinet doors, glass inserts, wooden frame, circular shape, marble countertop, integrated sink, smooth surface, wooden storage units, vertical storage, horizontal slats, vases, modern design, colorful, simple shapes, modern minimalist, indian influences"
"General Bathroom Design","Contemporary Indian bathrooms",2,2,100,80,"focused_room_search",false,0,"https://solsticeprod.s3.ap-south-1.amazonaws.com/https%3A/%2Fap-south-1.console.aws.amazon.com/s3/buckets/solsticedev%3Fregion%3Dap-south-1%26bucketType%3Dgeneral%26prefix%3Dcms/%26showversions%3Dfalse/3.jpg; https://solsticeprod.s3.ap-south-1.amazonaws.com/https%3A/%2Fap-south-1.console.aws.amazon.com/s3/buckets/solsticedev%3Fregion%3Dap-south-1%26bucketType%3Dgeneral%26prefix%3Dcms/%26showversions%3Dfalse/Screenshot%202024-07-11%20at%201.18.16%E2%80%AFPM.png","Washroom","Contemporary Indian","{"colors":["White marble","Brown wood","Gold accents"],"materials":["Marble, wood, glass"],"primary_features":["Marble floor","Wooden vanity","Round mirror","Gold pendant lights"],"object_types":["Vanity"],"object_features":["Wooden finish","Integrated countertop","Circular design"],"object_materials":["Wood, marble"]}","washroom, contemporary indian, efficient use of vertical space with a wall-mounted vanity, white marble, brown wood, gold accents, marble, wood, glass, marble floor, wooden vanity, round mirror, gold pendant lights, vanity, wooden finish, integrated countertop, circular design"
"General Bathroom Design","Small Indian bathroom interior design",2,2,100,100,"focused_room_search",false,0,"https://solsticeprod.s3.ap-south-1.amazonaws.com/https%3A/%2Fap-south-1.console.aws.amazon.com/s3/buckets/solsticedev%3Fregion%3Dap-south-1%26bucketType%3Dgeneral%26prefix%3Dcms/%26showversions%3Dfalse/Screenshot%202024-07-11%20at%201.18.16%E2%80%AFPM.png; https://solsticeprod.s3.ap-south-1.amazonaws.com/https%3A/%2Fap-south-1.console.aws.amazon.com/s3/buckets/solsticedev%3Fregion%3Dap-south-1%26bucketType%3Dgeneral%26prefix%3Dcms/%26showversions%3Dfalse/3.jpg","Entryway/Bathroom","Modern Minimalist with Indian Influences","{"colors":["White","Brown","Marble","Gold","Gray"],"materials":["Marble","Wood","Metal","Ceramic"],"primary_features":["Marble flooring","Wooden cabinets","Round mirror","Wall-mounted shelves"],"object_types":["Wall-mounted Cabinets","Round Mirror","Marble Countertop","Wooden Storage Units","Vases"],"object_features":["Vertical shelves","Cabinet doors","Glass inserts","Wooden frame","Circular shape","Integrated sink","Smooth surface","Vertical storage","Horizontal slats","Modern design","Colorful","Simple shapes"],"object_materials":["Wood","Metal","Wood","Metal","Marble","Wood","Ceramic","Metal"]}","entryway/bathroom, modern minimalist with indian influences, efficient use of vertical space, white, brown, marble, gold, gray, wood, metal, ceramic, marble flooring, wooden cabinets, round mirror, wall-mounted shelves, wall-mounted cabinets, vertical shelves, cabinet doors, glass inserts, wooden frame, circular shape, marble countertop, integrated sink, smooth surface, wooden storage units, vertical storage, horizontal slats, vases, modern design, colorful, simple shapes, modern minimalist, indian influences"
"General Bathroom Design","Luxury Indian bathroom designs",2,2,100,80,"focused_room_search",false,0,"https://solsticeprod.s3.ap-south-1.amazonaws.com/https%3A/%2Fap-south-1.console.aws.amazon.com/s3/buckets/solsticedev%3Fregion%3Dap-south-1%26bucketType%3Dgeneral%26prefix%3Dcms/%26showversions%3Dfalse/Screenshot%202024-07-11%20at%201.18.16%E2%80%AFPM.png; https://solsticeprod.s3.ap-south-1.amazonaws.com/https%3A/%2Fap-south-1.console.aws.amazon.com/s3/buckets/solsticedev%3Fregion%3Dap-south-1%26bucketType%3Dgeneral%26prefix%3Dcms/%26showversions%3Dfalse/3.jpg","Entryway/Bathroom","Modern Minimalist with Indian Influences","{"colors":["White","Brown","Marble","Gold","Gray"],"materials":["Marble","Wood","Metal","Ceramic"],"primary_features":["Marble flooring","Wooden cabinets","Round mirror","Wall-mounted shelves"],"object_types":["Wall-mounted Cabinets","Round Mirror","Marble Countertop","Wooden Storage Units","Vases"],"object_features":["Vertical shelves","Cabinet doors","Glass inserts","Wooden frame","Circular shape","Integrated sink","Smooth surface","Vertical storage","Horizontal slats","Modern design","Colorful","Simple shapes"],"object_materials":["Wood","Metal","Wood","Metal","Marble","Wood","Ceramic","Metal"]}","entryway/bathroom, modern minimalist with indian influences, efficient use of vertical space, white, brown, marble, gold, gray, wood, metal, ceramic, marble flooring, wooden cabinets, round mirror, wall-mounted shelves, wall-mounted cabinets, vertical shelves, cabinet doors, glass inserts, wooden frame, circular shape, marble countertop, integrated sink, smooth surface, wooden storage units, vertical storage, horizontal slats, vases, modern design, colorful, simple shapes, modern minimalist, indian influences"
"General TV Unit Design","Indian TV unit interior design ideas",20,20,100,91.1,"enhanced_object_search",false,0,"https://solsticeprod.s3.ap-south-1.amazonaws.com/https%3A/%2Fap-south-1.console.aws.amazon.com/s3/buckets/solsticedev%3Fregion%3Dap-south-1%26bucketType%3Dgeneral%26prefix%3Dcms/%26showversions%3Dfalse/Screenshot%202024-07-11%20at%201.18.16%E2%80%AFPM.png; https://solsticeprod.s3.ap-south-1.amazonaws.com/https%3A/%2Fap-south-1.console.aws.amazon.com/s3/buckets/solsticedev%3Fregion%3Dap-south-1%26bucketType%3Dgeneral%26prefix%3Dcms/%26showversions%3Dfalse/Screenshot%202024-07-11%20at%203.02.01%E2%80%AFPM.png; https://solsticeprod.s3.ap-south-1.amazonaws.com/https%3A/%2Fap-south-1.console.aws.amazon.com/s3/buckets/solsticedev%3Fregion%3Dap-south-1%26bucketType%3Dgeneral%26prefix%3Dcms/%26showversions%3Dfalse/ABN00678.JPG; https://solsticeprod.s3.ap-south-1.amazonaws.com/https%3A/%2Fap-south-1.console.aws.amazon.com/s3/buckets/solsticedev%3Fregion%3Dap-south-1%26bucketType%3Dgeneral%26prefix%3Dcms/%26showversions%3Dfalse/Screenshot%202024-07-11%20at%201.23.08%E2%80%AFPM.png; https://solsticeprod.s3.ap-south-1.amazonaws.com/https%3A/%2Fap-south-1.console.aws.amazon.com/s3/buckets/solsticedev%3Fregion%3Dap-south-1%26bucketType%3Dgeneral%26prefix%3Dcms/%26showversions%3Dfalse/ABN00623.JPG; https://solsticeprod.s3.ap-south-1.amazonaws.com/https%3A/%2Fap-south-1.console.aws.amazon.com/s3/buckets/solsticedev%3Fregion%3Dap-south-1%26bucketType%3Dgeneral%26prefix%3Dcms/%26showversions%3Dfalse/Screenshot%202024-07-11%20at%203.01.08%E2%80%AFPM.png; https://solsticeprod.s3.ap-south-1.amazonaws.com/https%3A/%2Fap-south-1.console.aws.amazon.com/s3/buckets/solsticedev%3Fregion%3Dap-south-1%26bucketType%3Dgeneral%26prefix%3Dcms/%26showversions%3Dfalse/Screenshot%202024-07-11%20at%201.23.18%E2%80%AFPM.png; https://solsticeprod.s3.ap-south-1.amazonaws.com/https%3A/%2Fap-south-1.console.aws.amazon.com/s3/buckets/solsticedev%3Fregion%3Dap-south-1%26bucketType%3Dgeneral%26prefix%3Dcms/%26showversions%3Dfalse/Screenshot%202024-07-11%20at%203.11.13%E2%80%AFPM.png; https://solsticeprod.s3.ap-south-1.amazonaws.com/https%3A/%2Fap-south-1.console.aws.amazon.com/s3/buckets/solsticedev%3Fregion%3Dap-south-1%26bucketType%3Dgeneral%26prefix%3Dcms/%26showversions%3Dfalse/Screenshot%202024-07-11%20at%201.18.08%E2%80%AFPM.png; https://solsticeprod.s3.ap-south-1.amazonaws.com/https%3A/%2Fap-south-1.console.aws.amazon.com/s3/buckets/solsticedev%3Fregion%3Dap-south-1%26bucketType%3Dgeneral%26prefix%3Dcms/%26showversions%3Dfalse/ABN00681.JPG; https://solsticeprod.s3.ap-south-1.amazonaws.com/https%3A/%2Fap-south-1.console.aws.amazon.com/s3/buckets/solsticedev%3Fregion%3Dap-south-1%26bucketType%3Dgeneral%26prefix%3Dcms/%26showversions%3Dfalse/Screenshot%202024-07-11%20at%203.01.18%E2%80%AFPM.png; https://solsticeprod.s3.ap-south-1.amazonaws.com/https%3A/%2Fap-south-1.console.aws.amazon.com/s3/buckets/solsticedev%3Fregion%3Dap-south-1%26bucketType%3Dgeneral%26prefix%3Dcms/%26showversions%3Dfalse/ABN00593.JPG; https://solsticeprod.s3.ap-south-1.amazonaws.com/https%3A/%2Fap-south-1.console.aws.amazon.com/s3/buckets/solsticedev%3Fregion%3Dap-south-1%26bucketType%3Dgeneral%26prefix%3Dcms/%26showversions%3Dfalse/Screenshot%202024-07-11%20at%203.02.13%E2%80%AFPM.png; https://solsticeprod.s3.ap-south-1.amazonaws.com/https%3A/%2Fap-south-1.console.aws.amazon.com/s3/buckets/solsticedev%3Fregion%3Dap-south-1%26bucketType%3Dgeneral%26prefix%3Dcms/%26showversions%3Dfalse/Screenshot%202024-07-11%20at%203.01.48%E2%80%AFPM.png; https://solsticeprod.s3.ap-south-1.amazonaws.com/https%3A/%2Fap-south-1.console.aws.amazon.com/s3/buckets/solsticedev%3Fregion%3Dap-south-1%26bucketType%3Dgeneral%26prefix%3Dcms/%26showversions%3Dfalse/WhatsApp%20Image%202023-07-10%20at%2013.03.29.jpeg; https://solsticeprod.s3.ap-south-1.amazonaws.com/https%3A/%2Fap-south-1.console.aws.amazon.com/s3/buckets/solsticedev%3Fregion%3Dap-south-1%26bucketType%3Dgeneral%26prefix%3Dcms/%26showversions%3Dfalse/Screenshot%202024-07-11%20at%203.01.24%E2%80%AFPM.png; https://solsticeprod.s3.ap-south-1.amazonaws.com/https%3A/%2Fap-south-1.console.aws.amazon.com/s3/buckets/solsticedev%3Fregion%3Dap-south-1%26bucketType%3Dgeneral%26prefix%3Dcms/%26showversions%3Dfalse/WhatsApp%20Image%202023-04-10%20at%209.47.30%20PM.jpeg; https://solsticeprod.s3.ap-south-1.amazonaws.com/https%3A/%2Fap-south-1.console.aws.amazon.com/s3/buckets/solsticedev%3Fregion%3Dap-south-1%26bucketType%3Dgeneral%26prefix%3Dcms/%26showversions%3Dfalse/Screenshot%202024-07-11%20at%201.23.36%E2%80%AFPM.png; https://solsticeprod.s3.ap-south-1.amazonaws.com/https%3A/%2Fap-south-1.console.aws.amazon.com/s3/buckets/solsticedev%3Fregion%3Dap-south-1%26bucketType%3Dgeneral%26prefix%3Dcms/%26showversions%3Dfalse/3-2.jpg; https://solsticeprod.s3.ap-south-1.amazonaws.com/https%3A/%2Fap-south-1.console.aws.amazon.com/s3/buckets/solsticedev%3Fregion%3Dap-south-1%26bucketType%3Dgeneral%26prefix%3Dcms/%26showversions%3Dfalse/Screenshot%202024-07-11%20at%201.18.03%E2%80%AFPM.png","entryway/bathroom","modern minimalist with indian influences","{}","entryway/bathroom, modern minimalist with indian influences, efficient use of vertical space, white, brown, marble, gold, gray, wood, metal, ceramic, marble flooring, wooden cabinets, round mirror, wall-mounted shelves, wall-mounted cabinets, vertical shelves, cabinet doors, glass inserts, wooden frame, circular shape, marble countertop, integrated sink, smooth surface, wooden storage units, vertical storage, horizontal slats, vases, modern design, colorful, simple shapes, modern minimalist, indian influences"
"General TV Unit Design","Modern Indian TV unit designs",20,20,100,94.6,"enhanced_object_search",false,0,"https://solsticeprod.s3.ap-south-1.amazonaws.com/https%3A/%2Fap-south-1.console.aws.amazon.com/s3/buckets/solsticedev%3Fregion%3Dap-south-1%26bucketType%3Dgeneral%26prefix%3Dcms/%26showversions%3Dfalse/Screenshot%202024-07-11%20at%201.18.16%E2%80%AFPM.png; https://solsticeprod.s3.ap-south-1.amazonaws.com/https%3A/%2Fap-south-1.console.aws.amazon.com/s3/buckets/solsticedev%3Fregion%3Dap-south-1%26bucketType%3Dgeneral%26prefix%3Dcms/%26showversions%3Dfalse/ABN00623.JPG; https://solsticeprod.s3.ap-south-1.amazonaws.com/https%3A/%2Fap-south-1.console.aws.amazon.com/s3/buckets/solsticedev%3Fregion%3Dap-south-1%26bucketType%3Dgeneral%26prefix%3Dcms/%26showversions%3Dfalse/Screenshot%202024-07-11%20at%203.02.01%E2%80%AFPM.png; https://solsticeprod.s3.ap-south-1.amazonaws.com/https%3A/%2Fap-south-1.console.aws.amazon.com/s3/buckets/solsticedev%3Fregion%3Dap-south-1%26bucketType%3Dgeneral%26prefix%3Dcms/%26showversions%3Dfalse/ABN00681.JPG; https://solsticeprod.s3.ap-south-1.amazonaws.com/https%3A/%2Fap-south-1.console.aws.amazon.com/s3/buckets/solsticedev%3Fregion%3Dap-south-1%26bucketType%3Dgeneral%26prefix%3Dcms/%26showversions%3Dfalse/Screenshot%202024-07-11%20at%201.18.08%E2%80%AFPM.png; https://solsticeprod.s3.ap-south-1.amazonaws.com/https%3A/%2Fap-south-1.console.aws.amazon.com/s3/buckets/solsticedev%3Fregion%3Dap-south-1%26bucketType%3Dgeneral%26prefix%3Dcms/%26showversions%3Dfalse/Screenshot%202024-07-11%20at%201.23.08%E2%80%AFPM.png; https://solsticeprod.s3.ap-south-1.amazonaws.com/https%3A/%2Fap-south-1.console.aws.amazon.com/s3/buckets/solsticedev%3Fregion%3Dap-south-1%26bucketType%3Dgeneral%26prefix%3Dcms/%26showversions%3Dfalse/Screenshot%202024-07-11%20at%203.11.13%E2%80%AFPM.png; https://solsticeprod.s3.ap-south-1.amazonaws.com/https%3A/%2Fap-south-1.console.aws.amazon.com/s3/buckets/solsticedev%3Fregion%3Dap-south-1%26bucketType%3Dgeneral%26prefix%3Dcms/%26showversions%3Dfalse/Screenshot%202024-07-11%20at%203.01.08%E2%80%AFPM.png; https://solsticeprod.s3.ap-south-1.amazonaws.com/https%3A/%2Fap-south-1.console.aws.amazon.com/s3/buckets/solsticedev%3Fregion%3Dap-south-1%26bucketType%3Dgeneral%26prefix%3Dcms/%26showversions%3Dfalse/Screenshot%202024-07-11%20at%203.01.18%E2%80%AFPM.png; https://solsticeprod.s3.ap-south-1.amazonaws.com/https%3A/%2Fap-south-1.console.aws.amazon.com/s3/buckets/solsticedev%3Fregion%3Dap-south-1%26bucketType%3Dgeneral%26prefix%3Dcms/%26showversions%3Dfalse/Screenshot%202024-07-11%20at%203.01.48%E2%80%AFPM.png; https://solsticeprod.s3.ap-south-1.amazonaws.com/https%3A/%2Fap-south-1.console.aws.amazon.com/s3/buckets/solsticedev%3Fregion%3Dap-south-1%26bucketType%3Dgeneral%26prefix%3Dcms/%26showversions%3Dfalse/Screenshot%202024-07-11%20at%203.01.24%E2%80%AFPM.png; https://solsticeprod.s3.ap-south-1.amazonaws.com/https%3A/%2Fap-south-1.console.aws.amazon.com/s3/buckets/solsticedev%3Fregion%3Dap-south-1%26bucketType%3Dgeneral%26prefix%3Dcms/%26showversions%3Dfalse/Screenshot%202024-07-11%20at%203.02.13%E2%80%AFPM.png; https://solsticeprod.s3.ap-south-1.amazonaws.com/https%3A/%2Fap-south-1.console.aws.amazon.com/s3/buckets/solsticedev%3Fregion%3Dap-south-1%26bucketType%3Dgeneral%26prefix%3Dcms/%26showversions%3Dfalse/WhatsApp%20Image%202023-04-10%20at%209.47.30%20PM.jpeg; https://solsticeprod.s3.ap-south-1.amazonaws.com/https%3A/%2Fap-south-1.console.aws.amazon.com/s3/buckets/solsticedev%3Fregion%3Dap-south-1%26bucketType%3Dgeneral%26prefix%3Dcms/%26showversions%3Dfalse/Screenshot%202024-07-11%20at%201.18.03%E2%80%AFPM.png; https://solsticeprod.s3.ap-south-1.amazonaws.com/https%3A/%2Fap-south-1.console.aws.amazon.com/s3/buckets/solsticedev%3Fregion%3Dap-south-1%26bucketType%3Dgeneral%26prefix%3Dcms/%26showversions%3Dfalse/3-2.jpg; https://solsticeprod.s3.ap-south-1.amazonaws.com/https%3A/%2Fap-south-1.console.aws.amazon.com/s3/buckets/solsticedev%3Fregion%3Dap-south-1%26bucketType%3Dgeneral%26prefix%3Dcms/%26showversions%3Dfalse/WhatsApp%20Image%202023-04-10%20at%209.49.55%20PM.jpeg; https://solsticeprod.s3.ap-south-1.amazonaws.com/https%3A/%2Fap-south-1.console.aws.amazon.com/s3/buckets/solsticedev%3Fregion%3Dap-south-1%26bucketType%3Dgeneral%26prefix%3Dcms/%26showversions%3Dfalse/Screenshot%202024-07-11%20at%201.23.36%E2%80%AFPM.png; https://solsticeprod.s3.ap-south-1.amazonaws.com/https%3A/%2Fap-south-1.console.aws.amazon.com/s3/buckets/solsticedev%3Fregion%3Dap-south-1%26bucketType%3Dgeneral%26prefix%3Dcms/%26showversions%3Dfalse/WhatsApp%20Image%202023-07-10%20at%2013.03.21%20%281%29.jpeg; https://solsticeprod.s3.ap-south-1.amazonaws.com/https%3A/%2Fap-south-1.console.aws.amazon.com/s3/buckets/solsticedev%3Fregion%3Dap-south-1%26bucketType%3Dgeneral%26prefix%3Dcms/%26showversions%3Dfalse/WhatsApp%20Image%202023-04-10%20at%209.47.04%20PM.jpeg; https://solsticeprod.s3.ap-south-1.amazonaws.com/https%3A/%2Fap-south-1.console.aws.amazon.com/s3/buckets/solsticedev%3Fregion%3Dap-south-1%26bucketType%3Dgeneral%26prefix%3Dcms/%26showversions%3Dfalse/WhatsApp%20Image%202023-04-10%20at%209.49.50%20PM%20%281%29.jpeg","entryway/bathroom","modern minimalist with indian influences","{}","entryway/bathroom, modern minimalist with indian influences, efficient use of vertical space, white, brown, marble, gold, gray, wood, metal, ceramic, marble flooring, wooden cabinets, round mirror, wall-mounted shelves, wall-mounted cabinets, vertical shelves, cabinet doors, glass inserts, wooden frame, circular shape, marble countertop, integrated sink, smooth surface, wooden storage units, vertical storage, horizontal slats, vases, modern design, colorful, simple shapes, modern minimalist, indian influences"
"General TV Unit Design","Traditional Indian TV unit decor",20,19,95,86.1,"enhanced_object_search",false,0,"https://solsticeprod.s3.ap-south-1.amazonaws.com/https%3A/%2Fap-south-1.console.aws.amazon.com/s3/buckets/solsticedev%3Fregion%3Dap-south-1%26bucketType%3Dgeneral%26prefix%3Dcms/%26showversions%3Dfalse/Screenshot%202024-07-11%20at%201.18.16%E2%80%AFPM.png; https://solsticeprod.s3.ap-south-1.amazonaws.com/https%3A/%2Fap-south-1.console.aws.amazon.com/s3/buckets/solsticedev%3Fregion%3Dap-south-1%26bucketType%3Dgeneral%26prefix%3Dcms/%26showversions%3Dfalse/ABN00678.JPG; https://solsticeprod.s3.ap-south-1.amazonaws.com/https%3A/%2Fap-south-1.console.aws.amazon.com/s3/buckets/solsticedev%3Fregion%3Dap-south-1%26bucketType%3Dgeneral%26prefix%3Dcms/%26showversions%3Dfalse/ABN00623.JPG; https://solsticeprod.s3.ap-south-1.amazonaws.com/https%3A/%2Fap-south-1.console.aws.amazon.com/s3/buckets/solsticedev%3Fregion%3Dap-south-1%26bucketType%3Dgeneral%26prefix%3Dcms/%26showversions%3Dfalse/ABN00681.JPG; https://solsticeprod.s3.ap-south-1.amazonaws.com/https%3A/%2Fap-south-1.console.aws.amazon.com/s3/buckets/solsticedev%3Fregion%3Dap-south-1%26bucketType%3Dgeneral%26prefix%3Dcms/%26showversions%3Dfalse/Screenshot%202024-07-11%20at%201.23.08%E2%80%AFPM.png; https://solsticeprod.s3.ap-south-1.amazonaws.com/https%3A/%2Fap-south-1.console.aws.amazon.com/s3/buckets/solsticedev%3Fregion%3Dap-south-1%26bucketType%3Dgeneral%26prefix%3Dcms/%26showversions%3Dfalse/Screenshot%202024-07-11%20at%203.11.13%E2%80%AFPM.png; https://solsticeprod.s3.ap-south-1.amazonaws.com/https%3A/%2Fap-south-1.console.aws.amazon.com/s3/buckets/solsticedev%3Fregion%3Dap-south-1%26bucketType%3Dgeneral%26prefix%3Dcms/%26showversions%3Dfalse/Screenshot%202024-07-11%20at%201.18.08%E2%80%AFPM.png; https://solsticeprod.s3.ap-south-1.amazonaws.com/https%3A/%2Fap-south-1.console.aws.amazon.com/s3/buckets/solsticedev%3Fregion%3Dap-south-1%26bucketType%3Dgeneral%26prefix%3Dcms/%26showversions%3Dfalse/ABN00593.JPG; https://solsticeprod.s3.ap-south-1.amazonaws.com/https%3A/%2Fap-south-1.console.aws.amazon.com/s3/buckets/solsticedev%3Fregion%3Dap-south-1%26bucketType%3Dgeneral%26prefix%3Dcms/%26showversions%3Dfalse/Screenshot%202024-07-11%20at%203.01.48%E2%80%AFPM.png; https://solsticeprod.s3.ap-south-1.amazonaws.com/https%3A/%2Fap-south-1.console.aws.amazon.com/s3/buckets/solsticedev%3Fregion%3Dap-south-1%26bucketType%3Dgeneral%26prefix%3Dcms/%26showversions%3Dfalse/Screenshot%202024-07-11%20at%203.02.13%E2%80%AFPM.png; https://solsticeprod.s3.ap-south-1.amazonaws.com/https%3A/%2Fap-south-1.console.aws.amazon.com/s3/buckets/solsticedev%3Fregion%3Dap-south-1%26bucketType%3Dgeneral%26prefix%3Dcms/%26showversions%3Dfalse/Screenshot%202024-07-11%20at%201.18.03%E2%80%AFPM.png; https://solsticeprod.s3.ap-south-1.amazonaws.com/https%3A/%2Fap-south-1.console.aws.amazon.com/s3/buckets/solsticedev%3Fregion%3Dap-south-1%26bucketType%3Dgeneral%26prefix%3Dcms/%26showversions%3Dfalse/WhatsApp%20Image%202023-04-10%20at%209.49.55%20PM.jpeg; https://solsticeprod.s3.ap-south-1.amazonaws.com/https%3A/%2Fap-south-1.console.aws.amazon.com/s3/buckets/solsticedev%3Fregion%3Dap-south-1%26bucketType%3Dgeneral%26prefix%3Dcms/%26showversions%3Dfalse/ABN00640.JPG; https://solsticeprod.s3.ap-south-1.amazonaws.com/https%3A/%2Fap-south-1.console.aws.amazon.com/s3/buckets/solsticedev%3Fregion%3Dap-south-1%26bucketType%3Dgeneral%26prefix%3Dcms/%26showversions%3Dfalse/WhatsApp%20Image%202023-07-10%20at%2013.03.21%20%281%29.jpeg; https://solsticeprod.s3.ap-south-1.amazonaws.com/https%3A/%2Fap-south-1.console.aws.amazon.com/s3/buckets/solsticedev%3Fregion%3Dap-south-1%26bucketType%3Dgeneral%26prefix%3Dcms/%26showversions%3Dfalse/WhatsApp%20Image%202023-04-10%20at%209.47.33%20PM.jpeg; https://solsticeprod.s3.ap-south-1.amazonaws.com/https%3A/%2Fap-south-1.console.aws.amazon.com/s3/buckets/solsticedev%3Fregion%3Dap-south-1%26bucketType%3Dgeneral%26prefix%3Dcms/%26showversions%3Dfalse/Screenshot%202024-07-11%20at%203.02.26%E2%80%AFPM.png; https://solsticeprod.s3.ap-south-1.amazonaws.com/https%3A/%2Fap-south-1.console.aws.amazon.com/s3/buckets/solsticedev%3Fregion%3Dap-south-1%26bucketType%3Dgeneral%26prefix%3Dcms/%26showversions%3Dfalse/WhatsApp%20Image%202023-04-10%20at%209.47.21%20PM.jpeg; https://solsticeprod.s3.ap-south-1.amazonaws.com/https%3A/%2Fap-south-1.console.aws.amazon.com/s3/buckets/solsticedev%3Fregion%3Dap-south-1%26bucketType%3Dgeneral%26prefix%3Dcms/%26showversions%3Dfalse/WhatsApp%20Image%202023-07-10%20at%2013.03.28.jpeg; https://solsticeprod.s3.ap-south-1.amazonaws.com/https%3A/%2Fap-south-1.console.aws.amazon.com/s3/buckets/solsticedev%3Fregion%3Dap-south-1%26bucketType%3Dgeneral%26prefix%3Dcms/%26showversions%3Dfalse/Screenshot%202024-07-11%20at%203.01.08%E2%80%AFPM.png; https://solsticeprod.s3.ap-south-1.amazonaws.com/https%3A/%2Fap-south-1.console.aws.amazon.com/s3/buckets/solsticedev%3Fregion%3Dap-south-1%26bucketType%3Dgeneral%26prefix%3Dcms/%26showversions%3Dfalse/Screenshot%202024-07-11%20at%203.02.17%E2%80%AFPM.png","entryway/bathroom","modern minimalist with indian influences","{}","entryway/bathroom, modern minimalist with indian influences, efficient use of vertical space, white, brown, marble, gold, gray, wood, metal, ceramic, marble flooring, wooden cabinets, round mirror, wall-mounted shelves, wall-mounted cabinets, vertical shelves, cabinet doors, glass inserts, wooden frame, circular shape, marble countertop, integrated sink, smooth surface, wooden storage units, vertical storage, horizontal slats, vases, modern design, colorful, simple shapes, modern minimalist, indian influences"
"General TV Unit Design","Contemporary Indian TV units",20,20,100,97.15,"enhanced_object_search",false,0,"https://solsticeprod.s3.ap-south-1.amazonaws.com/https%3A/%2Fap-south-1.console.aws.amazon.com/s3/buckets/solsticedev%3Fregion%3Dap-south-1%26bucketType%3Dgeneral%26prefix%3Dcms/%26showversions%3Dfalse/Screenshot%202024-07-11%20at%201.18.16%E2%80%AFPM.png; https://solsticeprod.s3.ap-south-1.amazonaws.com/https%3A/%2Fap-south-1.console.aws.amazon.com/s3/buckets/solsticedev%3Fregion%3Dap-south-1%26bucketType%3Dgeneral%26prefix%3Dcms/%26showversions%3Dfalse/ABN00623.JPG; https://solsticeprod.s3.ap-south-1.amazonaws.com/https%3A/%2Fap-south-1.console.aws.amazon.com/s3/buckets/solsticedev%3Fregion%3Dap-south-1%26bucketType%3Dgeneral%26prefix%3Dcms/%26showversions%3Dfalse/ABN00678.JPG; https://solsticeprod.s3.ap-south-1.amazonaws.com/https%3A/%2Fap-south-1.console.aws.amazon.com/s3/buckets/solsticedev%3Fregion%3Dap-south-1%26bucketType%3Dgeneral%26prefix%3Dcms/%26showversions%3Dfalse/Screenshot%202024-07-11%20at%203.02.01%E2%80%AFPM.png; https://solsticeprod.s3.ap-south-1.amazonaws.com/https%3A/%2Fap-south-1.console.aws.amazon.com/s3/buckets/solsticedev%3Fregion%3Dap-south-1%26bucketType%3Dgeneral%26prefix%3Dcms/%26showversions%3Dfalse/Screenshot%202024-07-11%20at%201.23.08%E2%80%AFPM.png; https://solsticeprod.s3.ap-south-1.amazonaws.com/https%3A/%2Fap-south-1.console.aws.amazon.com/s3/buckets/solsticedev%3Fregion%3Dap-south-1%26bucketType%3Dgeneral%26prefix%3Dcms/%26showversions%3Dfalse/Screenshot%202024-07-11%20at%203.01.18%E2%80%AFPM.png; https://solsticeprod.s3.ap-south-1.amazonaws.com/https%3A/%2Fap-south-1.console.aws.amazon.com/s3/buckets/solsticedev%3Fregion%3Dap-south-1%26bucketType%3Dgeneral%26prefix%3Dcms/%26showversions%3Dfalse/Screenshot%202024-07-11%20at%203.11.13%E2%80%AFPM.png; https://solsticeprod.s3.ap-south-1.amazonaws.com/https%3A/%2Fap-south-1.console.aws.amazon.com/s3/buckets/solsticedev%3Fregion%3Dap-south-1%26bucketType%3Dgeneral%26prefix%3Dcms/%26showversions%3Dfalse/WhatsApp%20Image%202023-07-10%20at%2013.03.29.jpeg; https://solsticeprod.s3.ap-south-1.amazonaws.com/https%3A/%2Fap-south-1.console.aws.amazon.com/s3/buckets/solsticedev%3Fregion%3Dap-south-1%26bucketType%3Dgeneral%26prefix%3Dcms/%26showversions%3Dfalse/Screenshot%202024-07-11%20at%201.18.08%E2%80%AFPM.png; https://solsticeprod.s3.ap-south-1.amazonaws.com/https%3A/%2Fap-south-1.console.aws.amazon.com/s3/buckets/solsticedev%3Fregion%3Dap-south-1%26bucketType%3Dgeneral%26prefix%3Dcms/%26showversions%3Dfalse/Screenshot%202024-07-11%20at%203.01.08%E2%80%AFPM.png; https://solsticeprod.s3.ap-south-1.amazonaws.com/https%3A/%2Fap-south-1.console.aws.amazon.com/s3/buckets/solsticedev%3Fregion%3Dap-south-1%26bucketType%3Dgeneral%26prefix%3Dcms/%26showversions%3Dfalse/ABN00593.JPG; https://solsticeprod.s3.ap-south-1.amazonaws.com/https%3A/%2Fap-south-1.console.aws.amazon.com/s3/buckets/solsticedev%3Fregion%3Dap-south-1%26bucketType%3Dgeneral%26prefix%3Dcms/%26showversions%3Dfalse/Screenshot%202024-07-11%20at%203.01.48%E2%80%AFPM.png; https://solsticeprod.s3.ap-south-1.amazonaws.com/https%3A/%2Fap-south-1.console.aws.amazon.com/s3/buckets/solsticedev%3Fregion%3Dap-south-1%26bucketType%3Dgeneral%26prefix%3Dcms/%26showversions%3Dfalse/Screenshot%202024-07-11%20at%203.02.13%E2%80%AFPM.png; https://solsticeprod.s3.ap-south-1.amazonaws.com/https%3A/%2Fap-south-1.console.aws.amazon.com/s3/buckets/solsticedev%3Fregion%3Dap-south-1%26bucketType%3Dgeneral%26prefix%3Dcms/%26showversions%3Dfalse/Screenshot%202024-07-11%20at%201.18.03%E2%80%AFPM.png; https://solsticeprod.s3.ap-south-1.amazonaws.com/https%3A/%2Fap-south-1.console.aws.amazon.com/s3/buckets/solsticedev%3Fregion%3Dap-south-1%26bucketType%3Dgeneral%26prefix%3Dcms/%26showversions%3Dfalse/WhatsApp%20Image%202023-07-10%20at%2013.03.21%20%281%29.jpeg; https://solsticeprod.s3.ap-south-1.amazonaws.com/https%3A/%2Fap-south-1.console.aws.amazon.com/s3/buckets/solsticedev%3Fregion%3Dap-south-1%26bucketType%3Dgeneral%26prefix%3Dcms/%26showversions%3Dfalse/WhatsApp%20Image%202023-04-10%20at%209.49.55%20PM.jpeg; https://solsticeprod.s3.ap-south-1.amazonaws.com/https%3A/%2Fap-south-1.console.aws.amazon.com/s3/buckets/solsticedev%3Fregion%3Dap-south-1%26bucketType%3Dgeneral%26prefix%3Dcms/%26showversions%3Dfalse/WhatsApp%20Image%202023-04-10%20at%209.49.50%20PM%20%281%29.jpeg; https://solsticeprod.s3.ap-south-1.amazonaws.com/https%3A/%2Fap-south-1.console.aws.amazon.com/s3/buckets/solsticedev%3Fregion%3Dap-south-1%26bucketType%3Dgeneral%26prefix%3Dcms/%26showversions%3Dfalse/ABN00640.JPG; https://solsticeprod.s3.ap-south-1.amazonaws.com/https%3A/%2Fap-south-1.console.aws.amazon.com/s3/buckets/solsticedev%3Fregion%3Dap-south-1%26bucketType%3Dgeneral%26prefix%3Dcms/%26showversions%3Dfalse/3.jpg; https://solsticeprod.s3.ap-south-1.amazonaws.com/https%3A/%2Fap-south-1.console.aws.amazon.com/s3/buckets/solsticedev%3Fregion%3Dap-south-1%26bucketType%3Dgeneral%26prefix%3Dcms/%26showversions%3Dfalse/Screenshot%202024-07-11%20at%201.18.49%E2%80%AFPM.png","entryway/bathroom","modern minimalist with indian influences","{}","entryway/bathroom, modern minimalist with indian influences, efficient use of vertical space, white, brown, marble, gold, gray, wood, metal, ceramic, marble flooring, wooden cabinets, round mirror, wall-mounted shelves, wall-mounted cabinets, vertical shelves, cabinet doors, glass inserts, wooden frame, circular shape, marble countertop, integrated sink, smooth surface, wooden storage units, vertical storage, horizontal slats, vases, modern design, colorful, simple shapes, modern minimalist, indian influences"
"General TV Unit Design","Small Indian TV unit interior design",20,20,100,93.1,"enhanced_object_search",false,0,"https://solsticeprod.s3.ap-south-1.amazonaws.com/https%3A/%2Fap-south-1.console.aws.amazon.com/s3/buckets/solsticedev%3Fregion%3Dap-south-1%26bucketType%3Dgeneral%26prefix%3Dcms/%26showversions%3Dfalse/Screenshot%202024-07-11%20at%201.18.16%E2%80%AFPM.png; https://solsticeprod.s3.ap-south-1.amazonaws.com/https%3A/%2Fap-south-1.console.aws.amazon.com/s3/buckets/solsticedev%3Fregion%3Dap-south-1%26bucketType%3Dgeneral%26prefix%3Dcms/%26showversions%3Dfalse/Screenshot%202024-07-11%20at%203.02.01%E2%80%AFPM.png; https://solsticeprod.s3.ap-south-1.amazonaws.com/https%3A/%2Fap-south-1.console.aws.amazon.com/s3/buckets/solsticedev%3Fregion%3Dap-south-1%26bucketType%3Dgeneral%26prefix%3Dcms/%26showversions%3Dfalse/Screenshot%202024-07-11%20at%201.23.08%E2%80%AFPM.png; https://solsticeprod.s3.ap-south-1.amazonaws.com/https%3A/%2Fap-south-1.console.aws.amazon.com/s3/buckets/solsticedev%3Fregion%3Dap-south-1%26bucketType%3Dgeneral%26prefix%3Dcms/%26showversions%3Dfalse/ABN00678.JPG; https://solsticeprod.s3.ap-south-1.amazonaws.com/https%3A/%2Fap-south-1.console.aws.amazon.com/s3/buckets/solsticedev%3Fregion%3Dap-south-1%26bucketType%3Dgeneral%26prefix%3Dcms/%26showversions%3Dfalse/Screenshot%202024-07-11%20at%201.23.18%E2%80%AFPM.png; https://solsticeprod.s3.ap-south-1.amazonaws.com/https%3A/%2Fap-south-1.console.aws.amazon.com/s3/buckets/solsticedev%3Fregion%3Dap-south-1%26bucketType%3Dgeneral%26prefix%3Dcms/%26showversions%3Dfalse/Screenshot%202024-07-11%20at%203.01.08%E2%80%AFPM.png; https://solsticeprod.s3.ap-south-1.amazonaws.com/https%3A/%2Fap-south-1.console.aws.amazon.com/s3/buckets/solsticedev%3Fregion%3Dap-south-1%26bucketType%3Dgeneral%26prefix%3Dcms/%26showversions%3Dfalse/ABN00681.JPG; https://solsticeprod.s3.ap-south-1.amazonaws.com/https%3A/%2Fap-south-1.console.aws.amazon.com/s3/buckets/solsticedev%3Fregion%3Dap-south-1%26bucketType%3Dgeneral%26prefix%3Dcms/%26showversions%3Dfalse/ABN00623.JPG; https://solsticeprod.s3.ap-south-1.amazonaws.com/https%3A/%2Fap-south-1.console.aws.amazon.com/s3/buckets/solsticedev%3Fregion%3Dap-south-1%26bucketType%3Dgeneral%26prefix%3Dcms/%26showversions%3Dfalse/Screenshot%202024-07-11%20at%203.11.13%E2%80%AFPM.png; https://solsticeprod.s3.ap-south-1.amazonaws.com/https%3A/%2Fap-south-1.console.aws.amazon.com/s3/buckets/solsticedev%3Fregion%3Dap-south-1%26bucketType%3Dgeneral%26prefix%3Dcms/%26showversions%3Dfalse/Screenshot%202024-07-11%20at%201.18.08%E2%80%AFPM.png; https://solsticeprod.s3.ap-south-1.amazonaws.com/https%3A/%2Fap-south-1.console.aws.amazon.com/s3/buckets/solsticedev%3Fregion%3Dap-south-1%26bucketType%3Dgeneral%26prefix%3Dcms/%26showversions%3Dfalse/Screenshot%202024-07-11%20at%203.01.18%E2%80%AFPM.png; https://solsticeprod.s3.ap-south-1.amazonaws.com/https%3A/%2Fap-south-1.console.aws.amazon.com/s3/buckets/solsticedev%3Fregion%3Dap-south-1%26bucketType%3Dgeneral%26prefix%3Dcms/%26showversions%3Dfalse/ABN00593.JPG; https://solsticeprod.s3.ap-south-1.amazonaws.com/https%3A/%2Fap-south-1.console.aws.amazon.com/s3/buckets/solsticedev%3Fregion%3Dap-south-1%26bucketType%3Dgeneral%26prefix%3Dcms/%26showversions%3Dfalse/Screenshot%202024-07-11%20at%203.01.48%E2%80%AFPM.png; https://solsticeprod.s3.ap-south-1.amazonaws.com/https%3A/%2Fap-south-1.console.aws.amazon.com/s3/buckets/solsticedev%3Fregion%3Dap-south-1%26bucketType%3Dgeneral%26prefix%3Dcms/%26showversions%3Dfalse/Screenshot%202024-07-11%20at%203.01.24%E2%80%AFPM.png; https://solsticeprod.s3.ap-south-1.amazonaws.com/https%3A/%2Fap-south-1.console.aws.amazon.com/s3/buckets/solsticedev%3Fregion%3Dap-south-1%26bucketType%3Dgeneral%26prefix%3Dcms/%26showversions%3Dfalse/Screenshot%202024-07-11%20at%203.02.13%E2%80%AFPM.png; https://solsticeprod.s3.ap-south-1.amazonaws.com/https%3A/%2Fap-south-1.console.aws.amazon.com/s3/buckets/solsticedev%3Fregion%3Dap-south-1%26bucketType%3Dgeneral%26prefix%3Dcms/%26showversions%3Dfalse/WhatsApp%20Image%202023-07-10%20at%2013.03.29.jpeg; https://solsticeprod.s3.ap-south-1.amazonaws.com/https%3A/%2Fap-south-1.console.aws.amazon.com/s3/buckets/solsticedev%3Fregion%3Dap-south-1%26bucketType%3Dgeneral%26prefix%3Dcms/%26showversions%3Dfalse/Screenshot%202024-07-11%20at%201.18.03%E2%80%AFPM.png; https://solsticeprod.s3.ap-south-1.amazonaws.com/https%3A/%2Fap-south-1.console.aws.amazon.com/s3/buckets/solsticedev%3Fregion%3Dap-south-1%26bucketType%3Dgeneral%26prefix%3Dcms/%26showversions%3Dfalse/WhatsApp%20Image%202023-04-10%20at%209.47.30%20PM.jpeg; https://solsticeprod.s3.ap-south-1.amazonaws.com/https%3A/%2Fap-south-1.console.aws.amazon.com/s3/buckets/solsticedev%3Fregion%3Dap-south-1%26bucketType%3Dgeneral%26prefix%3Dcms/%26showversions%3Dfalse/3-2.jpg; https://solsticeprod.s3.ap-south-1.amazonaws.com/https%3A/%2Fap-south-1.console.aws.amazon.com/s3/buckets/solsticedev%3Fregion%3Dap-south-1%26bucketType%3Dgeneral%26prefix%3Dcms/%26showversions%3Dfalse/WhatsApp%20Image%202023-07-10%20at%2013.03.21%20%281%29.jpeg","entryway/bathroom","modern minimalist with indian influences","{}","entryway/bathroom, modern minimalist with indian influences, efficient use of vertical space, white, brown, marble, gold, gray, wood, metal, ceramic, marble flooring, wooden cabinets, round mirror, wall-mounted shelves, wall-mounted cabinets, vertical shelves, cabinet doors, glass inserts, wooden frame, circular shape, marble countertop, integrated sink, smooth surface, wooden storage units, vertical storage, horizontal slats, vases, modern design, colorful, simple shapes, modern minimalist, indian influences"
"General TV Unit Design","Luxury Indian TV unit designs",20,18,90,67.65,"enhanced_object_search",false,0,"https://solsticeprod.s3.ap-south-1.amazonaws.com/https%3A/%2Fap-south-1.console.aws.amazon.com/s3/buckets/solsticedev%3Fregion%3Dap-south-1%26bucketType%3Dgeneral%26prefix%3Dcms/%26showversions%3Dfalse/Screenshot%202024-07-11%20at%201.18.16%E2%80%AFPM.png; https://solsticeprod.s3.ap-south-1.amazonaws.com/https%3A/%2Fap-south-1.console.aws.amazon.com/s3/buckets/solsticedev%3Fregion%3Dap-south-1%26bucketType%3Dgeneral%26prefix%3Dcms/%26showversions%3Dfalse/Screenshot%202024-07-11%20at%201.18.08%E2%80%AFPM.png; https://solsticeprod.s3.ap-south-1.amazonaws.com/https%3A/%2Fap-south-1.console.aws.amazon.com/s3/buckets/solsticedev%3Fregion%3Dap-south-1%26bucketType%3Dgeneral%26prefix%3Dcms/%26showversions%3Dfalse/Screenshot%202024-07-11%20at%203.11.13%E2%80%AFPM.png; https://solsticeprod.s3.ap-south-1.amazonaws.com/https%3A/%2Fap-south-1.console.aws.amazon.com/s3/buckets/solsticedev%3Fregion%3Dap-south-1%26bucketType%3Dgeneral%26prefix%3Dcms/%26showversions%3Dfalse/Screenshot%202024-07-11%20at%203.01.48%E2%80%AFPM.png; https://solsticeprod.s3.ap-south-1.amazonaws.com/https%3A/%2Fap-south-1.console.aws.amazon.com/s3/buckets/solsticedev%3Fregion%3Dap-south-1%26bucketType%3Dgeneral%26prefix%3Dcms/%26showversions%3Dfalse/Screenshot%202024-07-11%20at%201.18.03%E2%80%AFPM.png; https://solsticeprod.s3.ap-south-1.amazonaws.com/https%3A/%2Fap-south-1.console.aws.amazon.com/s3/buckets/solsticedev%3Fregion%3Dap-south-1%26bucketType%3Dgeneral%26prefix%3Dcms/%26showversions%3Dfalse/WhatsApp%20Image%202023-07-10%20at%2013.03.21%20%281%29.jpeg; https://solsticeprod.s3.ap-south-1.amazonaws.com/https%3A/%2Fap-south-1.console.aws.amazon.com/s3/buckets/solsticedev%3Fregion%3Dap-south-1%26bucketType%3Dgeneral%26prefix%3Dcms/%26showversions%3Dfalse/Screenshot%202024-07-11%20at%203.02.17%E2%80%AFPM.png; https://solsticeprod.s3.ap-south-1.amazonaws.com/https%3A/%2Fap-south-1.console.aws.amazon.com/s3/buckets/solsticedev%3Fregion%3Dap-south-1%26bucketType%3Dgeneral%26prefix%3Dcms/%26showversions%3Dfalse/WhatsApp%20Image%202023-04-10%20at%209.47.21%20PM.jpeg; https://solsticeprod.s3.ap-south-1.amazonaws.com/https%3A/%2Fap-south-1.console.aws.amazon.com/s3/buckets/solsticedev%3Fregion%3Dap-south-1%26bucketType%3Dgeneral%26prefix%3Dcms/%26showversions%3Dfalse/WhatsApp%20Image%202023-07-10%20at%2013.03.28.jpeg; https://solsticeprod.s3.ap-south-1.amazonaws.com/https%3A/%2Fap-south-1.console.aws.amazon.com/s3/buckets/solsticedev%3Fregion%3Dap-south-1%26bucketType%3Dgeneral%26prefix%3Dcms/%26showversions%3Dfalse/Screenshot%202024-07-11%20at%203.01.08%E2%80%AFPM.png; https://solsticeprod.s3.ap-south-1.amazonaws.com/https%3A/%2Fap-south-1.console.aws.amazon.com/s3/buckets/solsticedev%3Fregion%3Dap-south-1%26bucketType%3Dgeneral%26prefix%3Dcms/%26showversions%3Dfalse/Screenshot%202024-07-11%20at%203.02.06%E2%80%AFPM.png; https://solsticeprod.s3.ap-south-1.amazonaws.com/https%3A/%2Fap-south-1.console.aws.amazon.com/s3/buckets/solsticedev%3Fregion%3Dap-south-1%26bucketType%3Dgeneral%26prefix%3Dcms/%26showversions%3Dfalse/WhatsApp%20Image%202023-04-10%20at%209.49.55%20PM.jpeg; https://solsticeprod.s3.ap-south-1.amazonaws.com/https%3A/%2Fap-south-1.console.aws.amazon.com/s3/buckets/solsticedev%3Fregion%3Dap-south-1%26bucketType%3Dgeneral%26prefix%3Dcms/%26showversions%3Dfalse/Screenshot%202024-07-11%20at%201.23.08%E2%80%AFPM.png; https://solsticeprod.s3.ap-south-1.amazonaws.com/https%3A/%2Fap-south-1.console.aws.amazon.com/s3/buckets/solsticedev%3Fregion%3Dap-south-1%26bucketType%3Dgeneral%26prefix%3Dcms/%26showversions%3Dfalse/Screenshot%202024-07-11%20at%203.02.13%E2%80%AFPM.png; https://solsticeprod.s3.ap-south-1.amazonaws.com/https%3A/%2Fap-south-1.console.aws.amazon.com/s3/buckets/solsticedev%3Fregion%3Dap-south-1%26bucketType%3Dgeneral%26prefix%3Dcms/%26showversions%3Dfalse/Screenshot%202024-07-11%20at%201.23.36%E2%80%AFPM.png; https://solsticeprod.s3.ap-south-1.amazonaws.com/https%3A/%2Fap-south-1.console.aws.amazon.com/s3/buckets/solsticedev%3Fregion%3Dap-south-1%26bucketType%3Dgeneral%26prefix%3Dcms/%26showversions%3Dfalse/WhatsApp%20Image%202023-04-10%20at%209.47.30%20PM.jpeg; https://solsticeprod.s3.ap-south-1.amazonaws.com/https%3A/%2Fap-south-1.console.aws.amazon.com/s3/buckets/solsticedev%3Fregion%3Dap-south-1%26bucketType%3Dgeneral%26prefix%3Dcms/%26showversions%3Dfalse/WhatsApp%20Image%202023-04-10%20at%209.47.32%20PM%20%281%29.jpeg; https://solsticeprod.s3.ap-south-1.amazonaws.com/https%3A/%2Fap-south-1.console.aws.amazon.com/s3/buckets/solsticedev%3Fregion%3Dap-south-1%26bucketType%3Dgeneral%26prefix%3Dcms/%26showversions%3Dfalse/WhatsApp%20Image%202023-07-10%20at%2013.03.28.jpeg; https://solsticeprod.s3.ap-south-1.amazonaws.com/https%3A/%2Fap-south-1.console.aws.amazon.com/s3/buckets/solsticedev%3Fregion%3Dap-south-1%26bucketType%3Dgeneral%26prefix%3Dcms/%26showversions%3Dfalse/ABN00593.JPG; https://solsticeprod.s3.ap-south-1.amazonaws.com/https%3A/%2Fap-south-1.console.aws.amazon.com/s3/buckets/solsticedev%3Fregion%3Dap-south-1%26bucketType%3Dgeneral%26prefix%3Dcms/%26showversions%3Dfalse/Screenshot%202024-07-11%20at%203.02.26%E2%80%AFPM.png","entryway/bathroom","modern minimalist with indian influences","{}","entryway/bathroom, modern minimalist with indian influences, efficient use of vertical space, white, brown, marble, gold, gray, wood, metal, ceramic, marble flooring, wooden cabinets, round mirror, wall-mounted shelves, wall-mounted cabinets, vertical shelves, cabinet doors, glass inserts, wooden frame, circular shape, marble countertop, integrated sink, smooth surface, wooden storage units, vertical storage, horizontal slats, vases, modern design, colorful, simple shapes, modern minimalist, indian influences"
"General TV Unit Design","TV unit design for Indian homes",2,2,100,100,"focused_room_search",false,0,"https://solsticeprod.s3.ap-south-1.amazonaws.com/https%3A/%2Fap-south-1.console.aws.amazon.com/s3/buckets/solsticedev%3Fregion%3Dap-south-1%26bucketType%3Dgeneral%26prefix%3Dcms/%26showversions%3Dfalse/ABN00623.JPG; https://solsticeprod.s3.ap-south-1.amazonaws.com/https%3A/%2Fap-south-1.console.aws.amazon.com/s3/buckets/solsticedev%3Fregion%3Dap-south-1%26bucketType%3Dgeneral%26prefix%3Dcms/%26showversions%3Dfalse/WhatsApp%20Image%202023-04-10%20at%209.49.55%20PM.jpeg","Kitchen/Dining Area","Contemporary Indian Fusion","{"colors":["White marble","Green cabinetry","Wooden tones","Gold accents"],"materials":["Marble","Glass","Wood","Metal"],"primary_features":["Open-plan kitchen with island","Modern lighting with traditional accents","Marble countertops","Wooden staircase with glass railings"],"object_types":["Round dining table","Kitchen island","Staircase"],"object_features":["Wooden finish","Center flower bowl","White countertop","Integrated sink","Decorative plant","Wooden steps","Glass railings","Decorative handrail"],"object_materials":["Wood","Metal (for bowl handles)","Marble","Metal (for sink and faucet)","Wood","Glass"]}","kitchen/dining area, contemporary indian fusion, efficient use of space with an open-plan design connecting kitchen and dining areas, white marble, green cabinetry, wooden tones, gold accents, marble, glass, wood, metal, open-plan kitchen with island, modern lighting with traditional accents, marble countertops, wooden staircase with glass railings, round dining table, wooden finish, center flower bowl, kitchen island, white countertop, integrated sink, decorative plant, staircase, wooden steps, glass railings, decorative handrail, indian fusion, contemporary design, open-plan space, modern light fixtures, wooden staircase"
"Living Room Furniture","Sofa set designs for Indian living room",7,7,100,100,"focused_room_search",false,0,"https://solsticeprod.s3.ap-south-1.amazonaws.com/https%3A/%2Fap-south-1.console.aws.amazon.com/s3/buckets/solsticedev%3Fregion%3Dap-south-1%26bucketType%3Dgeneral%26prefix%3Dcms/%26showversions%3Dfalse/Screenshot%202024-07-11%20at%201.18.08%E2%80%AFPM.png; https://solsticeprod.s3.ap-south-1.amazonaws.com/https%3A/%2Fap-south-1.console.aws.amazon.com/s3/buckets/solsticedev%3Fregion%3Dap-south-1%26bucketType%3Dgeneral%26prefix%3Dcms/%26showversions%3Dfalse/ABN00593.JPG; https://solsticeprod.s3.ap-south-1.amazonaws.com/https%3A/%2Fap-south-1.console.aws.amazon.com/s3/buckets/solsticedev%3Fregion%3Dap-south-1%26bucketType%3Dgeneral%26prefix%3Dcms/%26showversions%3Dfalse/ABN00678.JPG; https://solsticeprod.s3.ap-south-1.amazonaws.com/https%3A/%2Fap-south-1.console.aws.amazon.com/s3/buckets/solsticedev%3Fregion%3Dap-south-1%26bucketType%3Dgeneral%26prefix%3Dcms/%26showversions%3Dfalse/Screenshot%202024-07-11%20at%203.01.08%E2%80%AFPM.png; https://solsticeprod.s3.ap-south-1.amazonaws.com/https%3A/%2Fap-south-1.console.aws.amazon.com/s3/buckets/solsticedev%3Fregion%3Dap-south-1%26bucketType%3Dgeneral%26prefix%3Dcms/%26showversions%3Dfalse/3-2.jpg; https://solsticeprod.s3.ap-south-1.amazonaws.com/https%3A/%2Fap-south-1.console.aws.amazon.com/s3/buckets/solsticedev%3Fregion%3Dap-south-1%26bucketType%3Dgeneral%26prefix%3Dcms/%26showversions%3Dfalse/Screenshot%202024-07-11%20at%203.11.13%E2%80%AFPM.png; https://solsticeprod.s3.ap-south-1.amazonaws.com/https%3A/%2Fap-south-1.console.aws.amazon.com/s3/buckets/solsticedev%3Fregion%3Dap-south-1%26bucketType%3Dgeneral%26prefix%3Dcms/%26showversions%3Dfalse/Screenshot%202024-07-11%20at%201.18.03%E2%80%AFPM.png","Living Room","Contemporary Indian Living","{"colors":["Beige","White","Dark wood","Green","Gold"],"materials":["Marble","Wood","Metal","Glass","Fabric"],"primary_features":["Marble flooring","White ceiling with recessed lighting","Textured wall paneling","Modular shelving unit","Sofa with patterned cushions","Round coffee table"],"object_types":["Sofa","Round Coffee Table","Shelving Unit","Bar Counter"],"object_features":["Beige fabric","Patterned throw pillows","Metal base","Glass top","Dark wooden finish","Open shelves","Modern design","Wooden finish","Built-in shelves"],"object_materials":["Fabric","Foam","Metal","Glass","Wood","Wood"]}","living room, contemporary indian living, optimized for functionality with a bar counter and shelving unit, beige, white, dark wood, green, gold, marble, wood, metal, glass, fabric, marble flooring, white ceiling with recessed lighting, textured wall paneling, modular shelving unit, sofa with patterned cushions, round coffee table, sofa, beige fabric, patterned throw pillows, metal base, glass top, shelving unit, dark wooden finish, open shelves, modern design, bar counter, wooden finish, built-in shelves, contemporary indian, sofa with cushions"
"Living Room Furniture","Coffee table designs India",20,19,95,76.05,"enhanced_object_search",false,0,"https://solsticeprod.s3.ap-south-1.amazonaws.com/https%3A/%2Fap-south-1.console.aws.amazon.com/s3/buckets/solsticedev%3Fregion%3Dap-south-1%26bucketType%3Dgeneral%26prefix%3Dcms/%26showversions%3Dfalse/Screenshot%202024-07-11%20at%201.23.08%E2%80%AFPM.png; https://solsticeprod.s3.ap-south-1.amazonaws.com/https%3A/%2Fap-south-1.console.aws.amazon.com/s3/buckets/solsticedev%3Fregion%3Dap-south-1%26bucketType%3Dgeneral%26prefix%3Dcms/%26showversions%3Dfalse/ABN00678.JPG; https://solsticeprod.s3.ap-south-1.amazonaws.com/https%3A/%2Fap-south-1.console.aws.amazon.com/s3/buckets/solsticedev%3Fregion%3Dap-south-1%26bucketType%3Dgeneral%26prefix%3Dcms/%26showversions%3Dfalse/ABN00681.JPG; https://solsticeprod.s3.ap-south-1.amazonaws.com/https%3A/%2Fap-south-1.console.aws.amazon.com/s3/buckets/solsticedev%3Fregion%3Dap-south-1%26bucketType%3Dgeneral%26prefix%3Dcms/%26showversions%3Dfalse/Screenshot%202024-07-11%20at%201.18.08%E2%80%AFPM.png; https://solsticeprod.s3.ap-south-1.amazonaws.com/https%3A/%2Fap-south-1.console.aws.amazon.com/s3/buckets/solsticedev%3Fregion%3Dap-south-1%26bucketType%3Dgeneral%26prefix%3Dcms/%26showversions%3Dfalse/ABN00623.JPG; https://solsticeprod.s3.ap-south-1.amazonaws.com/https%3A/%2Fap-south-1.console.aws.amazon.com/s3/buckets/solsticedev%3Fregion%3Dap-south-1%26bucketType%3Dgeneral%26prefix%3Dcms/%26showversions%3Dfalse/ABN00593.JPG; https://solsticeprod.s3.ap-south-1.amazonaws.com/https%3A/%2Fap-south-1.console.aws.amazon.com/s3/buckets/solsticedev%3Fregion%3Dap-south-1%26bucketType%3Dgeneral%26prefix%3Dcms/%26showversions%3Dfalse/Screenshot%202024-07-11%20at%203.01.08%E2%80%AFPM.png; https://solsticeprod.s3.ap-south-1.amazonaws.com/https%3A/%2Fap-south-1.console.aws.amazon.com/s3/buckets/solsticedev%3Fregion%3Dap-south-1%26bucketType%3Dgeneral%26prefix%3Dcms/%26showversions%3Dfalse/Screenshot%202024-07-11%20at%203.11.13%E2%80%AFPM.png; https://solsticeprod.s3.ap-south-1.amazonaws.com/https%3A/%2Fap-south-1.console.aws.amazon.com/s3/buckets/solsticedev%3Fregion%3Dap-south-1%26bucketType%3Dgeneral%26prefix%3Dcms/%26showversions%3Dfalse/3-2.jpg; https://solsticeprod.s3.ap-south-1.amazonaws.com/https%3A/%2Fap-south-1.console.aws.amazon.com/s3/buckets/solsticedev%3Fregion%3Dap-south-1%26bucketType%3Dgeneral%26prefix%3Dcms/%26showversions%3Dfalse/ABN00640.JPG; https://solsticeprod.s3.ap-south-1.amazonaws.com/https%3A/%2Fap-south-1.console.aws.amazon.com/s3/buckets/solsticedev%3Fregion%3Dap-south-1%26bucketType%3Dgeneral%26prefix%3Dcms/%26showversions%3Dfalse/WhatsApp%20Image%202023-07-10%20at%2013.03.21%20%281%29.jpeg; https://solsticeprod.s3.ap-south-1.amazonaws.com/https%3A/%2Fap-south-1.console.aws.amazon.com/s3/buckets/solsticedev%3Fregion%3Dap-south-1%26bucketType%3Dgeneral%26prefix%3Dcms/%26showversions%3Dfalse/Screenshot%202024-07-11%20at%203.02.17%E2%80%AFPM.png; https://solsticeprod.s3.ap-south-1.amazonaws.com/https%3A/%2Fap-south-1.console.aws.amazon.com/s3/buckets/solsticedev%3Fregion%3Dap-south-1%26bucketType%3Dgeneral%26prefix%3Dcms/%26showversions%3Dfalse/WhatsApp%20Image%202023-07-10%20at%2013.03.28.jpeg; https://solsticeprod.s3.ap-south-1.amazonaws.com/https%3A/%2Fap-south-1.console.aws.amazon.com/s3/buckets/solsticedev%3Fregion%3Dap-south-1%26bucketType%3Dgeneral%26prefix%3Dcms/%26showversions%3Dfalse/WhatsApp%20Image%202023-04-10%20at%209.49.55%20PM.jpeg; https://solsticeprod.s3.ap-south-1.amazonaws.com/https%3A/%2Fap-south-1.console.aws.amazon.com/s3/buckets/solsticedev%3Fregion%3Dap-south-1%26bucketType%3Dgeneral%26prefix%3Dcms/%26showversions%3Dfalse/Screenshot%202024-07-11%20at%203.02.13%E2%80%AFPM.png; https://solsticeprod.s3.ap-south-1.amazonaws.com/https%3A/%2Fap-south-1.console.aws.amazon.com/s3/buckets/solsticedev%3Fregion%3Dap-south-1%26bucketType%3Dgeneral%26prefix%3Dcms/%26showversions%3Dfalse/Screenshot%202024-07-11%20at%203.02.06%E2%80%AFPM.png; https://solsticeprod.s3.ap-south-1.amazonaws.com/https%3A/%2Fap-south-1.console.aws.amazon.com/s3/buckets/solsticedev%3Fregion%3Dap-south-1%26bucketType%3Dgeneral%26prefix%3Dcms/%26showversions%3Dfalse/3.jpg; https://solsticeprod.s3.ap-south-1.amazonaws.com/https%3A/%2Fap-south-1.console.aws.amazon.com/s3/buckets/solsticedev%3Fregion%3Dap-south-1%26bucketType%3Dgeneral%26prefix%3Dcms/%26showversions%3Dfalse/Screenshot%202024-07-11%20at%203.02.26%E2%80%AFPM.png; https://solsticeprod.s3.ap-south-1.amazonaws.com/https%3A/%2Fap-south-1.console.aws.amazon.com/s3/buckets/solsticedev%3Fregion%3Dap-south-1%26bucketType%3Dgeneral%26prefix%3Dcms/%26showversions%3Dfalse/WhatsApp%20Image%202023-04-10%20at%209.47.32%20PM%20%281%29.jpeg; https://solsticeprod.s3.ap-south-1.amazonaws.com/https%3A/%2Fap-south-1.console.aws.amazon.com/s3/buckets/solsticedev%3Fregion%3Dap-south-1%26bucketType%3Dgeneral%26prefix%3Dcms/%26showversions%3Dfalse/WhatsApp%20Image%202023-04-10%20at%209.47.33%20PM.jpeg","living room with integrated dining area","contemporary indian","{}","living room with integrated dining area, contemporary indian, efficient use of open space with minimal partitions, gray, white, gold, dark gray, green, glass, wood, metal, marble, fabric, modern furniture, open space layout, decorative elements, sofa, tufted design, light gray upholstery, coffee table, glass top, curved wooden base, dining set, marble top table, gold metal frame, white upholstered chairs, wall decor, metal starburst design, wall cabinet, glass doors, open shelves, living room, modern indian, contemporary design, open space, neutral color palette"
"Living Room Furniture","Living room furniture ideas Indian homes",7,7,100,100,"focused_room_search",false,0,"https://solsticeprod.s3.ap-south-1.amazonaws.com/https%3A/%2Fap-south-1.console.aws.amazon.com/s3/buckets/solsticedev%3Fregion%3Dap-south-1%26bucketType%3Dgeneral%26prefix%3Dcms/%26showversions%3Dfalse/Screenshot%202024-07-11%20at%203.01.08%E2%80%AFPM.png; https://solsticeprod.s3.ap-south-1.amazonaws.com/https%3A/%2Fap-south-1.console.aws.amazon.com/s3/buckets/solsticedev%3Fregion%3Dap-south-1%26bucketType%3Dgeneral%26prefix%3Dcms/%26showversions%3Dfalse/Screenshot%202024-07-11%20at%203.11.13%E2%80%AFPM.png; https://solsticeprod.s3.ap-south-1.amazonaws.com/https%3A/%2Fap-south-1.console.aws.amazon.com/s3/buckets/solsticedev%3Fregion%3Dap-south-1%26bucketType%3Dgeneral%26prefix%3Dcms/%26showversions%3Dfalse/ABN00593.JPG; https://solsticeprod.s3.ap-south-1.amazonaws.com/https%3A/%2Fap-south-1.console.aws.amazon.com/s3/buckets/solsticedev%3Fregion%3Dap-south-1%26bucketType%3Dgeneral%26prefix%3Dcms/%26showversions%3Dfalse/Screenshot%202024-07-11%20at%201.18.08%E2%80%AFPM.png; https://solsticeprod.s3.ap-south-1.amazonaws.com/https%3A/%2Fap-south-1.console.aws.amazon.com/s3/buckets/solsticedev%3Fregion%3Dap-south-1%26bucketType%3Dgeneral%26prefix%3Dcms/%26showversions%3Dfalse/3-2.jpg; https://solsticeprod.s3.ap-south-1.amazonaws.com/https%3A/%2Fap-south-1.console.aws.amazon.com/s3/buckets/solsticedev%3Fregion%3Dap-south-1%26bucketType%3Dgeneral%26prefix%3Dcms/%26showversions%3Dfalse/Screenshot%202024-07-11%20at%201.18.03%E2%80%AFPM.png; https://solsticeprod.s3.ap-south-1.amazonaws.com/https%3A/%2Fap-south-1.console.aws.amazon.com/s3/buckets/solsticedev%3Fregion%3Dap-south-1%26bucketType%3Dgeneral%26prefix%3Dcms/%26showversions%3Dfalse/ABN00678.JPG","Living Room","Modern Indian Interior","{"colors":["White","Gold","Grey","Black"],"materials":["Marble","Metal","Glass","Fabric"],"primary_features":["High ceiling","Large television","Geometric rug","Contemporary furniture","Chandelier"],"object_types":["Television","Furniture","Coffee Table","Chandelier"],"object_features":["Flat-screen design","Large size","Modern L-shaped sofa","Black and white color scheme","Minimalist design","Low and sleek design","Dark color","Storage space","Golden with geometric shapes"],"object_materials":["likely LED/AMOLED display","Fabric","Metal","Glass","Metal","Metal"]}","living room, modern indian interior, efficient use of space with a focus on comfort and functionality, white, gold, grey, black, marble, metal, glass, fabric, high ceiling, large television, geometric rug, contemporary furniture, chandelier, television, flat-screen design, large size, furniture, modern l-shaped sofa, black and white color scheme, minimalist design, coffee table, low and sleek design, dark color, storage space, golden with geometric shapes, modern indian design, marble wall"
"Living Room Furniture","TV cabinet designs Indian style",20,20,100,88.65,"enhanced_object_search",false,0,"https://solsticeprod.s3.ap-south-1.amazonaws.com/https%3A/%2Fap-south-1.console.aws.amazon.com/s3/buckets/solsticedev%3Fregion%3Dap-south-1%26bucketType%3Dgeneral%26prefix%3Dcms/%26showversions%3Dfalse/Screenshot%202024-07-11%20at%201.18.16%E2%80%AFPM.png; https://solsticeprod.s3.ap-south-1.amazonaws.com/https%3A/%2Fap-south-1.console.aws.amazon.com/s3/buckets/solsticedev%3Fregion%3Dap-south-1%26bucketType%3Dgeneral%26prefix%3Dcms/%26showversions%3Dfalse/Screenshot%202024-07-11%20at%203.02.01%E2%80%AFPM.png; https://solsticeprod.s3.ap-south-1.amazonaws.com/https%3A/%2Fap-south-1.console.aws.amazon.com/s3/buckets/solsticedev%3Fregion%3Dap-south-1%26bucketType%3Dgeneral%26prefix%3Dcms/%26showversions%3Dfalse/Screenshot%202024-07-11%20at%201.23.08%E2%80%AFPM.png; https://solsticeprod.s3.ap-south-1.amazonaws.com/https%3A/%2Fap-south-1.console.aws.amazon.com/s3/buckets/solsticedev%3Fregion%3Dap-south-1%26bucketType%3Dgeneral%26prefix%3Dcms/%26showversions%3Dfalse/Screenshot%202024-07-11%20at%203.01.18%E2%80%AFPM.png; https://solsticeprod.s3.ap-south-1.amazonaws.com/https%3A/%2Fap-south-1.console.aws.amazon.com/s3/buckets/solsticedev%3Fregion%3Dap-south-1%26bucketType%3Dgeneral%26prefix%3Dcms/%26showversions%3Dfalse/ABN00623.JPG; https://solsticeprod.s3.ap-south-1.amazonaws.com/https%3A/%2Fap-south-1.console.aws.amazon.com/s3/buckets/solsticedev%3Fregion%3Dap-south-1%26bucketType%3Dgeneral%26prefix%3Dcms/%26showversions%3Dfalse/Screenshot%202024-07-11%20at%203.11.13%E2%80%AFPM.png; https://solsticeprod.s3.ap-south-1.amazonaws.com/https%3A/%2Fap-south-1.console.aws.amazon.com/s3/buckets/solsticedev%3Fregion%3Dap-south-1%26bucketType%3Dgeneral%26prefix%3Dcms/%26showversions%3Dfalse/Screenshot%202024-07-11%20at%203.01.24%E2%80%AFPM.png; https://solsticeprod.s3.ap-south-1.amazonaws.com/https%3A/%2Fap-south-1.console.aws.amazon.com/s3/buckets/solsticedev%3Fregion%3Dap-south-1%26bucketType%3Dgeneral%26prefix%3Dcms/%26showversions%3Dfalse/Screenshot%202024-07-11%20at%203.01.48%E2%80%AFPM.png; https://solsticeprod.s3.ap-south-1.amazonaws.com/https%3A/%2Fap-south-1.console.aws.amazon.com/s3/buckets/solsticedev%3Fregion%3Dap-south-1%26bucketType%3Dgeneral%26prefix%3Dcms/%26showversions%3Dfalse/WhatsApp%20Image%202023-07-10%20at%2013.03.29.jpeg; https://solsticeprod.s3.ap-south-1.amazonaws.com/https%3A/%2Fap-south-1.console.aws.amazon.com/s3/buckets/solsticedev%3Fregion%3Dap-south-1%26bucketType%3Dgeneral%26prefix%3Dcms/%26showversions%3Dfalse/Screenshot%202024-07-11%20at%201.18.03%E2%80%AFPM.png; https://solsticeprod.s3.ap-south-1.amazonaws.com/https%3A/%2Fap-south-1.console.aws.amazon.com/s3/buckets/solsticedev%3Fregion%3Dap-south-1%26bucketType%3Dgeneral%26prefix%3Dcms/%26showversions%3Dfalse/WhatsApp%20Image%202023-04-10%20at%209.49.55%20PM.jpeg; https://solsticeprod.s3.ap-south-1.amazonaws.com/https%3A/%2Fap-south-1.console.aws.amazon.com/s3/buckets/solsticedev%3Fregion%3Dap-south-1%26bucketType%3Dgeneral%26prefix%3Dcms/%26showversions%3Dfalse/WhatsApp%20Image%202023-04-10%20at%209.47.04%20PM.jpeg; https://solsticeprod.s3.ap-south-1.amazonaws.com/https%3A/%2Fap-south-1.console.aws.amazon.com/s3/buckets/solsticedev%3Fregion%3Dap-south-1%26bucketType%3Dgeneral%26prefix%3Dcms/%26showversions%3Dfalse/WhatsApp%20Image%202023-07-10%20at%2013.03.21%20%281%29.jpeg; https://solsticeprod.s3.ap-south-1.amazonaws.com/https%3A/%2Fap-south-1.console.aws.amazon.com/s3/buckets/solsticedev%3Fregion%3Dap-south-1%26bucketType%3Dgeneral%26prefix%3Dcms/%26showversions%3Dfalse/Screenshot%202024-07-11%20at%203.02.17%E2%80%AFPM.png; https://solsticeprod.s3.ap-south-1.amazonaws.com/https%3A/%2Fap-south-1.console.aws.amazon.com/s3/buckets/solsticedev%3Fregion%3Dap-south-1%26bucketType%3Dgeneral%26prefix%3Dcms/%26showversions%3Dfalse/WhatsApp%20Image%202023-04-10%20at%209.49.50%20PM%20%281%29.jpeg; https://solsticeprod.s3.ap-south-1.amazonaws.com/https%3A/%2Fap-south-1.console.aws.amazon.com/s3/buckets/solsticedev%3Fregion%3Dap-south-1%26bucketType%3Dgeneral%26prefix%3Dcms/%26showversions%3Dfalse/WhatsApp%20Image%202023-04-10%20at%209.47.33%20PM.jpeg; https://solsticeprod.s3.ap-south-1.amazonaws.com/https%3A/%2Fap-south-1.console.aws.amazon.com/s3/buckets/solsticedev%3Fregion%3Dap-south-1%26bucketType%3Dgeneral%26prefix%3Dcms/%26showversions%3Dfalse/ABN00640.JPG; https://solsticeprod.s3.ap-south-1.amazonaws.com/https%3A/%2Fap-south-1.console.aws.amazon.com/s3/buckets/solsticedev%3Fregion%3Dap-south-1%26bucketType%3Dgeneral%26prefix%3Dcms/%26showversions%3Dfalse/Screenshot%202024-07-11%20at%201.18.29%E2%80%AFPM.png; https://solsticeprod.s3.ap-south-1.amazonaws.com/https%3A/%2Fap-south-1.console.aws.amazon.com/s3/buckets/solsticedev%3Fregion%3Dap-south-1%26bucketType%3Dgeneral%26prefix%3Dcms/%26showversions%3Dfalse/Screenshot%202024-07-11%20at%203.02.26%E2%80%AFPM.png; https://solsticeprod.s3.ap-south-1.amazonaws.com/https%3A/%2Fap-south-1.console.aws.amazon.com/s3/buckets/solsticedev%3Fregion%3Dap-south-1%26bucketType%3Dgeneral%26prefix%3Dcms/%26showversions%3Dfalse/WhatsApp%20Image%202023-04-10%20at%209.47.21%20PM.jpeg","entryway/bathroom","modern minimalist with indian influences","{}","entryway/bathroom, modern minimalist with indian influences, efficient use of vertical space, white, brown, marble, gold, gray, wood, metal, ceramic, marble flooring, wooden cabinets, round mirror, wall-mounted shelves, wall-mounted cabinets, vertical shelves, cabinet doors, glass inserts, wooden frame, circular shape, marble countertop, integrated sink, smooth surface, wooden storage units, vertical storage, horizontal slats, vases, modern design, colorful, simple shapes, modern minimalist, indian influences"
"Living Room Furniture","Center table designs for living room",7,7,100,100,"focused_room_search",false,0,"https://solsticeprod.s3.ap-south-1.amazonaws.com/https%3A/%2Fap-south-1.console.aws.amazon.com/s3/buckets/solsticedev%3Fregion%3Dap-south-1%26bucketType%3Dgeneral%26prefix%3Dcms/%26showversions%3Dfalse/Screenshot%202024-07-11%20at%201.18.08%E2%80%AFPM.png; https://solsticeprod.s3.ap-south-1.amazonaws.com/https%3A/%2Fap-south-1.console.aws.amazon.com/s3/buckets/solsticedev%3Fregion%3Dap-south-1%26bucketType%3Dgeneral%26prefix%3Dcms/%26showversions%3Dfalse/ABN00593.JPG; https://solsticeprod.s3.ap-south-1.amazonaws.com/https%3A/%2Fap-south-1.console.aws.amazon.com/s3/buckets/solsticedev%3Fregion%3Dap-south-1%26bucketType%3Dgeneral%26prefix%3Dcms/%26showversions%3Dfalse/Screenshot%202024-07-11%20at%203.01.08%E2%80%AFPM.png; https://solsticeprod.s3.ap-south-1.amazonaws.com/https%3A/%2Fap-south-1.console.aws.amazon.com/s3/buckets/solsticedev%3Fregion%3Dap-south-1%26bucketType%3Dgeneral%26prefix%3Dcms/%26showversions%3Dfalse/3-2.jpg; https://solsticeprod.s3.ap-south-1.amazonaws.com/https%3A/%2Fap-south-1.console.aws.amazon.com/s3/buckets/solsticedev%3Fregion%3Dap-south-1%26bucketType%3Dgeneral%26prefix%3Dcms/%26showversions%3Dfalse/Screenshot%202024-07-11%20at%203.11.13%E2%80%AFPM.png; https://solsticeprod.s3.ap-south-1.amazonaws.com/https%3A/%2Fap-south-1.console.aws.amazon.com/s3/buckets/solsticedev%3Fregion%3Dap-south-1%26bucketType%3Dgeneral%26prefix%3Dcms/%26showversions%3Dfalse/ABN00678.JPG; https://solsticeprod.s3.ap-south-1.amazonaws.com/https%3A/%2Fap-south-1.console.aws.amazon.com/s3/buckets/solsticedev%3Fregion%3Dap-south-1%26bucketType%3Dgeneral%26prefix%3Dcms/%26showversions%3Dfalse/Screenshot%202024-07-11%20at%201.18.03%E2%80%AFPM.png","Living Room","Contemporary Indian Living","{"colors":["Beige","White","Dark wood","Green","Gold"],"materials":["Marble","Wood","Metal","Glass","Fabric"],"primary_features":["Marble flooring","White ceiling with recessed lighting","Textured wall paneling","Modular shelving unit","Sofa with patterned cushions","Round coffee table"],"object_types":["Sofa","Round Coffee Table","Shelving Unit","Bar Counter"],"object_features":["Beige fabric","Patterned throw pillows","Metal base","Glass top","Dark wooden finish","Open shelves","Modern design","Wooden finish","Built-in shelves"],"object_materials":["Fabric","Foam","Metal","Glass","Wood","Wood"]}","living room, contemporary indian living, optimized for functionality with a bar counter and shelving unit, beige, white, dark wood, green, gold, marble, wood, metal, glass, fabric, marble flooring, white ceiling with recessed lighting, textured wall paneling, modular shelving unit, sofa with patterned cushions, round coffee table, sofa, beige fabric, patterned throw pillows, metal base, glass top, shelving unit, dark wooden finish, open shelves, modern design, bar counter, wooden finish, built-in shelves, contemporary indian, sofa with cushions"
"Living Room Furniture","Living room seating arrangement ideas",7,7,100,97.14,"focused_room_search",false,0,"https://solsticeprod.s3.ap-south-1.amazonaws.com/https%3A/%2Fap-south-1.console.aws.amazon.com/s3/buckets/solsticedev%3Fregion%3Dap-south-1%26bucketType%3Dgeneral%26prefix%3Dcms/%26showversions%3Dfalse/Screenshot%202024-07-11%20at%201.18.08%E2%80%AFPM.png; https://solsticeprod.s3.ap-south-1.amazonaws.com/https%3A/%2Fap-south-1.console.aws.amazon.com/s3/buckets/solsticedev%3Fregion%3Dap-south-1%26bucketType%3Dgeneral%26prefix%3Dcms/%26showversions%3Dfalse/Screenshot%202024-07-11%20at%203.11.13%E2%80%AFPM.png; https://solsticeprod.s3.ap-south-1.amazonaws.com/https%3A/%2Fap-south-1.console.aws.amazon.com/s3/buckets/solsticedev%3Fregion%3Dap-south-1%26bucketType%3Dgeneral%26prefix%3Dcms/%26showversions%3Dfalse/Screenshot%202024-07-11%20at%203.01.08%E2%80%AFPM.png; https://solsticeprod.s3.ap-south-1.amazonaws.com/https%3A/%2Fap-south-1.console.aws.amazon.com/s3/buckets/solsticedev%3Fregion%3Dap-south-1%26bucketType%3Dgeneral%26prefix%3Dcms/%26showversions%3Dfalse/Screenshot%202024-07-11%20at%201.18.03%E2%80%AFPM.png; https://solsticeprod.s3.ap-south-1.amazonaws.com/https%3A/%2Fap-south-1.console.aws.amazon.com/s3/buckets/solsticedev%3Fregion%3Dap-south-1%26bucketType%3Dgeneral%26prefix%3Dcms/%26showversions%3Dfalse/3-2.jpg; https://solsticeprod.s3.ap-south-1.amazonaws.com/https%3A/%2Fap-south-1.console.aws.amazon.com/s3/buckets/solsticedev%3Fregion%3Dap-south-1%26bucketType%3Dgeneral%26prefix%3Dcms/%26showversions%3Dfalse/ABN00593.JPG; https://solsticeprod.s3.ap-south-1.amazonaws.com/https%3A/%2Fap-south-1.console.aws.amazon.com/s3/buckets/solsticedev%3Fregion%3Dap-south-1%26bucketType%3Dgeneral%26prefix%3Dcms/%26showversions%3Dfalse/ABN00678.JPG","Living Room","Contemporary Indian Living","{"colors":["Beige","White","Dark wood","Green","Gold"],"materials":["Marble","Wood","Metal","Glass","Fabric"],"primary_features":["Marble flooring","White ceiling with recessed lighting","Textured wall paneling","Modular shelving unit","Sofa with patterned cushions","Round coffee table"],"object_types":["Sofa","Round Coffee Table","Shelving Unit","Bar Counter"],"object_features":["Beige fabric","Patterned throw pillows","Metal base","Glass top","Dark wooden finish","Open shelves","Modern design","Wooden finish","Built-in shelves"],"object_materials":["Fabric","Foam","Metal","Glass","Wood","Wood"]}","living room, contemporary indian living, optimized for functionality with a bar counter and shelving unit, beige, white, dark wood, green, gold, marble, wood, metal, glass, fabric, marble flooring, white ceiling with recessed lighting, textured wall paneling, modular shelving unit, sofa with patterned cushions, round coffee table, sofa, beige fabric, patterned throw pillows, metal base, glass top, shelving unit, dark wooden finish, open shelves, modern design, bar counter, wooden finish, built-in shelves, contemporary indian, sofa with cushions"
"Living Room Furniture","Modern sofa designs India",20,20,100,94.1,"enhanced_object_search",false,0,"https://solsticeprod.s3.ap-south-1.amazonaws.com/https%3A/%2Fap-south-1.console.aws.amazon.com/s3/buckets/solsticedev%3Fregion%3Dap-south-1%26bucketType%3Dgeneral%26prefix%3Dcms/%26showversions%3Dfalse/Screenshot%202024-07-11%20at%201.18.16%E2%80%AFPM.png; https://solsticeprod.s3.ap-south-1.amazonaws.com/https%3A/%2Fap-south-1.console.aws.amazon.com/s3/buckets/solsticedev%3Fregion%3Dap-south-1%26bucketType%3Dgeneral%26prefix%3Dcms/%26showversions%3Dfalse/ABN00678.JPG; https://solsticeprod.s3.ap-south-1.amazonaws.com/https%3A/%2Fap-south-1.console.aws.amazon.com/s3/buckets/solsticedev%3Fregion%3Dap-south-1%26bucketType%3Dgeneral%26prefix%3Dcms/%26showversions%3Dfalse/ABN00593.JPG; https://solsticeprod.s3.ap-south-1.amazonaws.com/https%3A/%2Fap-south-1.console.aws.amazon.com/s3/buckets/solsticedev%3Fregion%3Dap-south-1%26bucketType%3Dgeneral%26prefix%3Dcms/%26showversions%3Dfalse/Screenshot%202024-07-11%20at%201.18.08%E2%80%AFPM.png; https://solsticeprod.s3.ap-south-1.amazonaws.com/https%3A/%2Fap-south-1.console.aws.amazon.com/s3/buckets/solsticedev%3Fregion%3Dap-south-1%26bucketType%3Dgeneral%26prefix%3Dcms/%26showversions%3Dfalse/Screenshot%202024-07-11%20at%201.23.08%E2%80%AFPM.png; https://solsticeprod.s3.ap-south-1.amazonaws.com/https%3A/%2Fap-south-1.console.aws.amazon.com/s3/buckets/solsticedev%3Fregion%3Dap-south-1%26bucketType%3Dgeneral%26prefix%3Dcms/%26showversions%3Dfalse/ABN00681.JPG; https://solsticeprod.s3.ap-south-1.amazonaws.com/https%3A/%2Fap-south-1.console.aws.amazon.com/s3/buckets/solsticedev%3Fregion%3Dap-south-1%26bucketType%3Dgeneral%26prefix%3Dcms/%26showversions%3Dfalse/ABN00623.JPG; https://solsticeprod.s3.ap-south-1.amazonaws.com/https%3A/%2Fap-south-1.console.aws.amazon.com/s3/buckets/solsticedev%3Fregion%3Dap-south-1%26bucketType%3Dgeneral%26prefix%3Dcms/%26showversions%3Dfalse/Screenshot%202024-07-11%20at%203.02.01%E2%80%AFPM.png; https://solsticeprod.s3.ap-south-1.amazonaws.com/https%3A/%2Fap-south-1.console.aws.amazon.com/s3/buckets/solsticedev%3Fregion%3Dap-south-1%26bucketType%3Dgeneral%26prefix%3Dcms/%26showversions%3Dfalse/Screenshot%202024-07-11%20at%203.11.13%E2%80%AFPM.png; https://solsticeprod.s3.ap-south-1.amazonaws.com/https%3A/%2Fap-south-1.console.aws.amazon.com/s3/buckets/solsticedev%3Fregion%3Dap-south-1%26bucketType%3Dgeneral%26prefix%3Dcms/%26showversions%3Dfalse/Screenshot%202024-07-11%20at%203.01.08%E2%80%AFPM.png; https://solsticeprod.s3.ap-south-1.amazonaws.com/https%3A/%2Fap-south-1.console.aws.amazon.com/s3/buckets/solsticedev%3Fregion%3Dap-south-1%26bucketType%3Dgeneral%26prefix%3Dcms/%26showversions%3Dfalse/Screenshot%202024-07-11%20at%203.02.13%E2%80%AFPM.png; https://solsticeprod.s3.ap-south-1.amazonaws.com/https%3A/%2Fap-south-1.console.aws.amazon.com/s3/buckets/solsticedev%3Fregion%3Dap-south-1%26bucketType%3Dgeneral%26prefix%3Dcms/%26showversions%3Dfalse/Screenshot%202024-07-11%20at%203.01.48%E2%80%AFPM.png; https://solsticeprod.s3.ap-south-1.amazonaws.com/https%3A/%2Fap-south-1.console.aws.amazon.com/s3/buckets/solsticedev%3Fregion%3Dap-south-1%26bucketType%3Dgeneral%26prefix%3Dcms/%26showversions%3Dfalse/WhatsApp%20Image%202023-04-10%20at%209.47.30%20PM.jpeg; https://solsticeprod.s3.ap-south-1.amazonaws.com/https%3A/%2Fap-south-1.console.aws.amazon.com/s3/buckets/solsticedev%3Fregion%3Dap-south-1%26bucketType%3Dgeneral%26prefix%3Dcms/%26showversions%3Dfalse/Screenshot%202024-07-11%20at%203.01.18%E2%80%AFPM.png; https://solsticeprod.s3.ap-south-1.amazonaws.com/https%3A/%2Fap-south-1.console.aws.amazon.com/s3/buckets/solsticedev%3Fregion%3Dap-south-1%26bucketType%3Dgeneral%26prefix%3Dcms/%26showversions%3Dfalse/3-2.jpg; https://solsticeprod.s3.ap-south-1.amazonaws.com/https%3A/%2Fap-south-1.console.aws.amazon.com/s3/buckets/solsticedev%3Fregion%3Dap-south-1%26bucketType%3Dgeneral%26prefix%3Dcms/%26showversions%3Dfalse/Screenshot%202024-07-11%20at%203.01.24%E2%80%AFPM.png; https://solsticeprod.s3.ap-south-1.amazonaws.com/https%3A/%2Fap-south-1.console.aws.amazon.com/s3/buckets/solsticedev%3Fregion%3Dap-south-1%26bucketType%3Dgeneral%26prefix%3Dcms/%26showversions%3Dfalse/WhatsApp%20Image%202023-04-10%20at%209.49.55%20PM.jpeg; https://solsticeprod.s3.ap-south-1.amazonaws.com/https%3A/%2Fap-south-1.console.aws.amazon.com/s3/buckets/solsticedev%3Fregion%3Dap-south-1%26bucketType%3Dgeneral%26prefix%3Dcms/%26showversions%3Dfalse/ABN00640.JPG; https://solsticeprod.s3.ap-south-1.amazonaws.com/https%3A/%2Fap-south-1.console.aws.amazon.com/s3/buckets/solsticedev%3Fregion%3Dap-south-1%26bucketType%3Dgeneral%26prefix%3Dcms/%26showversions%3Dfalse/WhatsApp%20Image%202023-04-10%20at%209.49.50%20PM%20%281%29.jpeg; https://solsticeprod.s3.ap-south-1.amazonaws.com/https%3A/%2Fap-south-1.console.aws.amazon.com/s3/buckets/solsticedev%3Fregion%3Dap-south-1%26bucketType%3Dgeneral%26prefix%3Dcms/%26showversions%3Dfalse/Screenshot%202024-07-11%20at%203.02.17%E2%80%AFPM.png","entryway/bathroom","modern minimalist with indian influences","{}","entryway/bathroom, modern minimalist with indian influences, efficient use of vertical space, white, brown, marble, gold, gray, wood, metal, ceramic, marble flooring, wooden cabinets, round mirror, wall-mounted shelves, wall-mounted cabinets, vertical shelves, cabinet doors, glass inserts, wooden frame, circular shape, marble countertop, integrated sink, smooth surface, wooden storage units, vertical storage, horizontal slats, vases, modern design, colorful, simple shapes, modern minimalist, indian influences"
"Living Room Furniture","Traditional living room furniture",7,7,100,97.14,"focused_room_search",false,0,"https://solsticeprod.s3.ap-south-1.amazonaws.com/https%3A/%2Fap-south-1.console.aws.amazon.com/s3/buckets/solsticedev%3Fregion%3Dap-south-1%26bucketType%3Dgeneral%26prefix%3Dcms/%26showversions%3Dfalse/Screenshot%202024-07-11%20at%203.01.08%E2%80%AFPM.png; https://solsticeprod.s3.ap-south-1.amazonaws.com/https%3A/%2Fap-south-1.console.aws.amazon.com/s3/buckets/solsticedev%3Fregion%3Dap-south-1%26bucketType%3Dgeneral%26prefix%3Dcms/%26showversions%3Dfalse/ABN00593.JPG; https://solsticeprod.s3.ap-south-1.amazonaws.com/https%3A/%2Fap-south-1.console.aws.amazon.com/s3/buckets/solsticedev%3Fregion%3Dap-south-1%26bucketType%3Dgeneral%26prefix%3Dcms/%26showversions%3Dfalse/3-2.jpg; https://solsticeprod.s3.ap-south-1.amazonaws.com/https%3A/%2Fap-south-1.console.aws.amazon.com/s3/buckets/solsticedev%3Fregion%3Dap-south-1%26bucketType%3Dgeneral%26prefix%3Dcms/%26showversions%3Dfalse/Screenshot%202024-07-11%20at%201.18.08%E2%80%AFPM.png; https://solsticeprod.s3.ap-south-1.amazonaws.com/https%3A/%2Fap-south-1.console.aws.amazon.com/s3/buckets/solsticedev%3Fregion%3Dap-south-1%26bucketType%3Dgeneral%26prefix%3Dcms/%26showversions%3Dfalse/Screenshot%202024-07-11%20at%203.11.13%E2%80%AFPM.png; https://solsticeprod.s3.ap-south-1.amazonaws.com/https%3A/%2Fap-south-1.console.aws.amazon.com/s3/buckets/solsticedev%3Fregion%3Dap-south-1%26bucketType%3Dgeneral%26prefix%3Dcms/%26showversions%3Dfalse/Screenshot%202024-07-11%20at%201.18.03%E2%80%AFPM.png; https://solsticeprod.s3.ap-south-1.amazonaws.com/https%3A/%2Fap-south-1.console.aws.amazon.com/s3/buckets/solsticedev%3Fregion%3Dap-south-1%26bucketType%3Dgeneral%26prefix%3Dcms/%26showversions%3Dfalse/ABN00678.JPG","Living Room","Modern Indian Interior","{"colors":["White","Gold","Grey","Black"],"materials":["Marble","Metal","Glass","Fabric"],"primary_features":["High ceiling","Large television","Geometric rug","Contemporary furniture","Chandelier"],"object_types":["Television","Furniture","Coffee Table","Chandelier"],"object_features":["Flat-screen design","Large size","Modern L-shaped sofa","Black and white color scheme","Minimalist design","Low and sleek design","Dark color","Storage space","Golden with geometric shapes"],"object_materials":["likely LED/AMOLED display","Fabric","Metal","Glass","Metal","Metal"]}","living room, modern indian interior, efficient use of space with a focus on comfort and functionality, white, gold, grey, black, marble, metal, glass, fabric, high ceiling, large television, geometric rug, contemporary furniture, chandelier, television, flat-screen design, large size, furniture, modern l-shaped sofa, black and white color scheme, minimalist design, coffee table, low and sleek design, dark color, storage space, golden with geometric shapes, modern indian design, marble wall"
"Bedroom Furniture","Bed designs for Indian bedroom",9,9,100,100,"focused_room_search",false,0,"https://solsticeprod.s3.ap-south-1.amazonaws.com/https%3A/%2Fap-south-1.console.aws.amazon.com/s3/buckets/solsticedev%3Fregion%3Dap-south-1%26bucketType%3Dgeneral%26prefix%3Dcms/%26showversions%3Dfalse/Screenshot%202024-07-11%20at%203.02.17%E2%80%AFPM.png; https://solsticeprod.s3.ap-south-1.amazonaws.com/https%3A/%2Fap-south-1.console.aws.amazon.com/s3/buckets/solsticedev%3Fregion%3Dap-south-1%26bucketType%3Dgeneral%26prefix%3Dcms/%26showversions%3Dfalse/WhatsApp%20Image%202023-04-10%20at%209.47.30%20PM.jpeg; https://solsticeprod.s3.ap-south-1.amazonaws.com/https%3A/%2Fap-south-1.console.aws.amazon.com/s3/buckets/solsticedev%3Fregion%3Dap-south-1%26bucketType%3Dgeneral%26prefix%3Dcms/%26showversions%3Dfalse/Screenshot%202024-07-11%20at%201.23.30%E2%80%AFPM.png; https://solsticeprod.s3.ap-south-1.amazonaws.com/https%3A/%2Fap-south-1.console.aws.amazon.com/s3/buckets/solsticedev%3Fregion%3Dap-south-1%26bucketType%3Dgeneral%26prefix%3Dcms/%26showversions%3Dfalse/WhatsApp%20Image%202023-07-10%20at%2013.03.29.jpeg; https://solsticeprod.s3.ap-south-1.amazonaws.com/https%3A/%2Fap-south-1.console.aws.amazon.com/s3/buckets/solsticedev%3Fregion%3Dap-south-1%26bucketType%3Dgeneral%26prefix%3Dcms/%26showversions%3Dfalse/Screenshot%202024-07-11%20at%203.12.04%E2%80%AFPM.png; https://solsticeprod.s3.ap-south-1.amazonaws.com/https%3A/%2Fap-south-1.console.aws.amazon.com/s3/buckets/solsticedev%3Fregion%3Dap-south-1%26bucketType%3Dgeneral%26prefix%3Dcms/%26showversions%3Dfalse/Screenshot%202024-07-11%20at%203.02.01%E2%80%AFPM.png; https://solsticeprod.s3.ap-south-1.amazonaws.com/https%3A/%2Fap-south-1.console.aws.amazon.com/s3/buckets/solsticedev%3Fregion%3Dap-south-1%26bucketType%3Dgeneral%26prefix%3Dcms/%26showversions%3Dfalse/Screenshot%202024-07-11%20at%203.02.13%E2%80%AFPM.png; https://solsticeprod.s3.ap-south-1.amazonaws.com/https%3A/%2Fap-south-1.console.aws.amazon.com/s3/buckets/solsticedev%3Fregion%3Dap-south-1%26bucketType%3Dgeneral%26prefix%3Dcms/%26showversions%3Dfalse/WhatsApp%20Image%202023-04-10%20at%209.47.32%20PM%20%281%29.jpeg; https://solsticeprod.s3.ap-south-1.amazonaws.com/https%3A/%2Fap-south-1.console.aws.amazon.com/s3/buckets/solsticedev%3Fregion%3Dap-south-1%26bucketType%3Dgeneral%26prefix%3Dcms/%26showversions%3Dfalse/WhatsApp%20Image%202023-04-10%20at%209.47.28%20PM%20%282%29.jpeg","Bedroom","Modern Indian","{"colors":["Pink, beige, green, white, gray, brown"],"materials":["Painted wood, painted MDF, upholstered fabric, canvas"],"primary_features":["Built-in wardrobe","Study desk","Bed with patterned bedspread","Framed artwork"],"object_types":["Built-in wardrobe","Study desk","Bed","Framed artwork"],"object_features":["Green and beige panels with circular designs","Integrated shelves","Pink and white color scheme","Integrated shelving for books","Patterned bedspread with geometric designs","Soft beige headboard","Illustration of a panda with cultural significance"],"object_materials":["Painted wood, possibly MDF or particle board","Painted wood, possibly particle board","Fabric for bedspread, upholstered headboard","Canvas, possibly MDF for frame"]}","bedroom, modern indian, efficient use of space with built-in furniture, pink, beige, green, white, gray, brown, painted wood, painted mdf, upholstered fabric, canvas, built-in wardrobe, study desk, bed with patterned bedspread, framed artwork, green and beige panels with circular designs, integrated shelves, pink and white color scheme, integrated shelving for books, bed, patterned bedspread with geometric designs, soft beige headboard, illustration of a panda with cultural significance, built-in furniture, cultural artwork, soft lighting"
"Bedroom Furniture","Wardrobe designs Indian style",2,2,100,93.4,"focused_room_search",false,0,"https://solsticeprod.s3.ap-south-1.amazonaws.com/https%3A/%2Fap-south-1.console.aws.amazon.com/s3/buckets/solsticedev%3Fregion%3Dap-south-1%26bucketType%3Dgeneral%26prefix%3Dcms/%26showversions%3Dfalse/WhatsApp%20Image%202023-04-10%20at%209.47.33%20PM.jpeg; https://solsticeprod.s3.ap-south-1.amazonaws.com/https%3A/%2Fap-south-1.console.aws.amazon.com/s3/buckets/solsticedev%3Fregion%3Dap-south-1%26bucketType%3Dgeneral%26prefix%3Dcms/%26showversions%3Dfalse/WhatsApp%20Image%202023-04-10%20at%209.49.50%20PM%20%281%29.jpeg","Walk-in wardrobe","Modern Indian design with traditional influences","{"colors":["White","Green","Yellow","Pink"],"materials":["MDF, Paint"],"primary_features":["Built-in wardrobe with multiple storage compartments","Compact organization","Integrated lighting"],"object_types":["Built-in wardrobe"],"object_features":["Multiple compartments for storage","Integrated mirror","Built-in desk space"],"object_materials":["MDF or similar","Painted finish"]}","walk-in wardrobe, modern indian design with traditional influences, efficient use of space with built-in storage, white, green, yellow, pink, mdf, paint, built-in wardrobe with multiple storage compartments, compact organization, integrated lighting, built-in wardrobe, multiple compartments for storage, integrated mirror, built-in desk space, indian interior design, modern indian style, built-in storage, compact design, colorful palette"
"Bedroom Furniture","Bedside table designs",7,1,14.29,8.35,"focused_room_search",false,0,"https://solsticeprod.s3.ap-south-1.amazonaws.com/https%3A/%2Fap-south-1.console.aws.amazon.com/s3/buckets/solsticedev%3Fregion%3Dap-south-1%26bucketType%3Dgeneral%26prefix%3Dcms/%26showversions%3Dfalse/Screenshot%202024-07-11%20at%203.02.17%E2%80%AFPM.png; https://solsticeprod.s3.ap-south-1.amazonaws.com/https%3A/%2Fap-south-1.console.aws.amazon.com/s3/buckets/solsticedev%3Fregion%3Dap-south-1%26bucketType%3Dgeneral%26prefix%3Dcms/%26showversions%3Dfalse/Screenshot%202024-07-11%20at%203.02.13%E2%80%AFPM.png; https://solsticeprod.s3.ap-south-1.amazonaws.com/https%3A/%2Fap-south-1.console.aws.amazon.com/s3/buckets/solsticedev%3Fregion%3Dap-south-1%26bucketType%3Dgeneral%26prefix%3Dcms/%26showversions%3Dfalse/WhatsApp%20Image%202023-04-10%20at%209.47.32%20PM%20%281%29.jpeg; https://solsticeprod.s3.ap-south-1.amazonaws.com/https%3A/%2Fap-south-1.console.aws.amazon.com/s3/buckets/solsticedev%3Fregion%3Dap-south-1%26bucketType%3Dgeneral%26prefix%3Dcms/%26showversions%3Dfalse/Screenshot%202024-07-11%20at%203.02.01%E2%80%AFPM.png; https://solsticeprod.s3.ap-south-1.amazonaws.com/https%3A/%2Fap-south-1.console.aws.amazon.com/s3/buckets/solsticedev%3Fregion%3Dap-south-1%26bucketType%3Dgeneral%26prefix%3Dcms/%26showversions%3Dfalse/WhatsApp%20Image%202023-04-10%20at%209.47.30%20PM.jpeg; https://solsticeprod.s3.ap-south-1.amazonaws.com/https%3A/%2Fap-south-1.console.aws.amazon.com/s3/buckets/solsticedev%3Fregion%3Dap-south-1%26bucketType%3Dgeneral%26prefix%3Dcms/%26showversions%3Dfalse/Screenshot%202024-07-11%20at%201.23.30%E2%80%AFPM.png; https://solsticeprod.s3.ap-south-1.amazonaws.com/https%3A/%2Fap-south-1.console.aws.amazon.com/s3/buckets/solsticedev%3Fregion%3Dap-south-1%26bucketType%3Dgeneral%26prefix%3Dcms/%26showversions%3Dfalse/Screenshot%202024-07-11%20at%203.12.04%E2%80%AFPM.png","Bedroom","Modern Indian","{"colors":["Pink, beige, green, white, gray, brown"],"materials":["Painted wood, painted MDF, upholstered fabric, canvas"],"primary_features":["Built-in wardrobe","Study desk","Bed with patterned bedspread","Framed artwork"],"object_types":["Built-in wardrobe","Study desk","Bed","Framed artwork"],"object_features":["Green and beige panels with circular designs","Integrated shelves","Pink and white color scheme","Integrated shelving for books","Patterned bedspread with geometric designs","Soft beige headboard","Illustration of a panda with cultural significance"],"object_materials":["Painted wood, possibly MDF or particle board","Painted wood, possibly particle board","Fabric for bedspread, upholstered headboard","Canvas, possibly MDF for frame"]}","bedroom, modern indian, efficient use of space with built-in furniture, pink, beige, green, white, gray, brown, painted wood, painted mdf, upholstered fabric, canvas, built-in wardrobe, study desk, bed with patterned bedspread, framed artwork, green and beige panels with circular designs, integrated shelves, pink and white color scheme, integrated shelving for books, bed, patterned bedspread with geometric designs, soft beige headboard, illustration of a panda with cultural significance, built-in furniture, cultural artwork, soft lighting"
"Bedroom Furniture","Dressing table designs India",2,1,50,45,"focused_room_search",false,0,"https://solsticeprod.s3.ap-south-1.amazonaws.com/https%3A/%2Fap-south-1.console.aws.amazon.com/s3/buckets/solsticedev%3Fregion%3Dap-south-1%26bucketType%3Dgeneral%26prefix%3Dcms/%26showversions%3Dfalse/WhatsApp%20Image%202023-04-10%20at%209.47.33%20PM.jpeg; https://solsticeprod.s3.ap-south-1.amazonaws.com/https%3A/%2Fap-south-1.console.aws.amazon.com/s3/buckets/solsticedev%3Fregion%3Dap-south-1%26bucketType%3Dgeneral%26prefix%3Dcms/%26showversions%3Dfalse/WhatsApp%20Image%202023-04-10%20at%209.49.50%20PM%20%281%29.jpeg","Walk-in wardrobe","Modern Indian design with traditional influences","{"colors":["White","Green","Yellow","Pink"],"materials":["MDF, Paint"],"primary_features":["Built-in wardrobe with multiple storage compartments","Compact organization","Integrated lighting"],"object_types":["Built-in wardrobe"],"object_features":["Multiple compartments for storage","Integrated mirror","Built-in desk space"],"object_materials":["MDF or similar","Painted finish"]}","walk-in wardrobe, modern indian design with traditional influences, efficient use of space with built-in storage, white, green, yellow, pink, mdf, paint, built-in wardrobe with multiple storage compartments, compact organization, integrated lighting, built-in wardrobe, multiple compartments for storage, integrated mirror, built-in desk space, indian interior design, modern indian style, built-in storage, compact design, colorful palette"
"Bedroom Furniture","Bedroom furniture set designs",8,8,100,85,"focused_room_search",false,0,"https://solsticeprod.s3.ap-south-1.amazonaws.com/https%3A/%2Fap-south-1.console.aws.amazon.com/s3/buckets/solsticedev%3Fregion%3Dap-south-1%26bucketType%3Dgeneral%26prefix%3Dcms/%26showversions%3Dfalse/Screenshot%202024-07-11%20at%203.02.17%E2%80%AFPM.png; https://solsticeprod.s3.ap-south-1.amazonaws.com/https%3A/%2Fap-south-1.console.aws.amazon.com/s3/buckets/solsticedev%3Fregion%3Dap-south-1%26bucketType%3Dgeneral%26prefix%3Dcms/%26showversions%3Dfalse/Screenshot%202024-07-11%20at%203.02.13%E2%80%AFPM.png; https://solsticeprod.s3.ap-south-1.amazonaws.com/https%3A/%2Fap-south-1.console.aws.amazon.com/s3/buckets/solsticedev%3Fregion%3Dap-south-1%26bucketType%3Dgeneral%26prefix%3Dcms/%26showversions%3Dfalse/WhatsApp%20Image%202023-04-10%20at%209.47.32%20PM%20%281%29.jpeg; https://solsticeprod.s3.ap-south-1.amazonaws.com/https%3A/%2Fap-south-1.console.aws.amazon.com/s3/buckets/solsticedev%3Fregion%3Dap-south-1%26bucketType%3Dgeneral%26prefix%3Dcms/%26showversions%3Dfalse/Screenshot%202024-07-11%20at%203.02.01%E2%80%AFPM.png; https://solsticeprod.s3.ap-south-1.amazonaws.com/https%3A/%2Fap-south-1.console.aws.amazon.com/s3/buckets/solsticedev%3Fregion%3Dap-south-1%26bucketType%3Dgeneral%26prefix%3Dcms/%26showversions%3Dfalse/Screenshot%202024-07-11%20at%203.12.04%E2%80%AFPM.png; https://solsticeprod.s3.ap-south-1.amazonaws.com/https%3A/%2Fap-south-1.console.aws.amazon.com/s3/buckets/solsticedev%3Fregion%3Dap-south-1%26bucketType%3Dgeneral%26prefix%3Dcms/%26showversions%3Dfalse/Screenshot%202024-07-11%20at%201.23.30%E2%80%AFPM.png; https://solsticeprod.s3.ap-south-1.amazonaws.com/https%3A/%2Fap-south-1.console.aws.amazon.com/s3/buckets/solsticedev%3Fregion%3Dap-south-1%26bucketType%3Dgeneral%26prefix%3Dcms/%26showversions%3Dfalse/WhatsApp%20Image%202023-04-10%20at%209.47.30%20PM.jpeg; https://solsticeprod.s3.ap-south-1.amazonaws.com/https%3A/%2Fap-south-1.console.aws.amazon.com/s3/buckets/solsticedev%3Fregion%3Dap-south-1%26bucketType%3Dgeneral%26prefix%3Dcms/%26showversions%3Dfalse/WhatsApp%20Image%202023-04-10%20at%209.47.28%20PM%20%282%29.jpeg","Bedroom","Modern Indian","{"colors":["Pink, beige, green, white, gray, brown"],"materials":["Painted wood, painted MDF, upholstered fabric, canvas"],"primary_features":["Built-in wardrobe","Study desk","Bed with patterned bedspread","Framed artwork"],"object_types":["Built-in wardrobe","Study desk","Bed","Framed artwork"],"object_features":["Green and beige panels with circular designs","Integrated shelves","Pink and white color scheme","Integrated shelving for books","Patterned bedspread with geometric designs","Soft beige headboard","Illustration of a panda with cultural significance"],"object_materials":["Painted wood, possibly MDF or particle board","Painted wood, possibly particle board","Fabric for bedspread, upholstered headboard","Canvas, possibly MDF for frame"]}","bedroom, modern indian, efficient use of space with built-in furniture, pink, beige, green, white, gray, brown, painted wood, painted mdf, upholstered fabric, canvas, built-in wardrobe, study desk, bed with patterned bedspread, framed artwork, green and beige panels with circular designs, integrated shelves, pink and white color scheme, integrated shelving for books, bed, patterned bedspread with geometric designs, soft beige headboard, illustration of a panda with cultural significance, built-in furniture, cultural artwork, soft lighting"
"Bedroom Furniture","Queen size bed designs India",9,9,100,97.54,"focused_room_search",false,0,"https://solsticeprod.s3.ap-south-1.amazonaws.com/https%3A/%2Fap-south-1.console.aws.amazon.com/s3/buckets/solsticedev%3Fregion%3Dap-south-1%26bucketType%3Dgeneral%26prefix%3Dcms/%26showversions%3Dfalse/Screenshot%202024-07-11%20at%203.02.17%E2%80%AFPM.png; https://solsticeprod.s3.ap-south-1.amazonaws.com/https%3A/%2Fap-south-1.console.aws.amazon.com/s3/buckets/solsticedev%3Fregion%3Dap-south-1%26bucketType%3Dgeneral%26prefix%3Dcms/%26showversions%3Dfalse/WhatsApp%20Image%202023-04-10%20at%209.47.30%20PM.jpeg; https://solsticeprod.s3.ap-south-1.amazonaws.com/https%3A/%2Fap-south-1.console.aws.amazon.com/s3/buckets/solsticedev%3Fregion%3Dap-south-1%26bucketType%3Dgeneral%26prefix%3Dcms/%26showversions%3Dfalse/WhatsApp%20Image%202023-07-10%20at%2013.03.29.jpeg; https://solsticeprod.s3.ap-south-1.amazonaws.com/https%3A/%2Fap-south-1.console.aws.amazon.com/s3/buckets/solsticedev%3Fregion%3Dap-south-1%26bucketType%3Dgeneral%26prefix%3Dcms/%26showversions%3Dfalse/Screenshot%202024-07-11%20at%201.23.30%E2%80%AFPM.png; https://solsticeprod.s3.ap-south-1.amazonaws.com/https%3A/%2Fap-south-1.console.aws.amazon.com/s3/buckets/solsticedev%3Fregion%3Dap-south-1%26bucketType%3Dgeneral%26prefix%3Dcms/%26showversions%3Dfalse/Screenshot%202024-07-11%20at%203.02.13%E2%80%AFPM.png; https://solsticeprod.s3.ap-south-1.amazonaws.com/https%3A/%2Fap-south-1.console.aws.amazon.com/s3/buckets/solsticedev%3Fregion%3Dap-south-1%26bucketType%3Dgeneral%26prefix%3Dcms/%26showversions%3Dfalse/Screenshot%202024-07-11%20at%203.12.04%E2%80%AFPM.png; https://solsticeprod.s3.ap-south-1.amazonaws.com/https%3A/%2Fap-south-1.console.aws.amazon.com/s3/buckets/solsticedev%3Fregion%3Dap-south-1%26bucketType%3Dgeneral%26prefix%3Dcms/%26showversions%3Dfalse/WhatsApp%20Image%202023-04-10%20at%209.47.32%20PM%20%281%29.jpeg; https://solsticeprod.s3.ap-south-1.amazonaws.com/https%3A/%2Fap-south-1.console.aws.amazon.com/s3/buckets/solsticedev%3Fregion%3Dap-south-1%26bucketType%3Dgeneral%26prefix%3Dcms/%26showversions%3Dfalse/Screenshot%202024-07-11%20at%203.02.01%E2%80%AFPM.png; https://solsticeprod.s3.ap-south-1.amazonaws.com/https%3A/%2Fap-south-1.console.aws.amazon.com/s3/buckets/solsticedev%3Fregion%3Dap-south-1%26bucketType%3Dgeneral%26prefix%3Dcms/%26showversions%3Dfalse/WhatsApp%20Image%202023-04-10%20at%209.47.28%20PM%20%282%29.jpeg","Bedroom","Modern Indian","{"colors":["Pink, beige, green, white, gray, brown"],"materials":["Painted wood, painted MDF, upholstered fabric, canvas"],"primary_features":["Built-in wardrobe","Study desk","Bed with patterned bedspread","Framed artwork"],"object_types":["Built-in wardrobe","Study desk","Bed","Framed artwork"],"object_features":["Green and beige panels with circular designs","Integrated shelves","Pink and white color scheme","Integrated shelving for books","Patterned bedspread with geometric designs","Soft beige headboard","Illustration of a panda with cultural significance"],"object_materials":["Painted wood, possibly MDF or particle board","Painted wood, possibly particle board","Fabric for bedspread, upholstered headboard","Canvas, possibly MDF for frame"]}","bedroom, modern indian, efficient use of space with built-in furniture, pink, beige, green, white, gray, brown, painted wood, painted mdf, upholstered fabric, canvas, built-in wardrobe, study desk, bed with patterned bedspread, framed artwork, green and beige panels with circular designs, integrated shelves, pink and white color scheme, integrated shelving for books, bed, patterned bedspread with geometric designs, soft beige headboard, illustration of a panda with cultural significance, built-in furniture, cultural artwork, soft lighting"
"Bedroom Furniture","King size bed designs Indian style",9,9,100,97.49,"focused_room_search",false,0,"https://solsticeprod.s3.ap-south-1.amazonaws.com/https%3A/%2Fap-south-1.console.aws.amazon.com/s3/buckets/solsticedev%3Fregion%3Dap-south-1%26bucketType%3Dgeneral%26prefix%3Dcms/%26showversions%3Dfalse/Screenshot%202024-07-11%20at%203.02.17%E2%80%AFPM.png; https://solsticeprod.s3.ap-south-1.amazonaws.com/https%3A/%2Fap-south-1.console.aws.amazon.com/s3/buckets/solsticedev%3Fregion%3Dap-south-1%26bucketType%3Dgeneral%26prefix%3Dcms/%26showversions%3Dfalse/WhatsApp%20Image%202023-07-10%20at%2013.03.29.jpeg; https://solsticeprod.s3.ap-south-1.amazonaws.com/https%3A/%2Fap-south-1.console.aws.amazon.com/s3/buckets/solsticedev%3Fregion%3Dap-south-1%26bucketType%3Dgeneral%26prefix%3Dcms/%26showversions%3Dfalse/WhatsApp%20Image%202023-04-10%20at%209.47.30%20PM.jpeg; https://solsticeprod.s3.ap-south-1.amazonaws.com/https%3A/%2Fap-south-1.console.aws.amazon.com/s3/buckets/solsticedev%3Fregion%3Dap-south-1%26bucketType%3Dgeneral%26prefix%3Dcms/%26showversions%3Dfalse/Screenshot%202024-07-11%20at%201.23.30%E2%80%AFPM.png; https://solsticeprod.s3.ap-south-1.amazonaws.com/https%3A/%2Fap-south-1.console.aws.amazon.com/s3/buckets/solsticedev%3Fregion%3Dap-south-1%26bucketType%3Dgeneral%26prefix%3Dcms/%26showversions%3Dfalse/Screenshot%202024-07-11%20at%203.02.01%E2%80%AFPM.png; https://solsticeprod.s3.ap-south-1.amazonaws.com/https%3A/%2Fap-south-1.console.aws.amazon.com/s3/buckets/solsticedev%3Fregion%3Dap-south-1%26bucketType%3Dgeneral%26prefix%3Dcms/%26showversions%3Dfalse/Screenshot%202024-07-11%20at%203.02.13%E2%80%AFPM.png; https://solsticeprod.s3.ap-south-1.amazonaws.com/https%3A/%2Fap-south-1.console.aws.amazon.com/s3/buckets/solsticedev%3Fregion%3Dap-south-1%26bucketType%3Dgeneral%26prefix%3Dcms/%26showversions%3Dfalse/Screenshot%202024-07-11%20at%203.12.04%E2%80%AFPM.png; https://solsticeprod.s3.ap-south-1.amazonaws.com/https%3A/%2Fap-south-1.console.aws.amazon.com/s3/buckets/solsticedev%3Fregion%3Dap-south-1%26bucketType%3Dgeneral%26prefix%3Dcms/%26showversions%3Dfalse/WhatsApp%20Image%202023-04-10%20at%209.47.32%20PM%20%281%29.jpeg; https://solsticeprod.s3.ap-south-1.amazonaws.com/https%3A/%2Fap-south-1.console.aws.amazon.com/s3/buckets/solsticedev%3Fregion%3Dap-south-1%26bucketType%3Dgeneral%26prefix%3Dcms/%26showversions%3Dfalse/WhatsApp%20Image%202023-04-10%20at%209.47.28%20PM%20%282%29.jpeg","Bedroom","Modern Indian","{"colors":["Pink, beige, green, white, gray, brown"],"materials":["Painted wood, painted MDF, upholstered fabric, canvas"],"primary_features":["Built-in wardrobe","Study desk","Bed with patterned bedspread","Framed artwork"],"object_types":["Built-in wardrobe","Study desk","Bed","Framed artwork"],"object_features":["Green and beige panels with circular designs","Integrated shelves","Pink and white color scheme","Integrated shelving for books","Patterned bedspread with geometric designs","Soft beige headboard","Illustration of a panda with cultural significance"],"object_materials":["Painted wood, possibly MDF or particle board","Painted wood, possibly particle board","Fabric for bedspread, upholstered headboard","Canvas, possibly MDF for frame"]}","bedroom, modern indian, efficient use of space with built-in furniture, pink, beige, green, white, gray, brown, painted wood, painted mdf, upholstered fabric, canvas, built-in wardrobe, study desk, bed with patterned bedspread, framed artwork, green and beige panels with circular designs, integrated shelves, pink and white color scheme, integrated shelving for books, bed, patterned bedspread with geometric designs, soft beige headboard, illustration of a panda with cultural significance, built-in furniture, cultural artwork, soft lighting"
"Bedroom Furniture","Bedroom storage solutions India",9,9,100,97.99,"focused_room_search",false,0,"https://solsticeprod.s3.ap-south-1.amazonaws.com/https%3A/%2Fap-south-1.console.aws.amazon.com/s3/buckets/solsticedev%3Fregion%3Dap-south-1%26bucketType%3Dgeneral%26prefix%3Dcms/%26showversions%3Dfalse/WhatsApp%20Image%202023-04-10%20at%209.47.30%20PM.jpeg; https://solsticeprod.s3.ap-south-1.amazonaws.com/https%3A/%2Fap-south-1.console.aws.amazon.com/s3/buckets/solsticedev%3Fregion%3Dap-south-1%26bucketType%3Dgeneral%26prefix%3Dcms/%26showversions%3Dfalse/Screenshot%202024-07-11%20at%201.23.30%E2%80%AFPM.png; https://solsticeprod.s3.ap-south-1.amazonaws.com/https%3A/%2Fap-south-1.console.aws.amazon.com/s3/buckets/solsticedev%3Fregion%3Dap-south-1%26bucketType%3Dgeneral%26prefix%3Dcms/%26showversions%3Dfalse/WhatsApp%20Image%202023-07-10%20at%2013.03.29.jpeg; https://solsticeprod.s3.ap-south-1.amazonaws.com/https%3A/%2Fap-south-1.console.aws.amazon.com/s3/buckets/solsticedev%3Fregion%3Dap-south-1%26bucketType%3Dgeneral%26prefix%3Dcms/%26showversions%3Dfalse/Screenshot%202024-07-11%20at%203.12.04%E2%80%AFPM.png; https://solsticeprod.s3.ap-south-1.amazonaws.com/https%3A/%2Fap-south-1.console.aws.amazon.com/s3/buckets/solsticedev%3Fregion%3Dap-south-1%26bucketType%3Dgeneral%26prefix%3Dcms/%26showversions%3Dfalse/Screenshot%202024-07-11%20at%203.02.01%E2%80%AFPM.png; https://solsticeprod.s3.ap-south-1.amazonaws.com/https%3A/%2Fap-south-1.console.aws.amazon.com/s3/buckets/solsticedev%3Fregion%3Dap-south-1%26bucketType%3Dgeneral%26prefix%3Dcms/%26showversions%3Dfalse/Screenshot%202024-07-11%20at%203.02.17%E2%80%AFPM.png; https://solsticeprod.s3.ap-south-1.amazonaws.com/https%3A/%2Fap-south-1.console.aws.amazon.com/s3/buckets/solsticedev%3Fregion%3Dap-south-1%26bucketType%3Dgeneral%26prefix%3Dcms/%26showversions%3Dfalse/Screenshot%202024-07-11%20at%203.02.13%E2%80%AFPM.png; https://solsticeprod.s3.ap-south-1.amazonaws.com/https%3A/%2Fap-south-1.console.aws.amazon.com/s3/buckets/solsticedev%3Fregion%3Dap-south-1%26bucketType%3Dgeneral%26prefix%3Dcms/%26showversions%3Dfalse/WhatsApp%20Image%202023-04-10%20at%209.47.32%20PM%20%281%29.jpeg; https://solsticeprod.s3.ap-south-1.amazonaws.com/https%3A/%2Fap-south-1.console.aws.amazon.com/s3/buckets/solsticedev%3Fregion%3Dap-south-1%26bucketType%3Dgeneral%26prefix%3Dcms/%26showversions%3Dfalse/WhatsApp%20Image%202023-04-10%20at%209.47.28%20PM%20%282%29.jpeg","Bedroom","Modern Indian","{"colors":["Pink","White","Brown","Gold"],"materials":["Wood","Metal","MDF"],"primary_features":["Bed with storage","Ceiling fan","Pink and white wall panels"],"object_types":["Platform bed","Ceiling fan","Wall panels"],"object_features":["Embedded storage underneath","Simple design","Modern design","Gold-colored","Rectangular","Pink and white"],"object_materials":["Wooden frame","Metal accents","Metal","MDF or similar particleboard"]}","bedroom, modern indian, efficient storage solution under the bed, pink, white, brown, gold, wood, metal, mdf, bed with storage, ceiling fan, pink and white wall panels, platform bed, embedded storage underneath, simple design, modern design, gold-colored, wall panels, rectangular, pink and white"
"Kitchen Appliances & Storage","Kitchen cabinet designs India",8,8,100,100,"focused_room_search",false,0,"https://solsticeprod.s3.ap-south-1.amazonaws.com/https%3A/%2Fap-south-1.console.aws.amazon.com/s3/buckets/solsticedev%3Fregion%3Dap-south-1%26bucketType%3Dgeneral%26prefix%3Dcms/%26showversions%3Dfalse/Screenshot%202024-07-11%20at%201.23.25%E2%80%AFPM.png; https://solsticeprod.s3.ap-south-1.amazonaws.com/https%3A/%2Fap-south-1.console.aws.amazon.com/s3/buckets/solsticedev%3Fregion%3Dap-south-1%26bucketType%3Dgeneral%26prefix%3Dcms/%26showversions%3Dfalse/Screenshot%202024-07-11%20at%203.01.18%E2%80%AFPM.png; https://solsticeprod.s3.ap-south-1.amazonaws.com/https%3A/%2Fap-south-1.console.aws.amazon.com/s3/buckets/solsticedev%3Fregion%3Dap-south-1%26bucketType%3Dgeneral%26prefix%3Dcms/%26showversions%3Dfalse/WhatsApp%20Image%202023-04-10%20at%209.47.21%20PM.jpeg; https://solsticeprod.s3.ap-south-1.amazonaws.com/https%3A/%2Fap-south-1.console.aws.amazon.com/s3/buckets/solsticedev%3Fregion%3Dap-south-1%26bucketType%3Dgeneral%26prefix%3Dcms/%26showversions%3Dfalse/WhatsApp%20Image%202023-04-10%20at%209.47.04%20PM.jpeg; https://solsticeprod.s3.ap-south-1.amazonaws.com/https%3A/%2Fap-south-1.console.aws.amazon.com/s3/buckets/solsticedev%3Fregion%3Dap-south-1%26bucketType%3Dgeneral%26prefix%3Dcms/%26showversions%3Dfalse/Screenshot%202024-07-11%20at%203.01.24%E2%80%AFPM.png; https://solsticeprod.s3.ap-south-1.amazonaws.com/https%3A/%2Fap-south-1.console.aws.amazon.com/s3/buckets/solsticedev%3Fregion%3Dap-south-1%26bucketType%3Dgeneral%26prefix%3Dcms/%26showversions%3Dfalse/Screenshot%202024-07-11%20at%201.18.38%E2%80%AFPM.png; https://solsticeprod.s3.ap-south-1.amazonaws.com/https%3A/%2Fap-south-1.console.aws.amazon.com/s3/buckets/solsticedev%3Fregion%3Dap-south-1%26bucketType%3Dgeneral%26prefix%3Dcms/%26showversions%3Dfalse/ABN00623.JPG; https://solsticeprod.s3.ap-south-1.amazonaws.com/https%3A/%2Fap-south-1.console.aws.amazon.com/s3/buckets/solsticedev%3Fregion%3Dap-south-1%26bucketType%3Dgeneral%26prefix%3Dcms/%26showversions%3Dfalse/Screenshot%202024-07-11%20at%201.23.22%E2%80%AFPM.png","Kitchen","Modern Minimalist","{"colors":["White","Grey","Black","Brushed Wood"],"materials":["Ceramic tiles","Modern cabinetry","Stainless steel"],"primary_features":["L-shaped cabinetry","geometric wall tiles","stainless steel appliance"],"object_types":["Sink","Cooker","Storage"],"object_features":["Integrated into cabinetry","Built-in gas stove","Under-counter drawers and cabinets"],"object_materials":["Modern materials, possibly stainless steel or similar","Black, likely stainless steel","Dark grey, smooth finish"]}","kitchen, modern minimalist, efficient use of space with l-shaped cabinetry for functionality, white, grey, black, brushed wood, ceramic tiles, modern cabinetry, stainless steel, l-shaped cabinetry, geometric wall tiles, stainless steel appliance, sink, integrated into cabinetry, cooker, built-in gas stove, storage, under-counter drawers and cabinets"
"Kitchen Appliances & Storage","Kitchen storage solutions",8,8,100,93.75,"focused_room_search",false,0,"https://solsticeprod.s3.ap-south-1.amazonaws.com/https%3A/%2Fap-south-1.console.aws.amazon.com/s3/buckets/solsticedev%3Fregion%3Dap-south-1%26bucketType%3Dgeneral%26prefix%3Dcms/%26showversions%3Dfalse/WhatsApp%20Image%202023-04-10%20at%209.47.21%20PM.jpeg; https://solsticeprod.s3.ap-south-1.amazonaws.com/https%3A/%2Fap-south-1.console.aws.amazon.com/s3/buckets/solsticedev%3Fregion%3Dap-south-1%26bucketType%3Dgeneral%26prefix%3Dcms/%26showversions%3Dfalse/Screenshot%202024-07-11%20at%201.23.22%E2%80%AFPM.png; https://solsticeprod.s3.ap-south-1.amazonaws.com/https%3A/%2Fap-south-1.console.aws.amazon.com/s3/buckets/solsticedev%3Fregion%3Dap-south-1%26bucketType%3Dgeneral%26prefix%3Dcms/%26showversions%3Dfalse/Screenshot%202024-07-11%20at%201.23.25%E2%80%AFPM.png; https://solsticeprod.s3.ap-south-1.amazonaws.com/https%3A/%2Fap-south-1.console.aws.amazon.com/s3/buckets/solsticedev%3Fregion%3Dap-south-1%26bucketType%3Dgeneral%26prefix%3Dcms/%26showversions%3Dfalse/WhatsApp%20Image%202023-04-10%20at%209.47.04%20PM.jpeg; https://solsticeprod.s3.ap-south-1.amazonaws.com/https%3A/%2Fap-south-1.console.aws.amazon.com/s3/buckets/solsticedev%3Fregion%3Dap-south-1%26bucketType%3Dgeneral%26prefix%3Dcms/%26showversions%3Dfalse/ABN00623.JPG; https://solsticeprod.s3.ap-south-1.amazonaws.com/https%3A/%2Fap-south-1.console.aws.amazon.com/s3/buckets/solsticedev%3Fregion%3Dap-south-1%26bucketType%3Dgeneral%26prefix%3Dcms/%26showversions%3Dfalse/Screenshot%202024-07-11%20at%201.18.38%E2%80%AFPM.png; https://solsticeprod.s3.ap-south-1.amazonaws.com/https%3A/%2Fap-south-1.console.aws.amazon.com/s3/buckets/solsticedev%3Fregion%3Dap-south-1%26bucketType%3Dgeneral%26prefix%3Dcms/%26showversions%3Dfalse/Screenshot%202024-07-11%20at%203.01.24%E2%80%AFPM.png; https://solsticeprod.s3.ap-south-1.amazonaws.com/https%3A/%2Fap-south-1.console.aws.amazon.com/s3/buckets/solsticedev%3Fregion%3Dap-south-1%26bucketType%3Dgeneral%26prefix%3Dcms/%26showversions%3Dfalse/Screenshot%202024-07-11%20at%203.01.18%E2%80%AFPM.png","Kitchen","Modern Indian Minimalist","{"colors":["Blue","White","Black"],"materials":["Glossy finish on cabinetry, smooth countertop, wall tiles"],"primary_features":["Blue and white color scheme","Linear kitchen cabinet design","Integrated countertop and storage"],"object_types":["Kitchen Cabinet"],"object_features":["Hanging storage with pull-out handles","Integrated hanging units above counter"],"object_materials":["Blue and white glossy finish"]}","kitchen, modern indian minimalist, efficient use of space with integrated storage solutions, blue, white, black, glossy finish on cabinetry, smooth countertop, wall tiles, blue and white color scheme, linear kitchen cabinet design, integrated countertop and storage, kitchen cabinet, hanging storage with pull-out handles, integrated hanging units above counter"
"Kitchen Appliances & Storage","Kitchen island designs Indian homes",8,8,100,95.64,"focused_room_search",false,0,"https://solsticeprod.s3.ap-south-1.amazonaws.com/https%3A/%2Fap-south-1.console.aws.amazon.com/s3/buckets/solsticedev%3Fregion%3Dap-south-1%26bucketType%3Dgeneral%26prefix%3Dcms/%26showversions%3Dfalse/ABN00623.JPG; https://solsticeprod.s3.ap-south-1.amazonaws.com/https%3A/%2Fap-south-1.console.aws.amazon.com/s3/buckets/solsticedev%3Fregion%3Dap-south-1%26bucketType%3Dgeneral%26prefix%3Dcms/%26showversions%3Dfalse/Screenshot%202024-07-11%20at%203.01.18%E2%80%AFPM.png; https://solsticeprod.s3.ap-south-1.amazonaws.com/https%3A/%2Fap-south-1.console.aws.amazon.com/s3/buckets/solsticedev%3Fregion%3Dap-south-1%26bucketType%3Dgeneral%26prefix%3Dcms/%26showversions%3Dfalse/WhatsApp%20Image%202023-04-10%20at%209.47.21%20PM.jpeg; https://solsticeprod.s3.ap-south-1.amazonaws.com/https%3A/%2Fap-south-1.console.aws.amazon.com/s3/buckets/solsticedev%3Fregion%3Dap-south-1%26bucketType%3Dgeneral%26prefix%3Dcms/%26showversions%3Dfalse/Screenshot%202024-07-11%20at%201.23.22%E2%80%AFPM.png; https://solsticeprod.s3.ap-south-1.amazonaws.com/https%3A/%2Fap-south-1.console.aws.amazon.com/s3/buckets/solsticedev%3Fregion%3Dap-south-1%26bucketType%3Dgeneral%26prefix%3Dcms/%26showversions%3Dfalse/WhatsApp%20Image%202023-04-10%20at%209.47.04%20PM.jpeg; https://solsticeprod.s3.ap-south-1.amazonaws.com/https%3A/%2Fap-south-1.console.aws.amazon.com/s3/buckets/solsticedev%3Fregion%3Dap-south-1%26bucketType%3Dgeneral%26prefix%3Dcms/%26showversions%3Dfalse/Screenshot%202024-07-11%20at%201.23.25%E2%80%AFPM.png; https://solsticeprod.s3.ap-south-1.amazonaws.com/https%3A/%2Fap-south-1.console.aws.amazon.com/s3/buckets/solsticedev%3Fregion%3Dap-south-1%26bucketType%3Dgeneral%26prefix%3Dcms/%26showversions%3Dfalse/Screenshot%202024-07-11%20at%201.18.38%E2%80%AFPM.png; https://solsticeprod.s3.ap-south-1.amazonaws.com/https%3A/%2Fap-south-1.console.aws.amazon.com/s3/buckets/solsticedev%3Fregion%3Dap-south-1%26bucketType%3Dgeneral%26prefix%3Dcms/%26showversions%3Dfalse/Screenshot%202024-07-11%20at%203.01.24%E2%80%AFPM.png","Kitchen/Dining Area","Contemporary Indian Fusion","{"colors":["White marble","Green cabinetry","Wooden tones","Gold accents"],"materials":["Marble","Glass","Wood","Metal"],"primary_features":["Open-plan kitchen with island","Modern lighting with traditional accents","Marble countertops","Wooden staircase with glass railings"],"object_types":["Round dining table","Kitchen island","Staircase"],"object_features":["Wooden finish","Center flower bowl","White countertop","Integrated sink","Decorative plant","Wooden steps","Glass railings","Decorative handrail"],"object_materials":["Wood","Metal (for bowl handles)","Marble","Metal (for sink and faucet)","Wood","Glass"]}","kitchen/dining area, contemporary indian fusion, efficient use of space with an open-plan design connecting kitchen and dining areas, white marble, green cabinetry, wooden tones, gold accents, marble, glass, wood, metal, open-plan kitchen with island, modern lighting with traditional accents, marble countertops, wooden staircase with glass railings, round dining table, wooden finish, center flower bowl, kitchen island, white countertop, integrated sink, decorative plant, staircase, wooden steps, glass railings, decorative handrail, indian fusion, contemporary design, open-plan space, modern light fixtures, wooden staircase"
"Kitchen Appliances & Storage","Kitchen chimney designs",8,8,100,90.33,"focused_room_search",false,0,"https://solsticeprod.s3.ap-south-1.amazonaws.com/https%3A/%2Fap-south-1.console.aws.amazon.com/s3/buckets/solsticedev%3Fregion%3Dap-south-1%26bucketType%3Dgeneral%26prefix%3Dcms/%26showversions%3Dfalse/Screenshot%202024-07-11%20at%201.23.25%E2%80%AFPM.png; https://solsticeprod.s3.ap-south-1.amazonaws.com/https%3A/%2Fap-south-1.console.aws.amazon.com/s3/buckets/solsticedev%3Fregion%3Dap-south-1%26bucketType%3Dgeneral%26prefix%3Dcms/%26showversions%3Dfalse/Screenshot%202024-07-11%20at%201.23.22%E2%80%AFPM.png; https://solsticeprod.s3.ap-south-1.amazonaws.com/https%3A/%2Fap-south-1.console.aws.amazon.com/s3/buckets/solsticedev%3Fregion%3Dap-south-1%26bucketType%3Dgeneral%26prefix%3Dcms/%26showversions%3Dfalse/WhatsApp%20Image%202023-04-10%20at%209.47.04%20PM.jpeg; https://solsticeprod.s3.ap-south-1.amazonaws.com/https%3A/%2Fap-south-1.console.aws.amazon.com/s3/buckets/solsticedev%3Fregion%3Dap-south-1%26bucketType%3Dgeneral%26prefix%3Dcms/%26showversions%3Dfalse/Screenshot%202024-07-11%20at%203.01.24%E2%80%AFPM.png; https://solsticeprod.s3.ap-south-1.amazonaws.com/https%3A/%2Fap-south-1.console.aws.amazon.com/s3/buckets/solsticedev%3Fregion%3Dap-south-1%26bucketType%3Dgeneral%26prefix%3Dcms/%26showversions%3Dfalse/ABN00623.JPG; https://solsticeprod.s3.ap-south-1.amazonaws.com/https%3A/%2Fap-south-1.console.aws.amazon.com/s3/buckets/solsticedev%3Fregion%3Dap-south-1%26bucketType%3Dgeneral%26prefix%3Dcms/%26showversions%3Dfalse/WhatsApp%20Image%202023-04-10%20at%209.47.21%20PM.jpeg; https://solsticeprod.s3.ap-south-1.amazonaws.com/https%3A/%2Fap-south-1.console.aws.amazon.com/s3/buckets/solsticedev%3Fregion%3Dap-south-1%26bucketType%3Dgeneral%26prefix%3Dcms/%26showversions%3Dfalse/Screenshot%202024-07-11%20at%201.18.38%E2%80%AFPM.png; https://solsticeprod.s3.ap-south-1.amazonaws.com/https%3A/%2Fap-south-1.console.aws.amazon.com/s3/buckets/solsticedev%3Fregion%3Dap-south-1%26bucketType%3Dgeneral%26prefix%3Dcms/%26showversions%3Dfalse/Screenshot%202024-07-11%20at%203.01.18%E2%80%AFPM.png","Kitchen","Modern Minimalist","{"colors":["White","Grey","Black","Brushed Wood"],"materials":["Ceramic tiles","Modern cabinetry","Stainless steel"],"primary_features":["L-shaped cabinetry","geometric wall tiles","stainless steel appliance"],"object_types":["Sink","Cooker","Storage"],"object_features":["Integrated into cabinetry","Built-in gas stove","Under-counter drawers and cabinets"],"object_materials":["Modern materials, possibly stainless steel or similar","Black, likely stainless steel","Dark grey, smooth finish"]}","kitchen, modern minimalist, efficient use of space with l-shaped cabinetry for functionality, white, grey, black, brushed wood, ceramic tiles, modern cabinetry, stainless steel, l-shaped cabinetry, geometric wall tiles, stainless steel appliance, sink, integrated into cabinetry, cooker, built-in gas stove, storage, under-counter drawers and cabinets"
"Kitchen Appliances & Storage","Kitchen trolley designs",8,8,100,90.33,"focused_room_search",false,0,"https://solsticeprod.s3.ap-south-1.amazonaws.com/https%3A/%2Fap-south-1.console.aws.amazon.com/s3/buckets/solsticedev%3Fregion%3Dap-south-1%26bucketType%3Dgeneral%26prefix%3Dcms/%26showversions%3Dfalse/Screenshot%202024-07-11%20at%201.23.25%E2%80%AFPM.png; https://solsticeprod.s3.ap-south-1.amazonaws.com/https%3A/%2Fap-south-1.console.aws.amazon.com/s3/buckets/solsticedev%3Fregion%3Dap-south-1%26bucketType%3Dgeneral%26prefix%3Dcms/%26showversions%3Dfalse/Screenshot%202024-07-11%20at%201.23.22%E2%80%AFPM.png; https://solsticeprod.s3.ap-south-1.amazonaws.com/https%3A/%2Fap-south-1.console.aws.amazon.com/s3/buckets/solsticedev%3Fregion%3Dap-south-1%26bucketType%3Dgeneral%26prefix%3Dcms/%26showversions%3Dfalse/WhatsApp%20Image%202023-04-10%20at%209.47.04%20PM.jpeg; https://solsticeprod.s3.ap-south-1.amazonaws.com/https%3A/%2Fap-south-1.console.aws.amazon.com/s3/buckets/solsticedev%3Fregion%3Dap-south-1%26bucketType%3Dgeneral%26prefix%3Dcms/%26showversions%3Dfalse/WhatsApp%20Image%202023-04-10%20at%209.47.21%20PM.jpeg; https://solsticeprod.s3.ap-south-1.amazonaws.com/https%3A/%2Fap-south-1.console.aws.amazon.com/s3/buckets/solsticedev%3Fregion%3Dap-south-1%26bucketType%3Dgeneral%26prefix%3Dcms/%26showversions%3Dfalse/ABN00623.JPG; https://solsticeprod.s3.ap-south-1.amazonaws.com/https%3A/%2Fap-south-1.console.aws.amazon.com/s3/buckets/solsticedev%3Fregion%3Dap-south-1%26bucketType%3Dgeneral%26prefix%3Dcms/%26showversions%3Dfalse/Screenshot%202024-07-11%20at%203.01.24%E2%80%AFPM.png; https://solsticeprod.s3.ap-south-1.amazonaws.com/https%3A/%2Fap-south-1.console.aws.amazon.com/s3/buckets/solsticedev%3Fregion%3Dap-south-1%26bucketType%3Dgeneral%26prefix%3Dcms/%26showversions%3Dfalse/Screenshot%202024-07-11%20at%201.18.38%E2%80%AFPM.png; https://solsticeprod.s3.ap-south-1.amazonaws.com/https%3A/%2Fap-south-1.console.aws.amazon.com/s3/buckets/solsticedev%3Fregion%3Dap-south-1%26bucketType%3Dgeneral%26prefix%3Dcms/%26showversions%3Dfalse/Screenshot%202024-07-11%20at%203.01.18%E2%80%AFPM.png","Kitchen","Modern Minimalist","{"colors":["White","Grey","Black","Brushed Wood"],"materials":["Ceramic tiles","Modern cabinetry","Stainless steel"],"primary_features":["L-shaped cabinetry","geometric wall tiles","stainless steel appliance"],"object_types":["Sink","Cooker","Storage"],"object_features":["Integrated into cabinetry","Built-in gas stove","Under-counter drawers and cabinets"],"object_materials":["Modern materials, possibly stainless steel or similar","Black, likely stainless steel","Dark grey, smooth finish"]}","kitchen, modern minimalist, efficient use of space with l-shaped cabinetry for functionality, white, grey, black, brushed wood, ceramic tiles, modern cabinetry, stainless steel, l-shaped cabinetry, geometric wall tiles, stainless steel appliance, sink, integrated into cabinetry, cooker, built-in gas stove, storage, under-counter drawers and cabinets"
"Kitchen Appliances & Storage","Kitchen pantry designs",8,8,100,90.33,"focused_room_search",false,0,"https://solsticeprod.s3.ap-south-1.amazonaws.com/https%3A/%2Fap-south-1.console.aws.amazon.com/s3/buckets/solsticedev%3Fregion%3Dap-south-1%26bucketType%3Dgeneral%26prefix%3Dcms/%26showversions%3Dfalse/Screenshot%202024-07-11%20at%201.23.25%E2%80%AFPM.png; https://solsticeprod.s3.ap-south-1.amazonaws.com/https%3A/%2Fap-south-1.console.aws.amazon.com/s3/buckets/solsticedev%3Fregion%3Dap-south-1%26bucketType%3Dgeneral%26prefix%3Dcms/%26showversions%3Dfalse/Screenshot%202024-07-11%20at%201.23.22%E2%80%AFPM.png; https://solsticeprod.s3.ap-south-1.amazonaws.com/https%3A/%2Fap-south-1.console.aws.amazon.com/s3/buckets/solsticedev%3Fregion%3Dap-south-1%26bucketType%3Dgeneral%26prefix%3Dcms/%26showversions%3Dfalse/WhatsApp%20Image%202023-04-10%20at%209.47.04%20PM.jpeg; https://solsticeprod.s3.ap-south-1.amazonaws.com/https%3A/%2Fap-south-1.console.aws.amazon.com/s3/buckets/solsticedev%3Fregion%3Dap-south-1%26bucketType%3Dgeneral%26prefix%3Dcms/%26showversions%3Dfalse/WhatsApp%20Image%202023-04-10%20at%209.47.21%20PM.jpeg; https://solsticeprod.s3.ap-south-1.amazonaws.com/https%3A/%2Fap-south-1.console.aws.amazon.com/s3/buckets/solsticedev%3Fregion%3Dap-south-1%26bucketType%3Dgeneral%26prefix%3Dcms/%26showversions%3Dfalse/Screenshot%202024-07-11%20at%201.18.38%E2%80%AFPM.png; https://solsticeprod.s3.ap-south-1.amazonaws.com/https%3A/%2Fap-south-1.console.aws.amazon.com/s3/buckets/solsticedev%3Fregion%3Dap-south-1%26bucketType%3Dgeneral%26prefix%3Dcms/%26showversions%3Dfalse/ABN00623.JPG; https://solsticeprod.s3.ap-south-1.amazonaws.com/https%3A/%2Fap-south-1.console.aws.amazon.com/s3/buckets/solsticedev%3Fregion%3Dap-south-1%26bucketType%3Dgeneral%26prefix%3Dcms/%26showversions%3Dfalse/Screenshot%202024-07-11%20at%203.01.18%E2%80%AFPM.png; https://solsticeprod.s3.ap-south-1.amazonaws.com/https%3A/%2Fap-south-1.console.aws.amazon.com/s3/buckets/solsticedev%3Fregion%3Dap-south-1%26bucketType%3Dgeneral%26prefix%3Dcms/%26showversions%3Dfalse/Screenshot%202024-07-11%20at%203.01.24%E2%80%AFPM.png","Kitchen","Modern Minimalist","{"colors":["White","Grey","Black","Brushed Wood"],"materials":["Ceramic tiles","Modern cabinetry","Stainless steel"],"primary_features":["L-shaped cabinetry","geometric wall tiles","stainless steel appliance"],"object_types":["Sink","Cooker","Storage"],"object_features":["Integrated into cabinetry","Built-in gas stove","Under-counter drawers and cabinets"],"object_materials":["Modern materials, possibly stainless steel or similar","Black, likely stainless steel","Dark grey, smooth finish"]}","kitchen, modern minimalist, efficient use of space with l-shaped cabinetry for functionality, white, grey, black, brushed wood, ceramic tiles, modern cabinetry, stainless steel, l-shaped cabinetry, geometric wall tiles, stainless steel appliance, sink, integrated into cabinetry, cooker, built-in gas stove, storage, under-counter drawers and cabinets"
"Kitchen Appliances & Storage","Kitchen corner unit designs",8,8,100,90.87,"focused_room_search",false,0,"https://solsticeprod.s3.ap-south-1.amazonaws.com/https%3A/%2Fap-south-1.console.aws.amazon.com/s3/buckets/solsticedev%3Fregion%3Dap-south-1%26bucketType%3Dgeneral%26prefix%3Dcms/%26showversions%3Dfalse/WhatsApp%20Image%202023-04-10%20at%209.47.21%20PM.jpeg; https://solsticeprod.s3.ap-south-1.amazonaws.com/https%3A/%2Fap-south-1.console.aws.amazon.com/s3/buckets/solsticedev%3Fregion%3Dap-south-1%26bucketType%3Dgeneral%26prefix%3Dcms/%26showversions%3Dfalse/WhatsApp%20Image%202023-04-10%20at%209.47.04%20PM.jpeg; https://solsticeprod.s3.ap-south-1.amazonaws.com/https%3A/%2Fap-south-1.console.aws.amazon.com/s3/buckets/solsticedev%3Fregion%3Dap-south-1%26bucketType%3Dgeneral%26prefix%3Dcms/%26showversions%3Dfalse/Screenshot%202024-07-11%20at%201.23.25%E2%80%AFPM.png; https://solsticeprod.s3.ap-south-1.amazonaws.com/https%3A/%2Fap-south-1.console.aws.amazon.com/s3/buckets/solsticedev%3Fregion%3Dap-south-1%26bucketType%3Dgeneral%26prefix%3Dcms/%26showversions%3Dfalse/Screenshot%202024-07-11%20at%201.23.22%E2%80%AFPM.png; https://solsticeprod.s3.ap-south-1.amazonaws.com/https%3A/%2Fap-south-1.console.aws.amazon.com/s3/buckets/solsticedev%3Fregion%3Dap-south-1%26bucketType%3Dgeneral%26prefix%3Dcms/%26showversions%3Dfalse/ABN00623.JPG; https://solsticeprod.s3.ap-south-1.amazonaws.com/https%3A/%2Fap-south-1.console.aws.amazon.com/s3/buckets/solsticedev%3Fregion%3Dap-south-1%26bucketType%3Dgeneral%26prefix%3Dcms/%26showversions%3Dfalse/Screenshot%202024-07-11%20at%201.18.38%E2%80%AFPM.png; https://solsticeprod.s3.ap-south-1.amazonaws.com/https%3A/%2Fap-south-1.console.aws.amazon.com/s3/buckets/solsticedev%3Fregion%3Dap-south-1%26bucketType%3Dgeneral%26prefix%3Dcms/%26showversions%3Dfalse/Screenshot%202024-07-11%20at%203.01.18%E2%80%AFPM.png; https://solsticeprod.s3.ap-south-1.amazonaws.com/https%3A/%2Fap-south-1.console.aws.amazon.com/s3/buckets/solsticedev%3Fregion%3Dap-south-1%26bucketType%3Dgeneral%26prefix%3Dcms/%26showversions%3Dfalse/Screenshot%202024-07-11%20at%203.01.24%E2%80%AFPM.png","Kitchen","Modern Indian Minimalist","{"colors":["Blue","White","Black"],"materials":["Glossy finish on cabinetry, smooth countertop, wall tiles"],"primary_features":["Blue and white color scheme","Linear kitchen cabinet design","Integrated countertop and storage"],"object_types":["Kitchen Cabinet"],"object_features":["Hanging storage with pull-out handles","Integrated hanging units above counter"],"object_materials":["Blue and white glossy finish"]}","kitchen, modern indian minimalist, efficient use of space with integrated storage solutions, blue, white, black, glossy finish on cabinetry, smooth countertop, wall tiles, blue and white color scheme, linear kitchen cabinet design, integrated countertop and storage, kitchen cabinet, hanging storage with pull-out handles, integrated hanging units above counter"
"Kitchen Appliances & Storage","Kitchen wall unit designs",8,8,100,93.75,"focused_room_search",false,0,"https://solsticeprod.s3.ap-south-1.amazonaws.com/https%3A/%2Fap-south-1.console.aws.amazon.com/s3/buckets/solsticedev%3Fregion%3Dap-south-1%26bucketType%3Dgeneral%26prefix%3Dcms/%26showversions%3Dfalse/WhatsApp%20Image%202023-04-10%20at%209.47.21%20PM.jpeg; https://solsticeprod.s3.ap-south-1.amazonaws.com/https%3A/%2Fap-south-1.console.aws.amazon.com/s3/buckets/solsticedev%3Fregion%3Dap-south-1%26bucketType%3Dgeneral%26prefix%3Dcms/%26showversions%3Dfalse/Screenshot%202024-07-11%20at%201.23.22%E2%80%AFPM.png; https://solsticeprod.s3.ap-south-1.amazonaws.com/https%3A/%2Fap-south-1.console.aws.amazon.com/s3/buckets/solsticedev%3Fregion%3Dap-south-1%26bucketType%3Dgeneral%26prefix%3Dcms/%26showversions%3Dfalse/Screenshot%202024-07-11%20at%201.23.25%E2%80%AFPM.png; https://solsticeprod.s3.ap-south-1.amazonaws.com/https%3A/%2Fap-south-1.console.aws.amazon.com/s3/buckets/solsticedev%3Fregion%3Dap-south-1%26bucketType%3Dgeneral%26prefix%3Dcms/%26showversions%3Dfalse/WhatsApp%20Image%202023-04-10%20at%209.47.04%20PM.jpeg; https://solsticeprod.s3.ap-south-1.amazonaws.com/https%3A/%2Fap-south-1.console.aws.amazon.com/s3/buckets/solsticedev%3Fregion%3Dap-south-1%26bucketType%3Dgeneral%26prefix%3Dcms/%26showversions%3Dfalse/Screenshot%202024-07-11%20at%201.18.38%E2%80%AFPM.png; https://solsticeprod.s3.ap-south-1.amazonaws.com/https%3A/%2Fap-south-1.console.aws.amazon.com/s3/buckets/solsticedev%3Fregion%3Dap-south-1%26bucketType%3Dgeneral%26prefix%3Dcms/%26showversions%3Dfalse/ABN00623.JPG; https://solsticeprod.s3.ap-south-1.amazonaws.com/https%3A/%2Fap-south-1.console.aws.amazon.com/s3/buckets/solsticedev%3Fregion%3Dap-south-1%26bucketType%3Dgeneral%26prefix%3Dcms/%26showversions%3Dfalse/Screenshot%202024-07-11%20at%203.01.18%E2%80%AFPM.png; https://solsticeprod.s3.ap-south-1.amazonaws.com/https%3A/%2Fap-south-1.console.aws.amazon.com/s3/buckets/solsticedev%3Fregion%3Dap-south-1%26bucketType%3Dgeneral%26prefix%3Dcms/%26showversions%3Dfalse/Screenshot%202024-07-11%20at%203.01.24%E2%80%AFPM.png","Kitchen","Modern Indian Minimalist","{"colors":["Blue","White","Black"],"materials":["Glossy finish on cabinetry, smooth countertop, wall tiles"],"primary_features":["Blue and white color scheme","Linear kitchen cabinet design","Integrated countertop and storage"],"object_types":["Kitchen Cabinet"],"object_features":["Hanging storage with pull-out handles","Integrated hanging units above counter"],"object_materials":["Blue and white glossy finish"]}","kitchen, modern indian minimalist, efficient use of space with integrated storage solutions, blue, white, black, glossy finish on cabinetry, smooth countertop, wall tiles, blue and white color scheme, linear kitchen cabinet design, integrated countertop and storage, kitchen cabinet, hanging storage with pull-out handles, integrated hanging units above counter"
"Bathroom Fixtures","Bathroom vanity designs India",2,2,100,100,"focused_room_search",false,0,"https://solsticeprod.s3.ap-south-1.amazonaws.com/https%3A/%2Fap-south-1.console.aws.amazon.com/s3/buckets/solsticedev%3Fregion%3Dap-south-1%26bucketType%3Dgeneral%26prefix%3Dcms/%26showversions%3Dfalse/3.jpg; https://solsticeprod.s3.ap-south-1.amazonaws.com/https%3A/%2Fap-south-1.console.aws.amazon.com/s3/buckets/solsticedev%3Fregion%3Dap-south-1%26bucketType%3Dgeneral%26prefix%3Dcms/%26showversions%3Dfalse/Screenshot%202024-07-11%20at%201.18.16%E2%80%AFPM.png","Washroom","Contemporary Indian","{"colors":["White marble","Brown wood","Gold accents"],"materials":["Marble, wood, glass"],"primary_features":["Marble floor","Wooden vanity","Round mirror","Gold pendant lights"],"object_types":["Vanity"],"object_features":["Wooden finish","Integrated countertop","Circular design"],"object_materials":["Wood, marble"]}","washroom, contemporary indian, efficient use of vertical space with a wall-mounted vanity, white marble, brown wood, gold accents, marble, wood, glass, marble floor, wooden vanity, round mirror, gold pendant lights, vanity, wooden finish, integrated countertop, circular design"
"Bathroom Fixtures","Bathroom storage solutions",2,1,50,50,"focused_room_search",false,0,"https://solsticeprod.s3.ap-south-1.amazonaws.com/https%3A/%2Fap-south-1.console.aws.amazon.com/s3/buckets/solsticedev%3Fregion%3Dap-south-1%26bucketType%3Dgeneral%26prefix%3Dcms/%26showversions%3Dfalse/Screenshot%202024-07-11%20at%201.18.16%E2%80%AFPM.png; https://solsticeprod.s3.ap-south-1.amazonaws.com/https%3A/%2Fap-south-1.console.aws.amazon.com/s3/buckets/solsticedev%3Fregion%3Dap-south-1%26bucketType%3Dgeneral%26prefix%3Dcms/%26showversions%3Dfalse/3.jpg","Entryway/Bathroom","Modern Minimalist with Indian Influences","{"colors":["White","Brown","Marble","Gold","Gray"],"materials":["Marble","Wood","Metal","Ceramic"],"primary_features":["Marble flooring","Wooden cabinets","Round mirror","Wall-mounted shelves"],"object_types":["Wall-mounted Cabinets","Round Mirror","Marble Countertop","Wooden Storage Units","Vases"],"object_features":["Vertical shelves","Cabinet doors","Glass inserts","Wooden frame","Circular shape","Integrated sink","Smooth surface","Vertical storage","Horizontal slats","Modern design","Colorful","Simple shapes"],"object_materials":["Wood","Metal","Wood","Metal","Marble","Wood","Ceramic","Metal"]}","entryway/bathroom, modern minimalist with indian influences, efficient use of vertical space, white, brown, marble, gold, gray, wood, metal, ceramic, marble flooring, wooden cabinets, round mirror, wall-mounted shelves, wall-mounted cabinets, vertical shelves, cabinet doors, glass inserts, wooden frame, circular shape, marble countertop, integrated sink, smooth surface, wooden storage units, vertical storage, horizontal slats, vases, modern design, colorful, simple shapes, modern minimalist, indian influences"
"Bathroom Fixtures","Bathroom mirror designs",2,2,100,77.5,"focused_room_search",false,0,"https://solsticeprod.s3.ap-south-1.amazonaws.com/https%3A/%2Fap-south-1.console.aws.amazon.com/s3/buckets/solsticedev%3Fregion%3Dap-south-1%26bucketType%3Dgeneral%26prefix%3Dcms/%26showversions%3Dfalse/Screenshot%202024-07-11%20at%201.18.16%E2%80%AFPM.png; https://solsticeprod.s3.ap-south-1.amazonaws.com/https%3A/%2Fap-south-1.console.aws.amazon.com/s3/buckets/solsticedev%3Fregion%3Dap-south-1%26bucketType%3Dgeneral%26prefix%3Dcms/%26showversions%3Dfalse/3.jpg","Entryway/Bathroom","Modern Minimalist with Indian Influences","{"colors":["White","Brown","Marble","Gold","Gray"],"materials":["Marble","Wood","Metal","Ceramic"],"primary_features":["Marble flooring","Wooden cabinets","Round mirror","Wall-mounted shelves"],"object_types":["Wall-mounted Cabinets","Round Mirror","Marble Countertop","Wooden Storage Units","Vases"],"object_features":["Vertical shelves","Cabinet doors","Glass inserts","Wooden frame","Circular shape","Integrated sink","Smooth surface","Vertical storage","Horizontal slats","Modern design","Colorful","Simple shapes"],"object_materials":["Wood","Metal","Wood","Metal","Marble","Wood","Ceramic","Metal"]}","entryway/bathroom, modern minimalist with indian influences, efficient use of vertical space, white, brown, marble, gold, gray, wood, metal, ceramic, marble flooring, wooden cabinets, round mirror, wall-mounted shelves, wall-mounted cabinets, vertical shelves, cabinet doors, glass inserts, wooden frame, circular shape, marble countertop, integrated sink, smooth surface, wooden storage units, vertical storage, horizontal slats, vases, modern design, colorful, simple shapes, modern minimalist, indian influences"
"Bathroom Fixtures","Bathroom cabinet designs",2,1,50,50,"focused_room_search",false,0,"https://solsticeprod.s3.ap-south-1.amazonaws.com/https%3A/%2Fap-south-1.console.aws.amazon.com/s3/buckets/solsticedev%3Fregion%3Dap-south-1%26bucketType%3Dgeneral%26prefix%3Dcms/%26showversions%3Dfalse/Screenshot%202024-07-11%20at%201.18.16%E2%80%AFPM.png; https://solsticeprod.s3.ap-south-1.amazonaws.com/https%3A/%2Fap-south-1.console.aws.amazon.com/s3/buckets/solsticedev%3Fregion%3Dap-south-1%26bucketType%3Dgeneral%26prefix%3Dcms/%26showversions%3Dfalse/3.jpg","Entryway/Bathroom","Modern Minimalist with Indian Influences","{"colors":["White","Brown","Marble","Gold","Gray"],"materials":["Marble","Wood","Metal","Ceramic"],"primary_features":["Marble flooring","Wooden cabinets","Round mirror","Wall-mounted shelves"],"object_types":["Wall-mounted Cabinets","Round Mirror","Marble Countertop","Wooden Storage Units","Vases"],"object_features":["Vertical shelves","Cabinet doors","Glass inserts","Wooden frame","Circular shape","Integrated sink","Smooth surface","Vertical storage","Horizontal slats","Modern design","Colorful","Simple shapes"],"object_materials":["Wood","Metal","Wood","Metal","Marble","Wood","Ceramic","Metal"]}","entryway/bathroom, modern minimalist with indian influences, efficient use of vertical space, white, brown, marble, gold, gray, wood, metal, ceramic, marble flooring, wooden cabinets, round mirror, wall-mounted shelves, wall-mounted cabinets, vertical shelves, cabinet doors, glass inserts, wooden frame, circular shape, marble countertop, integrated sink, smooth surface, wooden storage units, vertical storage, horizontal slats, vases, modern design, colorful, simple shapes, modern minimalist, indian influences"
"Bathroom Fixtures","Bathroom shelf designs",2,1,50,40,"focused_room_search",false,0,"https://solsticeprod.s3.ap-south-1.amazonaws.com/https%3A/%2Fap-south-1.console.aws.amazon.com/s3/buckets/solsticedev%3Fregion%3Dap-south-1%26bucketType%3Dgeneral%26prefix%3Dcms/%26showversions%3Dfalse/Screenshot%202024-07-11%20at%201.18.16%E2%80%AFPM.png; https://solsticeprod.s3.ap-south-1.amazonaws.com/https%3A/%2Fap-south-1.console.aws.amazon.com/s3/buckets/solsticedev%3Fregion%3Dap-south-1%26bucketType%3Dgeneral%26prefix%3Dcms/%26showversions%3Dfalse/3.jpg","Entryway/Bathroom","Modern Minimalist with Indian Influences","{"colors":["White","Brown","Marble","Gold","Gray"],"materials":["Marble","Wood","Metal","Ceramic"],"primary_features":["Marble flooring","Wooden cabinets","Round mirror","Wall-mounted shelves"],"object_types":["Wall-mounted Cabinets","Round Mirror","Marble Countertop","Wooden Storage Units","Vases"],"object_features":["Vertical shelves","Cabinet doors","Glass inserts","Wooden frame","Circular shape","Integrated sink","Smooth surface","Vertical storage","Horizontal slats","Modern design","Colorful","Simple shapes"],"object_materials":["Wood","Metal","Wood","Metal","Marble","Wood","Ceramic","Metal"]}","entryway/bathroom, modern minimalist with indian influences, efficient use of vertical space, white, brown, marble, gold, gray, wood, metal, ceramic, marble flooring, wooden cabinets, round mirror, wall-mounted shelves, wall-mounted cabinets, vertical shelves, cabinet doors, glass inserts, wooden frame, circular shape, marble countertop, integrated sink, smooth surface, wooden storage units, vertical storage, horizontal slats, vases, modern design, colorful, simple shapes, modern minimalist, indian influences"
"Bathroom Fixtures","Bathroom organizer designs",2,1,50,40,"focused_room_search",false,0,"https://solsticeprod.s3.ap-south-1.amazonaws.com/https%3A/%2Fap-south-1.console.aws.amazon.com/s3/buckets/solsticedev%3Fregion%3Dap-south-1%26bucketType%3Dgeneral%26prefix%3Dcms/%26showversions%3Dfalse/Screenshot%202024-07-11%20at%201.18.16%E2%80%AFPM.png; https://solsticeprod.s3.ap-south-1.amazonaws.com/https%3A/%2Fap-south-1.console.aws.amazon.com/s3/buckets/solsticedev%3Fregion%3Dap-south-1%26bucketType%3Dgeneral%26prefix%3Dcms/%26showversions%3Dfalse/3.jpg","Entryway/Bathroom","Modern Minimalist with Indian Influences","{"colors":["White","Brown","Marble","Gold","Gray"],"materials":["Marble","Wood","Metal","Ceramic"],"primary_features":["Marble flooring","Wooden cabinets","Round mirror","Wall-mounted shelves"],"object_types":["Wall-mounted Cabinets","Round Mirror","Marble Countertop","Wooden Storage Units","Vases"],"object_features":["Vertical shelves","Cabinet doors","Glass inserts","Wooden frame","Circular shape","Integrated sink","Smooth surface","Vertical storage","Horizontal slats","Modern design","Colorful","Simple shapes"],"object_materials":["Wood","Metal","Wood","Metal","Marble","Wood","Ceramic","Metal"]}","entryway/bathroom, modern minimalist with indian influences, efficient use of vertical space, white, brown, marble, gold, gray, wood, metal, ceramic, marble flooring, wooden cabinets, round mirror, wall-mounted shelves, wall-mounted cabinets, vertical shelves, cabinet doors, glass inserts, wooden frame, circular shape, marble countertop, integrated sink, smooth surface, wooden storage units, vertical storage, horizontal slats, vases, modern design, colorful, simple shapes, modern minimalist, indian influences"
"Bathroom Fixtures","Bathroom towel holder designs",2,1,50,40,"focused_room_search",false,0,"https://solsticeprod.s3.ap-south-1.amazonaws.com/https%3A/%2Fap-south-1.console.aws.amazon.com/s3/buckets/solsticedev%3Fregion%3Dap-south-1%26bucketType%3Dgeneral%26prefix%3Dcms/%26showversions%3Dfalse/Screenshot%202024-07-11%20at%201.18.16%E2%80%AFPM.png; https://solsticeprod.s3.ap-south-1.amazonaws.com/https%3A/%2Fap-south-1.console.aws.amazon.com/s3/buckets/solsticedev%3Fregion%3Dap-south-1%26bucketType%3Dgeneral%26prefix%3Dcms/%26showversions%3Dfalse/3.jpg","Entryway/Bathroom","Modern Minimalist with Indian Influences","{"colors":["White","Brown","Marble","Gold","Gray"],"materials":["Marble","Wood","Metal","Ceramic"],"primary_features":["Marble flooring","Wooden cabinets","Round mirror","Wall-mounted shelves"],"object_types":["Wall-mounted Cabinets","Round Mirror","Marble Countertop","Wooden Storage Units","Vases"],"object_features":["Vertical shelves","Cabinet doors","Glass inserts","Wooden frame","Circular shape","Integrated sink","Smooth surface","Vertical storage","Horizontal slats","Modern design","Colorful","Simple shapes"],"object_materials":["Wood","Metal","Wood","Metal","Marble","Wood","Ceramic","Metal"]}","entryway/bathroom, modern minimalist with indian influences, efficient use of vertical space, white, brown, marble, gold, gray, wood, metal, ceramic, marble flooring, wooden cabinets, round mirror, wall-mounted shelves, wall-mounted cabinets, vertical shelves, cabinet doors, glass inserts, wooden frame, circular shape, marble countertop, integrated sink, smooth surface, wooden storage units, vertical storage, horizontal slats, vases, modern design, colorful, simple shapes, modern minimalist, indian influences"
"Bathroom Fixtures","Bathroom accessories India",2,2,100,80,"focused_room_search",false,0,"https://solsticeprod.s3.ap-south-1.amazonaws.com/https%3A/%2Fap-south-1.console.aws.amazon.com/s3/buckets/solsticedev%3Fregion%3Dap-south-1%26bucketType%3Dgeneral%26prefix%3Dcms/%26showversions%3Dfalse/Screenshot%202024-07-11%20at%201.18.16%E2%80%AFPM.png; https://solsticeprod.s3.ap-south-1.amazonaws.com/https%3A/%2Fap-south-1.console.aws.amazon.com/s3/buckets/solsticedev%3Fregion%3Dap-south-1%26bucketType%3Dgeneral%26prefix%3Dcms/%26showversions%3Dfalse/3.jpg","Entryway/Bathroom","Modern Minimalist with Indian Influences","{"colors":["White","Brown","Marble","Gold","Gray"],"materials":["Marble","Wood","Metal","Ceramic"],"primary_features":["Marble flooring","Wooden cabinets","Round mirror","Wall-mounted shelves"],"object_types":["Wall-mounted Cabinets","Round Mirror","Marble Countertop","Wooden Storage Units","Vases"],"object_features":["Vertical shelves","Cabinet doors","Glass inserts","Wooden frame","Circular shape","Integrated sink","Smooth surface","Vertical storage","Horizontal slats","Modern design","Colorful","Simple shapes"],"object_materials":["Wood","Metal","Wood","Metal","Marble","Wood","Ceramic","Metal"]}","entryway/bathroom, modern minimalist with indian influences, efficient use of vertical space, white, brown, marble, gold, gray, wood, metal, ceramic, marble flooring, wooden cabinets, round mirror, wall-mounted shelves, wall-mounted cabinets, vertical shelves, cabinet doors, glass inserts, wooden frame, circular shape, marble countertop, integrated sink, smooth surface, wooden storage units, vertical storage, horizontal slats, vases, modern design, colorful, simple shapes, modern minimalist, indian influences"
"Lighting & Decor","Ceiling light designs India",20,19,95,88,"enhanced_object_search",false,0,"https://solsticeprod.s3.ap-south-1.amazonaws.com/https%3A/%2Fap-south-1.console.aws.amazon.com/s3/buckets/solsticedev%3Fregion%3Dap-south-1%26bucketType%3Dgeneral%26prefix%3Dcms/%26showversions%3Dfalse/Screenshot%202024-07-11%20at%203.02.01%E2%80%AFPM.png; https://solsticeprod.s3.ap-south-1.amazonaws.com/https%3A/%2Fap-south-1.console.aws.amazon.com/s3/buckets/solsticedev%3Fregion%3Dap-south-1%26bucketType%3Dgeneral%26prefix%3Dcms/%26showversions%3Dfalse/ABN00623.JPG; https://solsticeprod.s3.ap-south-1.amazonaws.com/https%3A/%2Fap-south-1.console.aws.amazon.com/s3/buckets/solsticedev%3Fregion%3Dap-south-1%26bucketType%3Dgeneral%26prefix%3Dcms/%26showversions%3Dfalse/ABN00678.JPG; https://solsticeprod.s3.ap-south-1.amazonaws.com/https%3A/%2Fap-south-1.console.aws.amazon.com/s3/buckets/solsticedev%3Fregion%3Dap-south-1%26bucketType%3Dgeneral%26prefix%3Dcms/%26showversions%3Dfalse/Screenshot%202024-07-11%20at%201.18.08%E2%80%AFPM.png; https://solsticeprod.s3.ap-south-1.amazonaws.com/https%3A/%2Fap-south-1.console.aws.amazon.com/s3/buckets/solsticedev%3Fregion%3Dap-south-1%26bucketType%3Dgeneral%26prefix%3Dcms/%26showversions%3Dfalse/Screenshot%202024-07-11%20at%203.11.13%E2%80%AFPM.png; https://solsticeprod.s3.ap-south-1.amazonaws.com/https%3A/%2Fap-south-1.console.aws.amazon.com/s3/buckets/solsticedev%3Fregion%3Dap-south-1%26bucketType%3Dgeneral%26prefix%3Dcms/%26showversions%3Dfalse/Screenshot%202024-07-11%20at%201.23.08%E2%80%AFPM.png; https://solsticeprod.s3.ap-south-1.amazonaws.com/https%3A/%2Fap-south-1.console.aws.amazon.com/s3/buckets/solsticedev%3Fregion%3Dap-south-1%26bucketType%3Dgeneral%26prefix%3Dcms/%26showversions%3Dfalse/ABN00593.JPG; https://solsticeprod.s3.ap-south-1.amazonaws.com/https%3A/%2Fap-south-1.console.aws.amazon.com/s3/buckets/solsticedev%3Fregion%3Dap-south-1%26bucketType%3Dgeneral%26prefix%3Dcms/%26showversions%3Dfalse/Screenshot%202024-07-11%20at%203.01.08%E2%80%AFPM.png; https://solsticeprod.s3.ap-south-1.amazonaws.com/https%3A/%2Fap-south-1.console.aws.amazon.com/s3/buckets/solsticedev%3Fregion%3Dap-south-1%26bucketType%3Dgeneral%26prefix%3Dcms/%26showversions%3Dfalse/Screenshot%202024-07-11%20at%203.01.18%E2%80%AFPM.png; https://solsticeprod.s3.ap-south-1.amazonaws.com/https%3A/%2Fap-south-1.console.aws.amazon.com/s3/buckets/solsticedev%3Fregion%3Dap-south-1%26bucketType%3Dgeneral%26prefix%3Dcms/%26showversions%3Dfalse/Screenshot%202024-07-11%20at%203.02.13%E2%80%AFPM.png; https://solsticeprod.s3.ap-south-1.amazonaws.com/https%3A/%2Fap-south-1.console.aws.amazon.com/s3/buckets/solsticedev%3Fregion%3Dap-south-1%26bucketType%3Dgeneral%26prefix%3Dcms/%26showversions%3Dfalse/WhatsApp%20Image%202023-04-10%20at%209.47.30%20PM.jpeg; https://solsticeprod.s3.ap-south-1.amazonaws.com/https%3A/%2Fap-south-1.console.aws.amazon.com/s3/buckets/solsticedev%3Fregion%3Dap-south-1%26bucketType%3Dgeneral%26prefix%3Dcms/%26showversions%3Dfalse/WhatsApp%20Image%202023-07-10%20at%2013.03.21%20%281%29.jpeg; https://solsticeprod.s3.ap-south-1.amazonaws.com/https%3A/%2Fap-south-1.console.aws.amazon.com/s3/buckets/solsticedev%3Fregion%3Dap-south-1%26bucketType%3Dgeneral%26prefix%3Dcms/%26showversions%3Dfalse/Screenshot%202024-07-11%20at%201.18.03%E2%80%AFPM.png; https://solsticeprod.s3.ap-south-1.amazonaws.com/https%3A/%2Fap-south-1.console.aws.amazon.com/s3/buckets/solsticedev%3Fregion%3Dap-south-1%26bucketType%3Dgeneral%26prefix%3Dcms/%26showversions%3Dfalse/WhatsApp%20Image%202023-04-10%20at%209.47.33%20PM.jpeg; https://solsticeprod.s3.ap-south-1.amazonaws.com/https%3A/%2Fap-south-1.console.aws.amazon.com/s3/buckets/solsticedev%3Fregion%3Dap-south-1%26bucketType%3Dgeneral%26prefix%3Dcms/%26showversions%3Dfalse/ABN00640.JPG; https://solsticeprod.s3.ap-south-1.amazonaws.com/https%3A/%2Fap-south-1.console.aws.amazon.com/s3/buckets/solsticedev%3Fregion%3Dap-south-1%26bucketType%3Dgeneral%26prefix%3Dcms/%26showversions%3Dfalse/Screenshot%202024-07-11%20at%203.02.17%E2%80%AFPM.png; https://solsticeprod.s3.ap-south-1.amazonaws.com/https%3A/%2Fap-south-1.console.aws.amazon.com/s3/buckets/solsticedev%3Fregion%3Dap-south-1%26bucketType%3Dgeneral%26prefix%3Dcms/%26showversions%3Dfalse/3.jpg; https://solsticeprod.s3.ap-south-1.amazonaws.com/https%3A/%2Fap-south-1.console.aws.amazon.com/s3/buckets/solsticedev%3Fregion%3Dap-south-1%26bucketType%3Dgeneral%26prefix%3Dcms/%26showversions%3Dfalse/Screenshot%202024-07-11%20at%203.02.06%E2%80%AFPM.png; https://solsticeprod.s3.ap-south-1.amazonaws.com/https%3A/%2Fap-south-1.console.aws.amazon.com/s3/buckets/solsticedev%3Fregion%3Dap-south-1%26bucketType%3Dgeneral%26prefix%3Dcms/%26showversions%3Dfalse/WhatsApp%20Image%202023-07-10%20at%2013.03.28.jpeg; https://solsticeprod.s3.ap-south-1.amazonaws.com/https%3A/%2Fap-south-1.console.aws.amazon.com/s3/buckets/solsticedev%3Fregion%3Dap-south-1%26bucketType%3Dgeneral%26prefix%3Dcms/%26showversions%3Dfalse/ABN00681.JPG","bedroom","modern indian","{}","bedroom, modern indian, efficient use of space for storage and seating, beige, white, blue, brown, frosted glass, metallic, wood, cotton/linen, fabric, built-in wardrobe with sliding doors, wooden flooring, curtains with earthy tones, natural light through window, built-in wardrobe, sliding doors with frosted glass panels, metallic handles, beige cabinetry, window curtains, draped style, two-tone design with beige and blue, hardwood with a natural finish, built-in bench, wooden seat and backrest, white cushion top, sliding doors, curtains, contemporary design, indian interior design"
"Lighting & Decor","Wall light designs Indian homes",4,3,75,67.74,"focused_room_search",false,0,"https://solsticeprod.s3.ap-south-1.amazonaws.com/https%3A/%2Fap-south-1.console.aws.amazon.com/s3/buckets/solsticedev%3Fregion%3Dap-south-1%26bucketType%3Dgeneral%26prefix%3Dcms/%26showversions%3Dfalse/WhatsApp%20Image%202023-07-10%20at%2013.03.28.jpeg; https://solsticeprod.s3.ap-south-1.amazonaws.com/https%3A/%2Fap-south-1.console.aws.amazon.com/s3/buckets/solsticedev%3Fregion%3Dap-south-1%26bucketType%3Dgeneral%26prefix%3Dcms/%26showversions%3Dfalse/Screenshot%202024-07-11%20at%201.18.29%E2%80%AFPM.png; https://solsticeprod.s3.ap-south-1.amazonaws.com/https%3A/%2Fap-south-1.console.aws.amazon.com/s3/buckets/solsticedev%3Fregion%3Dap-south-1%26bucketType%3Dgeneral%26prefix%3Dcms/%26showversions%3Dfalse/WhatsApp%20Image%202023-07-10%20at%2013.03.28.jpeg; https://solsticeprod.s3.ap-south-1.amazonaws.com/https%3A/%2Fap-south-1.console.aws.amazon.com/s3/buckets/solsticedev%3Fregion%3Dap-south-1%26bucketType%3Dgeneral%26prefix%3Dcms/%26showversions%3Dfalse/Screenshot%202024-07-11%20at%203.02.26%E2%80%AFPM.png","Puja Room","Minimalist Indian Puja Space","{"colors":["Beige","Brown","White"],"materials":["Marble","Wood"],"primary_features":["Marble wall","Wooden frame","Backlit wall"],"object_types":["Marble Wall","Wooden Frame"],"object_features":["Backlit, creates a glowing effect","Natural stone texture","Dark stained wood","Simple geometric design"],"object_materials":["Marble","Wood"]}","puja room, minimalist indian puja space, efficient use of space with a dedicated area for worship, beige, brown, white, marble, wood, marble wall, wooden frame, backlit wall, backlit, creates a glowing effect, natural stone texture, dark stained wood, simple geometric design"
"Lighting & Decor","Table lamp designs",18,0,0,21.67,"enhanced_object_search",false,0,"https://solsticeprod.s3.ap-south-1.amazonaws.com/https%3A/%2Fap-south-1.console.aws.amazon.com/s3/buckets/solsticedev%3Fregion%3Dap-south-1%26bucketType%3Dgeneral%26prefix%3Dcms/%26showversions%3Dfalse/Screenshot%202024-07-11%20at%201.23.08%E2%80%AFPM.png; https://solsticeprod.s3.ap-south-1.amazonaws.com/https%3A/%2Fap-south-1.console.aws.amazon.com/s3/buckets/solsticedev%3Fregion%3Dap-south-1%26bucketType%3Dgeneral%26prefix%3Dcms/%26showversions%3Dfalse/Screenshot%202024-07-11%20at%203.01.08%E2%80%AFPM.png; https://solsticeprod.s3.ap-south-1.amazonaws.com/https%3A/%2Fap-south-1.console.aws.amazon.com/s3/buckets/solsticedev%3Fregion%3Dap-south-1%26bucketType%3Dgeneral%26prefix%3Dcms/%26showversions%3Dfalse/3-2.jpg; https://solsticeprod.s3.ap-south-1.amazonaws.com/https%3A/%2Fap-south-1.console.aws.amazon.com/s3/buckets/solsticedev%3Fregion%3Dap-south-1%26bucketType%3Dgeneral%26prefix%3Dcms/%26showversions%3Dfalse/Screenshot%202024-07-11%20at%201.23.18%E2%80%AFPM.png; https://solsticeprod.s3.ap-south-1.amazonaws.com/https%3A/%2Fap-south-1.console.aws.amazon.com/s3/buckets/solsticedev%3Fregion%3Dap-south-1%26bucketType%3Dgeneral%26prefix%3Dcms/%26showversions%3Dfalse/Screenshot%202024-07-11%20at%203.11.13%E2%80%AFPM.png; https://solsticeprod.s3.ap-south-1.amazonaws.com/https%3A/%2Fap-south-1.console.aws.amazon.com/s3/buckets/solsticedev%3Fregion%3Dap-south-1%26bucketType%3Dgeneral%26prefix%3Dcms/%26showversions%3Dfalse/ABN00593.JPG; https://solsticeprod.s3.ap-south-1.amazonaws.com/https%3A/%2Fap-south-1.console.aws.amazon.com/s3/buckets/solsticedev%3Fregion%3Dap-south-1%26bucketType%3Dgeneral%26prefix%3Dcms/%26showversions%3Dfalse/Screenshot%202024-07-11%20at%203.02.17%E2%80%AFPM.png; https://solsticeprod.s3.ap-south-1.amazonaws.com/https%3A/%2Fap-south-1.console.aws.amazon.com/s3/buckets/solsticedev%3Fregion%3Dap-south-1%26bucketType%3Dgeneral%26prefix%3Dcms/%26showversions%3Dfalse/ABN00681.JPG; https://solsticeprod.s3.ap-south-1.amazonaws.com/https%3A/%2Fap-south-1.console.aws.amazon.com/s3/buckets/solsticedev%3Fregion%3Dap-south-1%26bucketType%3Dgeneral%26prefix%3Dcms/%26showversions%3Dfalse/ABN00623.JPG; https://solsticeprod.s3.ap-south-1.amazonaws.com/https%3A/%2Fap-south-1.console.aws.amazon.com/s3/buckets/solsticedev%3Fregion%3Dap-south-1%26bucketType%3Dgeneral%26prefix%3Dcms/%26showversions%3Dfalse/Screenshot%202024-07-11%20at%201.18.08%E2%80%AFPM.png; https://solsticeprod.s3.ap-south-1.amazonaws.com/https%3A/%2Fap-south-1.console.aws.amazon.com/s3/buckets/solsticedev%3Fregion%3Dap-south-1%26bucketType%3Dgeneral%26prefix%3Dcms/%26showversions%3Dfalse/ABN00678.JPG; https://solsticeprod.s3.ap-south-1.amazonaws.com/https%3A/%2Fap-south-1.console.aws.amazon.com/s3/buckets/solsticedev%3Fregion%3Dap-south-1%26bucketType%3Dgeneral%26prefix%3Dcms/%26showversions%3Dfalse/ABN00640.JPG; https://solsticeprod.s3.ap-south-1.amazonaws.com/https%3A/%2Fap-south-1.console.aws.amazon.com/s3/buckets/solsticedev%3Fregion%3Dap-south-1%26bucketType%3Dgeneral%26prefix%3Dcms/%26showversions%3Dfalse/WhatsApp%20Image%202023-07-10%20at%2013.03.21%20%281%29.jpeg; https://solsticeprod.s3.ap-south-1.amazonaws.com/https%3A/%2Fap-south-1.console.aws.amazon.com/s3/buckets/solsticedev%3Fregion%3Dap-south-1%26bucketType%3Dgeneral%26prefix%3Dcms/%26showversions%3Dfalse/WhatsApp%20Image%202023-07-10%20at%2013.03.28.jpeg; https://solsticeprod.s3.ap-south-1.amazonaws.com/https%3A/%2Fap-south-1.console.aws.amazon.com/s3/buckets/solsticedev%3Fregion%3Dap-south-1%26bucketType%3Dgeneral%26prefix%3Dcms/%26showversions%3Dfalse/Screenshot%202024-07-11%20at%201.18.03%E2%80%AFPM.png; https://solsticeprod.s3.ap-south-1.amazonaws.com/https%3A/%2Fap-south-1.console.aws.amazon.com/s3/buckets/solsticedev%3Fregion%3Dap-south-1%26bucketType%3Dgeneral%26prefix%3Dcms/%26showversions%3Dfalse/Screenshot%202024-07-11%20at%201.23.36%E2%80%AFPM.png; https://solsticeprod.s3.ap-south-1.amazonaws.com/https%3A/%2Fap-south-1.console.aws.amazon.com/s3/buckets/solsticedev%3Fregion%3Dap-south-1%26bucketType%3Dgeneral%26prefix%3Dcms/%26showversions%3Dfalse/WhatsApp%20Image%202023-04-10%20at%209.49.55%20PM.jpeg; https://solsticeprod.s3.ap-south-1.amazonaws.com/https%3A/%2Fap-south-1.console.aws.amazon.com/s3/buckets/solsticedev%3Fregion%3Dap-south-1%26bucketType%3Dgeneral%26prefix%3Dcms/%26showversions%3Dfalse/Screenshot%202024-07-11%20at%203.02.13%E2%80%AFPM.png","living room with integrated dining area","contemporary indian","{}","living room with integrated dining area, contemporary indian, efficient use of open space with minimal partitions, gray, white, gold, dark gray, green, glass, wood, metal, marble, fabric, modern furniture, open space layout, decorative elements, sofa, tufted design, light gray upholstery, coffee table, glass top, curved wooden base, dining set, marble top table, gold metal frame, white upholstered chairs, wall decor, metal starburst design, wall cabinet, glass doors, open shelves, living room, modern indian, contemporary design, open space, neutral color palette"
"Lighting & Decor","Floor lamp designs India",20,19,95,76.55,"enhanced_object_search",false,0,"https://solsticeprod.s3.ap-south-1.amazonaws.com/https%3A/%2Fap-south-1.console.aws.amazon.com/s3/buckets/solsticedev%3Fregion%3Dap-south-1%26bucketType%3Dgeneral%26prefix%3Dcms/%26showversions%3Dfalse/ABN00678.JPG; https://solsticeprod.s3.ap-south-1.amazonaws.com/https%3A/%2Fap-south-1.console.aws.amazon.com/s3/buckets/solsticedev%3Fregion%3Dap-south-1%26bucketType%3Dgeneral%26prefix%3Dcms/%26showversions%3Dfalse/Screenshot%202024-07-11%20at%201.18.16%E2%80%AFPM.png; https://solsticeprod.s3.ap-south-1.amazonaws.com/https%3A/%2Fap-south-1.console.aws.amazon.com/s3/buckets/solsticedev%3Fregion%3Dap-south-1%26bucketType%3Dgeneral%26prefix%3Dcms/%26showversions%3Dfalse/ABN00681.JPG; https://solsticeprod.s3.ap-south-1.amazonaws.com/https%3A/%2Fap-south-1.console.aws.amazon.com/s3/buckets/solsticedev%3Fregion%3Dap-south-1%26bucketType%3Dgeneral%26prefix%3Dcms/%26showversions%3Dfalse/Screenshot%202024-07-11%20at%201.18.08%E2%80%AFPM.png; https://solsticeprod.s3.ap-south-1.amazonaws.com/https%3A/%2Fap-south-1.console.aws.amazon.com/s3/buckets/solsticedev%3Fregion%3Dap-south-1%26bucketType%3Dgeneral%26prefix%3Dcms/%26showversions%3Dfalse/Screenshot%202024-07-11%20at%203.02.01%E2%80%AFPM.png; https://solsticeprod.s3.ap-south-1.amazonaws.com/https%3A/%2Fap-south-1.console.aws.amazon.com/s3/buckets/solsticedev%3Fregion%3Dap-south-1%26bucketType%3Dgeneral%26prefix%3Dcms/%26showversions%3Dfalse/ABN00593.JPG; https://solsticeprod.s3.ap-south-1.amazonaws.com/https%3A/%2Fap-south-1.console.aws.amazon.com/s3/buckets/solsticedev%3Fregion%3Dap-south-1%26bucketType%3Dgeneral%26prefix%3Dcms/%26showversions%3Dfalse/ABN00640.JPG; https://solsticeprod.s3.ap-south-1.amazonaws.com/https%3A/%2Fap-south-1.console.aws.amazon.com/s3/buckets/solsticedev%3Fregion%3Dap-south-1%26bucketType%3Dgeneral%26prefix%3Dcms/%26showversions%3Dfalse/WhatsApp%20Image%202023-07-10%20at%2013.03.21%20%281%29.jpeg; https://solsticeprod.s3.ap-south-1.amazonaws.com/https%3A/%2Fap-south-1.console.aws.amazon.com/s3/buckets/solsticedev%3Fregion%3Dap-south-1%26bucketType%3Dgeneral%26prefix%3Dcms/%26showversions%3Dfalse/Screenshot%202024-07-11%20at%201.18.49%E2%80%AFPM.png; https://solsticeprod.s3.ap-south-1.amazonaws.com/https%3A/%2Fap-south-1.console.aws.amazon.com/s3/buckets/solsticedev%3Fregion%3Dap-south-1%26bucketType%3Dgeneral%26prefix%3Dcms/%26showversions%3Dfalse/Screenshot%202024-07-11%20at%203.02.17%E2%80%AFPM.png; https://solsticeprod.s3.ap-south-1.amazonaws.com/https%3A/%2Fap-south-1.console.aws.amazon.com/s3/buckets/solsticedev%3Fregion%3Dap-south-1%26bucketType%3Dgeneral%26prefix%3Dcms/%26showversions%3Dfalse/Screenshot%202024-07-11%20at%201.18.29%E2%80%AFPM.png; https://solsticeprod.s3.ap-south-1.amazonaws.com/https%3A/%2Fap-south-1.console.aws.amazon.com/s3/buckets/solsticedev%3Fregion%3Dap-south-1%26bucketType%3Dgeneral%26prefix%3Dcms/%26showversions%3Dfalse/3.jpg; https://solsticeprod.s3.ap-south-1.amazonaws.com/https%3A/%2Fap-south-1.console.aws.amazon.com/s3/buckets/solsticedev%3Fregion%3Dap-south-1%26bucketType%3Dgeneral%26prefix%3Dcms/%26showversions%3Dfalse/WhatsApp%20Image%202023-04-10%20at%209.47.32%20PM%20%281%29.jpeg; https://solsticeprod.s3.ap-south-1.amazonaws.com/https%3A/%2Fap-south-1.console.aws.amazon.com/s3/buckets/solsticedev%3Fregion%3Dap-south-1%26bucketType%3Dgeneral%26prefix%3Dcms/%26showversions%3Dfalse/WhatsApp%20Image%202023-07-10%20at%2013.03.28.jpeg; https://solsticeprod.s3.ap-south-1.amazonaws.com/https%3A/%2Fap-south-1.console.aws.amazon.com/s3/buckets/solsticedev%3Fregion%3Dap-south-1%26bucketType%3Dgeneral%26prefix%3Dcms/%26showversions%3Dfalse/Screenshot%202024-07-11%20at%203.01.08%E2%80%AFPM.png; https://solsticeprod.s3.ap-south-1.amazonaws.com/https%3A/%2Fap-south-1.console.aws.amazon.com/s3/buckets/solsticedev%3Fregion%3Dap-south-1%26bucketType%3Dgeneral%26prefix%3Dcms/%26showversions%3Dfalse/Screenshot%202024-07-11%20at%203.11.13%E2%80%AFPM.png; https://solsticeprod.s3.ap-south-1.amazonaws.com/https%3A/%2Fap-south-1.console.aws.amazon.com/s3/buckets/solsticedev%3Fregion%3Dap-south-1%26bucketType%3Dgeneral%26prefix%3Dcms/%26showversions%3Dfalse/Screenshot%202024-07-11%20at%201.23.08%E2%80%AFPM.png; https://solsticeprod.s3.ap-south-1.amazonaws.com/https%3A/%2Fap-south-1.console.aws.amazon.com/s3/buckets/solsticedev%3Fregion%3Dap-south-1%26bucketType%3Dgeneral%26prefix%3Dcms/%26showversions%3Dfalse/Screenshot%202024-07-11%20at%203.02.13%E2%80%AFPM.png; https://solsticeprod.s3.ap-south-1.amazonaws.com/https%3A/%2Fap-south-1.console.aws.amazon.com/s3/buckets/solsticedev%3Fregion%3Dap-south-1%26bucketType%3Dgeneral%26prefix%3Dcms/%26showversions%3Dfalse/WhatsApp%20Image%202023-04-10%20at%209.49.55%20PM.jpeg; https://solsticeprod.s3.ap-south-1.amazonaws.com/https%3A/%2Fap-south-1.console.aws.amazon.com/s3/buckets/solsticedev%3Fregion%3Dap-south-1%26bucketType%3Dgeneral%26prefix%3Dcms/%26showversions%3Dfalse/Screenshot%202024-07-11%20at%201.18.03%E2%80%AFPM.png","sitting room","contemporary indian","{}","sitting room, contemporary indian, efficient use of the space with a sofa placed near the window for natural light and a small table for decor, brown, beige, white, green, black, wood, marble, fabric, glass, wooden ceiling beams, carved wooden door, brown sofa with cushions, marble flooring, patterned curtains, decorative wall sconces, sofa, brown upholstery, curved armrests, sequin pillow, decorative wall sconce, copper finish, decorative design, decorative carvings, brass accents, panel design, exposed beams, tree branch pattern, sheer fabric, southern indian, carved door, brown sofa"
"Lighting & Decor","Chandelier designs Indian style",20,19,95,70.55,"enhanced_object_search",false,0,"https://solsticeprod.s3.ap-south-1.amazonaws.com/https%3A/%2Fap-south-1.console.aws.amazon.com/s3/buckets/solsticedev%3Fregion%3Dap-south-1%26bucketType%3Dgeneral%26prefix%3Dcms/%26showversions%3Dfalse/Screenshot%202024-07-11%20at%203.02.01%E2%80%AFPM.png; https://solsticeprod.s3.ap-south-1.amazonaws.com/https%3A/%2Fap-south-1.console.aws.amazon.com/s3/buckets/solsticedev%3Fregion%3Dap-south-1%26bucketType%3Dgeneral%26prefix%3Dcms/%26showversions%3Dfalse/Screenshot%202024-07-11%20at%203.01.08%E2%80%AFPM.png; https://solsticeprod.s3.ap-south-1.amazonaws.com/https%3A/%2Fap-south-1.console.aws.amazon.com/s3/buckets/solsticedev%3Fregion%3Dap-south-1%26bucketType%3Dgeneral%26prefix%3Dcms/%26showversions%3Dfalse/Screenshot%202024-07-11%20at%203.11.13%E2%80%AFPM.png; https://solsticeprod.s3.ap-south-1.amazonaws.com/https%3A/%2Fap-south-1.console.aws.amazon.com/s3/buckets/solsticedev%3Fregion%3Dap-south-1%26bucketType%3Dgeneral%26prefix%3Dcms/%26showversions%3Dfalse/Screenshot%202024-07-11%20at%203.01.24%E2%80%AFPM.png; https://solsticeprod.s3.ap-south-1.amazonaws.com/https%3A/%2Fap-south-1.console.aws.amazon.com/s3/buckets/solsticedev%3Fregion%3Dap-south-1%26bucketType%3Dgeneral%26prefix%3Dcms/%26showversions%3Dfalse/WhatsApp%20Image%202023-07-10%20at%2013.03.29.jpeg; https://solsticeprod.s3.ap-south-1.amazonaws.com/https%3A/%2Fap-south-1.console.aws.amazon.com/s3/buckets/solsticedev%3Fregion%3Dap-south-1%26bucketType%3Dgeneral%26prefix%3Dcms/%26showversions%3Dfalse/WhatsApp%20Image%202023-07-10%20at%2013.03.21%20%281%29.jpeg; https://solsticeprod.s3.ap-south-1.amazonaws.com/https%3A/%2Fap-south-1.console.aws.amazon.com/s3/buckets/solsticedev%3Fregion%3Dap-south-1%26bucketType%3Dgeneral%26prefix%3Dcms/%26showversions%3Dfalse/Screenshot%202024-07-11%20at%203.02.17%E2%80%AFPM.png; https://solsticeprod.s3.ap-south-1.amazonaws.com/https%3A/%2Fap-south-1.console.aws.amazon.com/s3/buckets/solsticedev%3Fregion%3Dap-south-1%26bucketType%3Dgeneral%26prefix%3Dcms/%26showversions%3Dfalse/ABN00640.JPG; https://solsticeprod.s3.ap-south-1.amazonaws.com/https%3A/%2Fap-south-1.console.aws.amazon.com/s3/buckets/solsticedev%3Fregion%3Dap-south-1%26bucketType%3Dgeneral%26prefix%3Dcms/%26showversions%3Dfalse/WhatsApp%20Image%202023-04-10%20at%209.47.33%20PM.jpeg; https://solsticeprod.s3.ap-south-1.amazonaws.com/https%3A/%2Fap-south-1.console.aws.amazon.com/s3/buckets/solsticedev%3Fregion%3Dap-south-1%26bucketType%3Dgeneral%26prefix%3Dcms/%26showversions%3Dfalse/WhatsApp%20Image%202023-07-10%20at%2013.03.28.jpeg; https://solsticeprod.s3.ap-south-1.amazonaws.com/https%3A/%2Fap-south-1.console.aws.amazon.com/s3/buckets/solsticedev%3Fregion%3Dap-south-1%26bucketType%3Dgeneral%26prefix%3Dcms/%26showversions%3Dfalse/WhatsApp%20Image%202023-04-10%20at%209.49.55%20PM.jpeg; https://solsticeprod.s3.ap-south-1.amazonaws.com/https%3A/%2Fap-south-1.console.aws.amazon.com/s3/buckets/solsticedev%3Fregion%3Dap-south-1%26bucketType%3Dgeneral%26prefix%3Dcms/%26showversions%3Dfalse/Screenshot%202024-07-11%20at%203.02.06%E2%80%AFPM.png; https://solsticeprod.s3.ap-south-1.amazonaws.com/https%3A/%2Fap-south-1.console.aws.amazon.com/s3/buckets/solsticedev%3Fregion%3Dap-south-1%26bucketType%3Dgeneral%26prefix%3Dcms/%26showversions%3Dfalse/WhatsApp%20Image%202023-04-10%20at%209.47.30%20PM.jpeg; https://solsticeprod.s3.ap-south-1.amazonaws.com/https%3A/%2Fap-south-1.console.aws.amazon.com/s3/buckets/solsticedev%3Fregion%3Dap-south-1%26bucketType%3Dgeneral%26prefix%3Dcms/%26showversions%3Dfalse/Screenshot%202024-07-11%20at%201.18.08%E2%80%AFPM.png; https://solsticeprod.s3.ap-south-1.amazonaws.com/https%3A/%2Fap-south-1.console.aws.amazon.com/s3/buckets/solsticedev%3Fregion%3Dap-south-1%26bucketType%3Dgeneral%26prefix%3Dcms/%26showversions%3Dfalse/Screenshot%202024-07-11%20at%203.02.13%E2%80%AFPM.png; https://solsticeprod.s3.ap-south-1.amazonaws.com/https%3A/%2Fap-south-1.console.aws.amazon.com/s3/buckets/solsticedev%3Fregion%3Dap-south-1%26bucketType%3Dgeneral%26prefix%3Dcms/%26showversions%3Dfalse/Screenshot%202024-07-11%20at%201.23.08%E2%80%AFPM.png; https://solsticeprod.s3.ap-south-1.amazonaws.com/https%3A/%2Fap-south-1.console.aws.amazon.com/s3/buckets/solsticedev%3Fregion%3Dap-south-1%26bucketType%3Dgeneral%26prefix%3Dcms/%26showversions%3Dfalse/WhatsApp%20Image%202023-04-10%20at%209.47.32%20PM%20%281%29.jpeg; https://solsticeprod.s3.ap-south-1.amazonaws.com/https%3A/%2Fap-south-1.console.aws.amazon.com/s3/buckets/solsticedev%3Fregion%3Dap-south-1%26bucketType%3Dgeneral%26prefix%3Dcms/%26showversions%3Dfalse/Screenshot%202024-07-11%20at%201.18.49%E2%80%AFPM.png; https://solsticeprod.s3.ap-south-1.amazonaws.com/https%3A/%2Fap-south-1.console.aws.amazon.com/s3/buckets/solsticedev%3Fregion%3Dap-south-1%26bucketType%3Dgeneral%26prefix%3Dcms/%26showversions%3Dfalse/Screenshot%202024-07-11%20at%203.12.04%E2%80%AFPM.png; https://solsticeprod.s3.ap-south-1.amazonaws.com/https%3A/%2Fap-south-1.console.aws.amazon.com/s3/buckets/solsticedev%3Fregion%3Dap-south-1%26bucketType%3Dgeneral%26prefix%3Dcms/%26showversions%3Dfalse/ABN00681.JPG","bedroom","modern indian","{}","bedroom, modern indian, efficient use of space for storage and seating, beige, white, blue, brown, frosted glass, metallic, wood, cotton/linen, fabric, built-in wardrobe with sliding doors, wooden flooring, curtains with earthy tones, natural light through window, built-in wardrobe, sliding doors with frosted glass panels, metallic handles, beige cabinetry, window curtains, draped style, two-tone design with beige and blue, hardwood with a natural finish, built-in bench, wooden seat and backrest, white cushion top, sliding doors, curtains, contemporary design, indian interior design"
"Lighting & Decor","LED lighting designs India",20,19,95,74.05,"enhanced_object_search",false,0,"https://solsticeprod.s3.ap-south-1.amazonaws.com/https%3A/%2Fap-south-1.console.aws.amazon.com/s3/buckets/solsticedev%3Fregion%3Dap-south-1%26bucketType%3Dgeneral%26prefix%3Dcms/%26showversions%3Dfalse/Screenshot%202024-07-11%20at%201.18.08%E2%80%AFPM.png; https://solsticeprod.s3.ap-south-1.amazonaws.com/https%3A/%2Fap-south-1.console.aws.amazon.com/s3/buckets/solsticedev%3Fregion%3Dap-south-1%26bucketType%3Dgeneral%26prefix%3Dcms/%26showversions%3Dfalse/ABN00623.JPG; https://solsticeprod.s3.ap-south-1.amazonaws.com/https%3A/%2Fap-south-1.console.aws.amazon.com/s3/buckets/solsticedev%3Fregion%3Dap-south-1%26bucketType%3Dgeneral%26prefix%3Dcms/%26showversions%3Dfalse/Screenshot%202024-07-11%20at%203.01.08%E2%80%AFPM.png; https://solsticeprod.s3.ap-south-1.amazonaws.com/https%3A/%2Fap-south-1.console.aws.amazon.com/s3/buckets/solsticedev%3Fregion%3Dap-south-1%26bucketType%3Dgeneral%26prefix%3Dcms/%26showversions%3Dfalse/Screenshot%202024-07-11%20at%203.11.13%E2%80%AFPM.png; https://solsticeprod.s3.ap-south-1.amazonaws.com/https%3A/%2Fap-south-1.console.aws.amazon.com/s3/buckets/solsticedev%3Fregion%3Dap-south-1%26bucketType%3Dgeneral%26prefix%3Dcms/%26showversions%3Dfalse/Screenshot%202024-07-11%20at%203.01.18%E2%80%AFPM.png; https://solsticeprod.s3.ap-south-1.amazonaws.com/https%3A/%2Fap-south-1.console.aws.amazon.com/s3/buckets/solsticedev%3Fregion%3Dap-south-1%26bucketType%3Dgeneral%26prefix%3Dcms/%26showversions%3Dfalse/Screenshot%202024-07-11%20at%201.18.03%E2%80%AFPM.png; https://solsticeprod.s3.ap-south-1.amazonaws.com/https%3A/%2Fap-south-1.console.aws.amazon.com/s3/buckets/solsticedev%3Fregion%3Dap-south-1%26bucketType%3Dgeneral%26prefix%3Dcms/%26showversions%3Dfalse/WhatsApp%20Image%202023-07-10%20at%2013.03.21%20%281%29.jpeg; https://solsticeprod.s3.ap-south-1.amazonaws.com/https%3A/%2Fap-south-1.console.aws.amazon.com/s3/buckets/solsticedev%3Fregion%3Dap-south-1%26bucketType%3Dgeneral%26prefix%3Dcms/%26showversions%3Dfalse/Screenshot%202024-07-11%20at%203.02.17%E2%80%AFPM.png; https://solsticeprod.s3.ap-south-1.amazonaws.com/https%3A/%2Fap-south-1.console.aws.amazon.com/s3/buckets/solsticedev%3Fregion%3Dap-south-1%26bucketType%3Dgeneral%26prefix%3Dcms/%26showversions%3Dfalse/WhatsApp%20Image%202023-04-10%20at%209.47.04%20PM.jpeg; https://solsticeprod.s3.ap-south-1.amazonaws.com/https%3A/%2Fap-south-1.console.aws.amazon.com/s3/buckets/solsticedev%3Fregion%3Dap-south-1%26bucketType%3Dgeneral%26prefix%3Dcms/%26showversions%3Dfalse/WhatsApp%20Image%202023-04-10%20at%209.47.33%20PM.jpeg; https://solsticeprod.s3.ap-south-1.amazonaws.com/https%3A/%2Fap-south-1.console.aws.amazon.com/s3/buckets/solsticedev%3Fregion%3Dap-south-1%26bucketType%3Dgeneral%26prefix%3Dcms/%26showversions%3Dfalse/WhatsApp%20Image%202023-04-10%20at%209.47.32%20PM%20%281%29.jpeg; https://solsticeprod.s3.ap-south-1.amazonaws.com/https%3A/%2Fap-south-1.console.aws.amazon.com/s3/buckets/solsticedev%3Fregion%3Dap-south-1%26bucketType%3Dgeneral%26prefix%3Dcms/%26showversions%3Dfalse/WhatsApp%20Image%202023-07-10%20at%2013.03.28.jpeg; https://solsticeprod.s3.ap-south-1.amazonaws.com/https%3A/%2Fap-south-1.console.aws.amazon.com/s3/buckets/solsticedev%3Fregion%3Dap-south-1%26bucketType%3Dgeneral%26prefix%3Dcms/%26showversions%3Dfalse/ABN00681.JPG; https://solsticeprod.s3.ap-south-1.amazonaws.com/https%3A/%2Fap-south-1.console.aws.amazon.com/s3/buckets/solsticedev%3Fregion%3Dap-south-1%26bucketType%3Dgeneral%26prefix%3Dcms/%26showversions%3Dfalse/Screenshot%202024-07-11%20at%201.23.08%E2%80%AFPM.png; https://solsticeprod.s3.ap-south-1.amazonaws.com/https%3A/%2Fap-south-1.console.aws.amazon.com/s3/buckets/solsticedev%3Fregion%3Dap-south-1%26bucketType%3Dgeneral%26prefix%3Dcms/%26showversions%3Dfalse/WhatsApp%20Image%202023-04-10%20at%209.49.55%20PM.jpeg; https://solsticeprod.s3.ap-south-1.amazonaws.com/https%3A/%2Fap-south-1.console.aws.amazon.com/s3/buckets/solsticedev%3Fregion%3Dap-south-1%26bucketType%3Dgeneral%26prefix%3Dcms/%26showversions%3Dfalse/ABN00593.JPG; https://solsticeprod.s3.ap-south-1.amazonaws.com/https%3A/%2Fap-south-1.console.aws.amazon.com/s3/buckets/solsticedev%3Fregion%3Dap-south-1%26bucketType%3Dgeneral%26prefix%3Dcms/%26showversions%3Dfalse/Screenshot%202024-07-11%20at%203.02.06%E2%80%AFPM.png; https://solsticeprod.s3.ap-south-1.amazonaws.com/https%3A/%2Fap-south-1.console.aws.amazon.com/s3/buckets/solsticedev%3Fregion%3Dap-south-1%26bucketType%3Dgeneral%26prefix%3Dcms/%26showversions%3Dfalse/Screenshot%202024-07-11%20at%201.18.49%E2%80%AFPM.png; https://solsticeprod.s3.ap-south-1.amazonaws.com/https%3A/%2Fap-south-1.console.aws.amazon.com/s3/buckets/solsticedev%3Fregion%3Dap-south-1%26bucketType%3Dgeneral%26prefix%3Dcms/%26showversions%3Dfalse/ABN00640.JPG; https://solsticeprod.s3.ap-south-1.amazonaws.com/https%3A/%2Fap-south-1.console.aws.amazon.com/s3/buckets/solsticedev%3Fregion%3Dap-south-1%26bucketType%3Dgeneral%26prefix%3Dcms/%26showversions%3Dfalse/WhatsApp%20Image%202023-04-10%20at%209.47.30%20PM.jpeg","living room","contemporary indian living","{}","living room, contemporary indian living, optimized for functionality with a bar counter and shelving unit, beige, white, dark wood, green, gold, marble, wood, metal, glass, fabric, marble flooring, white ceiling with recessed lighting, textured wall paneling, modular shelving unit, sofa with patterned cushions, round coffee table, sofa, beige fabric, patterned throw pillows, metal base, glass top, shelving unit, dark wooden finish, open shelves, modern design, bar counter, wooden finish, built-in shelves, contemporary indian, sofa with cushions"
"Lighting & Decor","False ceiling lighting designs",15,6,40,43.4,"enhanced_object_search",false,0,"https://solsticeprod.s3.ap-south-1.amazonaws.com/https%3A/%2Fap-south-1.console.aws.amazon.com/s3/buckets/solsticedev%3Fregion%3Dap-south-1%26bucketType%3Dgeneral%26prefix%3Dcms/%26showversions%3Dfalse/Screenshot%202024-07-11%20at%201.18.08%E2%80%AFPM.png; https://solsticeprod.s3.ap-south-1.amazonaws.com/https%3A/%2Fap-south-1.console.aws.amazon.com/s3/buckets/solsticedev%3Fregion%3Dap-south-1%26bucketType%3Dgeneral%26prefix%3Dcms/%26showversions%3Dfalse/Screenshot%202024-07-11%20at%203.11.13%E2%80%AFPM.png; https://solsticeprod.s3.ap-south-1.amazonaws.com/https%3A/%2Fap-south-1.console.aws.amazon.com/s3/buckets/solsticedev%3Fregion%3Dap-south-1%26bucketType%3Dgeneral%26prefix%3Dcms/%26showversions%3Dfalse/WhatsApp%20Image%202023-07-10%20at%2013.03.21%20%281%29.jpeg; https://solsticeprod.s3.ap-south-1.amazonaws.com/https%3A/%2Fap-south-1.console.aws.amazon.com/s3/buckets/solsticedev%3Fregion%3Dap-south-1%26bucketType%3Dgeneral%26prefix%3Dcms/%26showversions%3Dfalse/Screenshot%202024-07-11%20at%201.18.03%E2%80%AFPM.png; https://solsticeprod.s3.ap-south-1.amazonaws.com/https%3A/%2Fap-south-1.console.aws.amazon.com/s3/buckets/solsticedev%3Fregion%3Dap-south-1%26bucketType%3Dgeneral%26prefix%3Dcms/%26showversions%3Dfalse/Screenshot%202024-07-11%20at%203.02.17%E2%80%AFPM.png; https://solsticeprod.s3.ap-south-1.amazonaws.com/https%3A/%2Fap-south-1.console.aws.amazon.com/s3/buckets/solsticedev%3Fregion%3Dap-south-1%26bucketType%3Dgeneral%26prefix%3Dcms/%26showversions%3Dfalse/Screenshot%202024-07-11%20at%203.01.08%E2%80%AFPM.png; https://solsticeprod.s3.ap-south-1.amazonaws.com/https%3A/%2Fap-south-1.console.aws.amazon.com/s3/buckets/solsticedev%3Fregion%3Dap-south-1%26bucketType%3Dgeneral%26prefix%3Dcms/%26showversions%3Dfalse/ABN00593.JPG; https://solsticeprod.s3.ap-south-1.amazonaws.com/https%3A/%2Fap-south-1.console.aws.amazon.com/s3/buckets/solsticedev%3Fregion%3Dap-south-1%26bucketType%3Dgeneral%26prefix%3Dcms/%26showversions%3Dfalse/Screenshot%202024-07-11%20at%201.23.22%E2%80%AFPM.png; https://solsticeprod.s3.ap-south-1.amazonaws.com/https%3A/%2Fap-south-1.console.aws.amazon.com/s3/buckets/solsticedev%3Fregion%3Dap-south-1%26bucketType%3Dgeneral%26prefix%3Dcms/%26showversions%3Dfalse/ABN00623.JPG; https://solsticeprod.s3.ap-south-1.amazonaws.com/https%3A/%2Fap-south-1.console.aws.amazon.com/s3/buckets/solsticedev%3Fregion%3Dap-south-1%26bucketType%3Dgeneral%26prefix%3Dcms/%26showversions%3Dfalse/WhatsApp%20Image%202023-04-10%20at%209.47.30%20PM.jpeg; https://solsticeprod.s3.ap-south-1.amazonaws.com/https%3A/%2Fap-south-1.console.aws.amazon.com/s3/buckets/solsticedev%3Fregion%3Dap-south-1%26bucketType%3Dgeneral%26prefix%3Dcms/%26showversions%3Dfalse/WhatsApp%20Image%202023-04-10%20at%209.47.28%20PM%20%282%29.jpeg; https://solsticeprod.s3.ap-south-1.amazonaws.com/https%3A/%2Fap-south-1.console.aws.amazon.com/s3/buckets/solsticedev%3Fregion%3Dap-south-1%26bucketType%3Dgeneral%26prefix%3Dcms/%26showversions%3Dfalse/ABN00678.JPG; https://solsticeprod.s3.ap-south-1.amazonaws.com/https%3A/%2Fap-south-1.console.aws.amazon.com/s3/buckets/solsticedev%3Fregion%3Dap-south-1%26bucketType%3Dgeneral%26prefix%3Dcms/%26showversions%3Dfalse/Screenshot%202024-07-11%20at%203.01.18%E2%80%AFPM.png; https://solsticeprod.s3.ap-south-1.amazonaws.com/https%3A/%2Fap-south-1.console.aws.amazon.com/s3/buckets/solsticedev%3Fregion%3Dap-south-1%26bucketType%3Dgeneral%26prefix%3Dcms/%26showversions%3Dfalse/WhatsApp%20Image%202023-04-10%20at%209.47.33%20PM.jpeg; https://solsticeprod.s3.ap-south-1.amazonaws.com/https%3A/%2Fap-south-1.console.aws.amazon.com/s3/buckets/solsticedev%3Fregion%3Dap-south-1%26bucketType%3Dgeneral%26prefix%3Dcms/%26showversions%3Dfalse/WhatsApp%20Image%202023-07-10%20at%2013.03.28.jpeg","living room","contemporary indian living","{}","living room, contemporary indian living, optimized for functionality with a bar counter and shelving unit, beige, white, dark wood, green, gold, marble, wood, metal, glass, fabric, marble flooring, white ceiling with recessed lighting, textured wall paneling, modular shelving unit, sofa with patterned cushions, round coffee table, sofa, beige fabric, patterned throw pillows, metal base, glass top, shelving unit, dark wooden finish, open shelves, modern design, bar counter, wooden finish, built-in shelves, contemporary indian, sofa with cushions"
"Lighting & Decor","Mood lighting designs India",20,19,95,71,"enhanced_object_search",false,0,"https://solsticeprod.s3.ap-south-1.amazonaws.com/https%3A/%2Fap-south-1.console.aws.amazon.com/s3/buckets/solsticedev%3Fregion%3Dap-south-1%26bucketType%3Dgeneral%26prefix%3Dcms/%26showversions%3Dfalse/Screenshot%202024-07-11%20at%201.18.08%E2%80%AFPM.png; https://solsticeprod.s3.ap-south-1.amazonaws.com/https%3A/%2Fap-south-1.console.aws.amazon.com/s3/buckets/solsticedev%3Fregion%3Dap-south-1%26bucketType%3Dgeneral%26prefix%3Dcms/%26showversions%3Dfalse/ABN00623.JPG; https://solsticeprod.s3.ap-south-1.amazonaws.com/https%3A/%2Fap-south-1.console.aws.amazon.com/s3/buckets/solsticedev%3Fregion%3Dap-south-1%26bucketType%3Dgeneral%26prefix%3Dcms/%26showversions%3Dfalse/Screenshot%202024-07-11%20at%203.11.13%E2%80%AFPM.png; https://solsticeprod.s3.ap-south-1.amazonaws.com/https%3A/%2Fap-south-1.console.aws.amazon.com/s3/buckets/solsticedev%3Fregion%3Dap-south-1%26bucketType%3Dgeneral%26prefix%3Dcms/%26showversions%3Dfalse/Screenshot%202024-07-11%20at%203.01.18%E2%80%AFPM.png; https://solsticeprod.s3.ap-south-1.amazonaws.com/https%3A/%2Fap-south-1.console.aws.amazon.com/s3/buckets/solsticedev%3Fregion%3Dap-south-1%26bucketType%3Dgeneral%26prefix%3Dcms/%26showversions%3Dfalse/Screenshot%202024-07-11%20at%201.18.03%E2%80%AFPM.png; https://solsticeprod.s3.ap-south-1.amazonaws.com/https%3A/%2Fap-south-1.console.aws.amazon.com/s3/buckets/solsticedev%3Fregion%3Dap-south-1%26bucketType%3Dgeneral%26prefix%3Dcms/%26showversions%3Dfalse/WhatsApp%20Image%202023-07-10%20at%2013.03.21%20%281%29.jpeg; https://solsticeprod.s3.ap-south-1.amazonaws.com/https%3A/%2Fap-south-1.console.aws.amazon.com/s3/buckets/solsticedev%3Fregion%3Dap-south-1%26bucketType%3Dgeneral%26prefix%3Dcms/%26showversions%3Dfalse/WhatsApp%20Image%202023-04-10%20at%209.47.33%20PM.jpeg; https://solsticeprod.s3.ap-south-1.amazonaws.com/https%3A/%2Fap-south-1.console.aws.amazon.com/s3/buckets/solsticedev%3Fregion%3Dap-south-1%26bucketType%3Dgeneral%26prefix%3Dcms/%26showversions%3Dfalse/Screenshot%202024-07-11%20at%203.02.17%E2%80%AFPM.png; https://solsticeprod.s3.ap-south-1.amazonaws.com/https%3A/%2Fap-south-1.console.aws.amazon.com/s3/buckets/solsticedev%3Fregion%3Dap-south-1%26bucketType%3Dgeneral%26prefix%3Dcms/%26showversions%3Dfalse/WhatsApp%20Image%202023-07-10%20at%2013.03.28.jpeg; https://solsticeprod.s3.ap-south-1.amazonaws.com/https%3A/%2Fap-south-1.console.aws.amazon.com/s3/buckets/solsticedev%3Fregion%3Dap-south-1%26bucketType%3Dgeneral%26prefix%3Dcms/%26showversions%3Dfalse/Screenshot%202024-07-11%20at%201.23.08%E2%80%AFPM.png; https://solsticeprod.s3.ap-south-1.amazonaws.com/https%3A/%2Fap-south-1.console.aws.amazon.com/s3/buckets/solsticedev%3Fregion%3Dap-south-1%26bucketType%3Dgeneral%26prefix%3Dcms/%26showversions%3Dfalse/Screenshot%202024-07-11%20at%203.01.08%E2%80%AFPM.png; https://solsticeprod.s3.ap-south-1.amazonaws.com/https%3A/%2Fap-south-1.console.aws.amazon.com/s3/buckets/solsticedev%3Fregion%3Dap-south-1%26bucketType%3Dgeneral%26prefix%3Dcms/%26showversions%3Dfalse/ABN00593.JPG; https://solsticeprod.s3.ap-south-1.amazonaws.com/https%3A/%2Fap-south-1.console.aws.amazon.com/s3/buckets/solsticedev%3Fregion%3Dap-south-1%26bucketType%3Dgeneral%26prefix%3Dcms/%26showversions%3Dfalse/ABN00681.JPG; https://solsticeprod.s3.ap-south-1.amazonaws.com/https%3A/%2Fap-south-1.console.aws.amazon.com/s3/buckets/solsticedev%3Fregion%3Dap-south-1%26bucketType%3Dgeneral%26prefix%3Dcms/%26showversions%3Dfalse/ABN00640.JPG; https://solsticeprod.s3.ap-south-1.amazonaws.com/https%3A/%2Fap-south-1.console.aws.amazon.com/s3/buckets/solsticedev%3Fregion%3Dap-south-1%26bucketType%3Dgeneral%26prefix%3Dcms/%26showversions%3Dfalse/Screenshot%202024-07-11%20at%203.02.13%E2%80%AFPM.png; https://solsticeprod.s3.ap-south-1.amazonaws.com/https%3A/%2Fap-south-1.console.aws.amazon.com/s3/buckets/solsticedev%3Fregion%3Dap-south-1%26bucketType%3Dgeneral%26prefix%3Dcms/%26showversions%3Dfalse/WhatsApp%20Image%202023-04-10%20at%209.49.55%20PM.jpeg; https://solsticeprod.s3.ap-south-1.amazonaws.com/https%3A/%2Fap-south-1.console.aws.amazon.com/s3/buckets/solsticedev%3Fregion%3Dap-south-1%26bucketType%3Dgeneral%26prefix%3Dcms/%26showversions%3Dfalse/Screenshot%202024-07-11%20at%203.12.04%E2%80%AFPM.png; https://solsticeprod.s3.ap-south-1.amazonaws.com/https%3A/%2Fap-south-1.console.aws.amazon.com/s3/buckets/solsticedev%3Fregion%3Dap-south-1%26bucketType%3Dgeneral%26prefix%3Dcms/%26showversions%3Dfalse/Screenshot%202024-07-11%20at%203.02.01%E2%80%AFPM.png; https://solsticeprod.s3.ap-south-1.amazonaws.com/https%3A/%2Fap-south-1.console.aws.amazon.com/s3/buckets/solsticedev%3Fregion%3Dap-south-1%26bucketType%3Dgeneral%26prefix%3Dcms/%26showversions%3Dfalse/WhatsApp%20Image%202023-04-10%20at%209.47.32%20PM%20%281%29.jpeg; https://solsticeprod.s3.ap-south-1.amazonaws.com/https%3A/%2Fap-south-1.console.aws.amazon.com/s3/buckets/solsticedev%3Fregion%3Dap-south-1%26bucketType%3Dgeneral%26prefix%3Dcms/%26showversions%3Dfalse/WhatsApp%20Image%202023-04-10%20at%209.47.30%20PM.jpeg","living room","contemporary indian living","{}","living room, contemporary indian living, optimized for functionality with a bar counter and shelving unit, beige, white, dark wood, green, gold, marble, wood, metal, glass, fabric, marble flooring, white ceiling with recessed lighting, textured wall paneling, modular shelving unit, sofa with patterned cushions, round coffee table, sofa, beige fabric, patterned throw pillows, metal base, glass top, shelving unit, dark wooden finish, open shelves, modern design, bar counter, wooden finish, built-in shelves, contemporary indian, sofa with cushions"
"Flooring & Wall Designs","Marble flooring designs India",20,20,100,90.55,"enhanced_object_search",false,0,"https://solsticeprod.s3.ap-south-1.amazonaws.com/https%3A/%2Fap-south-1.console.aws.amazon.com/s3/buckets/solsticedev%3Fregion%3Dap-south-1%26bucketType%3Dgeneral%26prefix%3Dcms/%26showversions%3Dfalse/Screenshot%202024-07-11%20at%201.18.16%E2%80%AFPM.png; https://solsticeprod.s3.ap-south-1.amazonaws.com/https%3A/%2Fap-south-1.console.aws.amazon.com/s3/buckets/solsticedev%3Fregion%3Dap-south-1%26bucketType%3Dgeneral%26prefix%3Dcms/%26showversions%3Dfalse/ABN00681.JPG; https://solsticeprod.s3.ap-south-1.amazonaws.com/https%3A/%2Fap-south-1.console.aws.amazon.com/s3/buckets/solsticedev%3Fregion%3Dap-south-1%26bucketType%3Dgeneral%26prefix%3Dcms/%26showversions%3Dfalse/WhatsApp%20Image%202023-04-10%20at%209.47.28%20PM%20%282%29.jpeg; https://solsticeprod.s3.ap-south-1.amazonaws.com/https%3A/%2Fap-south-1.console.aws.amazon.com/s3/buckets/solsticedev%3Fregion%3Dap-south-1%26bucketType%3Dgeneral%26prefix%3Dcms/%26showversions%3Dfalse/ABN00678.JPG; https://solsticeprod.s3.ap-south-1.amazonaws.com/https%3A/%2Fap-south-1.console.aws.amazon.com/s3/buckets/solsticedev%3Fregion%3Dap-south-1%26bucketType%3Dgeneral%26prefix%3Dcms/%26showversions%3Dfalse/Screenshot%202024-07-11%20at%201.23.08%E2%80%AFPM.png; https://solsticeprod.s3.ap-south-1.amazonaws.com/https%3A/%2Fap-south-1.console.aws.amazon.com/s3/buckets/solsticedev%3Fregion%3Dap-south-1%26bucketType%3Dgeneral%26prefix%3Dcms/%26showversions%3Dfalse/Screenshot%202024-07-11%20at%201.18.08%E2%80%AFPM.png; https://solsticeprod.s3.ap-south-1.amazonaws.com/https%3A/%2Fap-south-1.console.aws.amazon.com/s3/buckets/solsticedev%3Fregion%3Dap-south-1%26bucketType%3Dgeneral%26prefix%3Dcms/%26showversions%3Dfalse/ABN00623.JPG; https://solsticeprod.s3.ap-south-1.amazonaws.com/https%3A/%2Fap-south-1.console.aws.amazon.com/s3/buckets/solsticedev%3Fregion%3Dap-south-1%26bucketType%3Dgeneral%26prefix%3Dcms/%26showversions%3Dfalse/Screenshot%202024-07-11%20at%203.02.01%E2%80%AFPM.png; https://solsticeprod.s3.ap-south-1.amazonaws.com/https%3A/%2Fap-south-1.console.aws.amazon.com/s3/buckets/solsticedev%3Fregion%3Dap-south-1%26bucketType%3Dgeneral%26prefix%3Dcms/%26showversions%3Dfalse/Screenshot%202024-07-11%20at%203.11.13%E2%80%AFPM.png; https://solsticeprod.s3.ap-south-1.amazonaws.com/https%3A/%2Fap-south-1.console.aws.amazon.com/s3/buckets/solsticedev%3Fregion%3Dap-south-1%26bucketType%3Dgeneral%26prefix%3Dcms/%26showversions%3Dfalse/Screenshot%202024-07-11%20at%203.01.08%E2%80%AFPM.png; https://solsticeprod.s3.ap-south-1.amazonaws.com/https%3A/%2Fap-south-1.console.aws.amazon.com/s3/buckets/solsticedev%3Fregion%3Dap-south-1%26bucketType%3Dgeneral%26prefix%3Dcms/%26showversions%3Dfalse/ABN00593.JPG; https://solsticeprod.s3.ap-south-1.amazonaws.com/https%3A/%2Fap-south-1.console.aws.amazon.com/s3/buckets/solsticedev%3Fregion%3Dap-south-1%26bucketType%3Dgeneral%26prefix%3Dcms/%26showversions%3Dfalse/Screenshot%202024-07-11%20at%203.01.18%E2%80%AFPM.png; https://solsticeprod.s3.ap-south-1.amazonaws.com/https%3A/%2Fap-south-1.console.aws.amazon.com/s3/buckets/solsticedev%3Fregion%3Dap-south-1%26bucketType%3Dgeneral%26prefix%3Dcms/%26showversions%3Dfalse/Screenshot%202024-07-11%20at%203.01.24%E2%80%AFPM.png; https://solsticeprod.s3.ap-south-1.amazonaws.com/https%3A/%2Fap-south-1.console.aws.amazon.com/s3/buckets/solsticedev%3Fregion%3Dap-south-1%26bucketType%3Dgeneral%26prefix%3Dcms/%26showversions%3Dfalse/Screenshot%202024-07-11%20at%203.01.48%E2%80%AFPM.png; https://solsticeprod.s3.ap-south-1.amazonaws.com/https%3A/%2Fap-south-1.console.aws.amazon.com/s3/buckets/solsticedev%3Fregion%3Dap-south-1%26bucketType%3Dgeneral%26prefix%3Dcms/%26showversions%3Dfalse/Screenshot%202024-07-11%20at%201.18.03%E2%80%AFPM.png; https://solsticeprod.s3.ap-south-1.amazonaws.com/https%3A/%2Fap-south-1.console.aws.amazon.com/s3/buckets/solsticedev%3Fregion%3Dap-south-1%26bucketType%3Dgeneral%26prefix%3Dcms/%26showversions%3Dfalse/WhatsApp%20Image%202023-04-10%20at%209.49.55%20PM.jpeg; https://solsticeprod.s3.ap-south-1.amazonaws.com/https%3A/%2Fap-south-1.console.aws.amazon.com/s3/buckets/solsticedev%3Fregion%3Dap-south-1%26bucketType%3Dgeneral%26prefix%3Dcms/%26showversions%3Dfalse/WhatsApp%20Image%202023-04-10%20at%209.47.04%20PM.jpeg; https://solsticeprod.s3.ap-south-1.amazonaws.com/https%3A/%2Fap-south-1.console.aws.amazon.com/s3/buckets/solsticedev%3Fregion%3Dap-south-1%26bucketType%3Dgeneral%26prefix%3Dcms/%26showversions%3Dfalse/ABN00640.JPG; https://solsticeprod.s3.ap-south-1.amazonaws.com/https%3A/%2Fap-south-1.console.aws.amazon.com/s3/buckets/solsticedev%3Fregion%3Dap-south-1%26bucketType%3Dgeneral%26prefix%3Dcms/%26showversions%3Dfalse/WhatsApp%20Image%202023-07-10%20at%2013.03.21%20%281%29.jpeg; https://solsticeprod.s3.ap-south-1.amazonaws.com/https%3A/%2Fap-south-1.console.aws.amazon.com/s3/buckets/solsticedev%3Fregion%3Dap-south-1%26bucketType%3Dgeneral%26prefix%3Dcms/%26showversions%3Dfalse/Screenshot%202024-07-11%20at%201.18.49%E2%80%AFPM.png","entryway/bathroom","modern minimalist with indian influences","{}","entryway/bathroom, modern minimalist with indian influences, efficient use of vertical space, white, brown, marble, gold, gray, wood, metal, ceramic, marble flooring, wooden cabinets, round mirror, wall-mounted shelves, wall-mounted cabinets, vertical shelves, cabinet doors, glass inserts, wooden frame, circular shape, marble countertop, integrated sink, smooth surface, wooden storage units, vertical storage, horizontal slats, vases, modern design, colorful, simple shapes, modern minimalist, indian influences"
"Flooring & Wall Designs","Wooden flooring designs",20,9,45,48.1,"enhanced_object_search",false,0,"https://solsticeprod.s3.ap-south-1.amazonaws.com/https%3A/%2Fap-south-1.console.aws.amazon.com/s3/buckets/solsticedev%3Fregion%3Dap-south-1%26bucketType%3Dgeneral%26prefix%3Dcms/%26showversions%3Dfalse/ABN00678.JPG; https://solsticeprod.s3.ap-south-1.amazonaws.com/https%3A/%2Fap-south-1.console.aws.amazon.com/s3/buckets/solsticedev%3Fregion%3Dap-south-1%26bucketType%3Dgeneral%26prefix%3Dcms/%26showversions%3Dfalse/ABN00681.JPG; https://solsticeprod.s3.ap-south-1.amazonaws.com/https%3A/%2Fap-south-1.console.aws.amazon.com/s3/buckets/solsticedev%3Fregion%3Dap-south-1%26bucketType%3Dgeneral%26prefix%3Dcms/%26showversions%3Dfalse/Screenshot%202024-07-11%20at%203.02.01%E2%80%AFPM.png; https://solsticeprod.s3.ap-south-1.amazonaws.com/https%3A/%2Fap-south-1.console.aws.amazon.com/s3/buckets/solsticedev%3Fregion%3Dap-south-1%26bucketType%3Dgeneral%26prefix%3Dcms/%26showversions%3Dfalse/Screenshot%202024-07-11%20at%201.18.16%E2%80%AFPM.png; https://solsticeprod.s3.ap-south-1.amazonaws.com/https%3A/%2Fap-south-1.console.aws.amazon.com/s3/buckets/solsticedev%3Fregion%3Dap-south-1%26bucketType%3Dgeneral%26prefix%3Dcms/%26showversions%3Dfalse/Screenshot%202024-07-11%20at%201.18.08%E2%80%AFPM.png; https://solsticeprod.s3.ap-south-1.amazonaws.com/https%3A/%2Fap-south-1.console.aws.amazon.com/s3/buckets/solsticedev%3Fregion%3Dap-south-1%26bucketType%3Dgeneral%26prefix%3Dcms/%26showversions%3Dfalse/WhatsApp%20Image%202023-04-10%20at%209.47.28%20PM%20%282%29.jpeg; https://solsticeprod.s3.ap-south-1.amazonaws.com/https%3A/%2Fap-south-1.console.aws.amazon.com/s3/buckets/solsticedev%3Fregion%3Dap-south-1%26bucketType%3Dgeneral%26prefix%3Dcms/%26showversions%3Dfalse/ABN00593.JPG; https://solsticeprod.s3.ap-south-1.amazonaws.com/https%3A/%2Fap-south-1.console.aws.amazon.com/s3/buckets/solsticedev%3Fregion%3Dap-south-1%26bucketType%3Dgeneral%26prefix%3Dcms/%26showversions%3Dfalse/WhatsApp%20Image%202023-07-10%20at%2013.03.21%20%281%29.jpeg; https://solsticeprod.s3.ap-south-1.amazonaws.com/https%3A/%2Fap-south-1.console.aws.amazon.com/s3/buckets/solsticedev%3Fregion%3Dap-south-1%26bucketType%3Dgeneral%26prefix%3Dcms/%26showversions%3Dfalse/Screenshot%202024-07-11%20at%201.18.29%E2%80%AFPM.png; https://solsticeprod.s3.ap-south-1.amazonaws.com/https%3A/%2Fap-south-1.console.aws.amazon.com/s3/buckets/solsticedev%3Fregion%3Dap-south-1%26bucketType%3Dgeneral%26prefix%3Dcms/%26showversions%3Dfalse/WhatsApp%20Image%202023-04-10%20at%209.49.55%20PM.jpeg; https://solsticeprod.s3.ap-south-1.amazonaws.com/https%3A/%2Fap-south-1.console.aws.amazon.com/s3/buckets/solsticedev%3Fregion%3Dap-south-1%26bucketType%3Dgeneral%26prefix%3Dcms/%26showversions%3Dfalse/Screenshot%202024-07-11%20at%201.23.36%E2%80%AFPM.png; https://solsticeprod.s3.ap-south-1.amazonaws.com/https%3A/%2Fap-south-1.console.aws.amazon.com/s3/buckets/solsticedev%3Fregion%3Dap-south-1%26bucketType%3Dgeneral%26prefix%3Dcms/%26showversions%3Dfalse/Screenshot%202024-07-11%20at%203.02.17%E2%80%AFPM.png; https://solsticeprod.s3.ap-south-1.amazonaws.com/https%3A/%2Fap-south-1.console.aws.amazon.com/s3/buckets/solsticedev%3Fregion%3Dap-south-1%26bucketType%3Dgeneral%26prefix%3Dcms/%26showversions%3Dfalse/3.jpg; https://solsticeprod.s3.ap-south-1.amazonaws.com/https%3A/%2Fap-south-1.console.aws.amazon.com/s3/buckets/solsticedev%3Fregion%3Dap-south-1%26bucketType%3Dgeneral%26prefix%3Dcms/%26showversions%3Dfalse/Screenshot%202024-07-11%20at%203.11.13%E2%80%AFPM.png; https://solsticeprod.s3.ap-south-1.amazonaws.com/https%3A/%2Fap-south-1.console.aws.amazon.com/s3/buckets/solsticedev%3Fregion%3Dap-south-1%26bucketType%3Dgeneral%26prefix%3Dcms/%26showversions%3Dfalse/WhatsApp%20Image%202023-04-10%20at%209.49.49%20PM%20%281%29.jpeg; https://solsticeprod.s3.ap-south-1.amazonaws.com/https%3A/%2Fap-south-1.console.aws.amazon.com/s3/buckets/solsticedev%3Fregion%3Dap-south-1%26bucketType%3Dgeneral%26prefix%3Dcms/%26showversions%3Dfalse/Screenshot%202024-07-11%20at%201.23.08%E2%80%AFPM.png; https://solsticeprod.s3.ap-south-1.amazonaws.com/https%3A/%2Fap-south-1.console.aws.amazon.com/s3/buckets/solsticedev%3Fregion%3Dap-south-1%26bucketType%3Dgeneral%26prefix%3Dcms/%26showversions%3Dfalse/Screenshot%202024-07-11%20at%203.02.26%E2%80%AFPM.png; https://solsticeprod.s3.ap-south-1.amazonaws.com/https%3A/%2Fap-south-1.console.aws.amazon.com/s3/buckets/solsticedev%3Fregion%3Dap-south-1%26bucketType%3Dgeneral%26prefix%3Dcms/%26showversions%3Dfalse/WhatsApp%20Image%202023-04-10%20at%209.47.32%20PM%20%281%29.jpeg; https://solsticeprod.s3.ap-south-1.amazonaws.com/https%3A/%2Fap-south-1.console.aws.amazon.com/s3/buckets/solsticedev%3Fregion%3Dap-south-1%26bucketType%3Dgeneral%26prefix%3Dcms/%26showversions%3Dfalse/Screenshot%202024-07-11%20at%201.23.30%E2%80%AFPM.png; https://solsticeprod.s3.ap-south-1.amazonaws.com/https%3A/%2Fap-south-1.console.aws.amazon.com/s3/buckets/solsticedev%3Fregion%3Dap-south-1%26bucketType%3Dgeneral%26prefix%3Dcms/%26showversions%3Dfalse/WhatsApp%20Image%202023-07-10%20at%2013.03.28.jpeg","sitting room","contemporary indian","{}","sitting room, contemporary indian, efficient use of the space with a sofa placed near the window for natural light and a small table for decor, brown, beige, white, green, black, wood, marble, fabric, glass, wooden ceiling beams, carved wooden door, brown sofa with cushions, marble flooring, patterned curtains, decorative wall sconces, sofa, brown upholstery, curved armrests, sequin pillow, decorative wall sconce, copper finish, decorative design, decorative carvings, brass accents, panel design, exposed beams, tree branch pattern, sheer fabric, southern indian, carved door, brown sofa"
"Flooring & Wall Designs","Wall paneling designs India",20,20,100,89.55,"enhanced_object_search",false,0,"https://solsticeprod.s3.ap-south-1.amazonaws.com/https%3A/%2Fap-south-1.console.aws.amazon.com/s3/buckets/solsticedev%3Fregion%3Dap-south-1%26bucketType%3Dgeneral%26prefix%3Dcms/%26showversions%3Dfalse/ABN00678.JPG; https://solsticeprod.s3.ap-south-1.amazonaws.com/https%3A/%2Fap-south-1.console.aws.amazon.com/s3/buckets/solsticedev%3Fregion%3Dap-south-1%26bucketType%3Dgeneral%26prefix%3Dcms/%26showversions%3Dfalse/ABN00681.JPG; https://solsticeprod.s3.ap-south-1.amazonaws.com/https%3A/%2Fap-south-1.console.aws.amazon.com/s3/buckets/solsticedev%3Fregion%3Dap-south-1%26bucketType%3Dgeneral%26prefix%3Dcms/%26showversions%3Dfalse/Screenshot%202024-07-11%20at%201.18.16%E2%80%AFPM.png; https://solsticeprod.s3.ap-south-1.amazonaws.com/https%3A/%2Fap-south-1.console.aws.amazon.com/s3/buckets/solsticedev%3Fregion%3Dap-south-1%26bucketType%3Dgeneral%26prefix%3Dcms/%26showversions%3Dfalse/WhatsApp%20Image%202023-04-10%20at%209.47.28%20PM%20%282%29.jpeg; https://solsticeprod.s3.ap-south-1.amazonaws.com/https%3A/%2Fap-south-1.console.aws.amazon.com/s3/buckets/solsticedev%3Fregion%3Dap-south-1%26bucketType%3Dgeneral%26prefix%3Dcms/%26showversions%3Dfalse/Screenshot%202024-07-11%20at%201.18.08%E2%80%AFPM.png; https://solsticeprod.s3.ap-south-1.amazonaws.com/https%3A/%2Fap-south-1.console.aws.amazon.com/s3/buckets/solsticedev%3Fregion%3Dap-south-1%26bucketType%3Dgeneral%26prefix%3Dcms/%26showversions%3Dfalse/Screenshot%202024-07-11%20at%201.23.08%E2%80%AFPM.png; https://solsticeprod.s3.ap-south-1.amazonaws.com/https%3A/%2Fap-south-1.console.aws.amazon.com/s3/buckets/solsticedev%3Fregion%3Dap-south-1%26bucketType%3Dgeneral%26prefix%3Dcms/%26showversions%3Dfalse/Screenshot%202024-07-11%20at%203.01.08%E2%80%AFPM.png; https://solsticeprod.s3.ap-south-1.amazonaws.com/https%3A/%2Fap-south-1.console.aws.amazon.com/s3/buckets/solsticedev%3Fregion%3Dap-south-1%26bucketType%3Dgeneral%26prefix%3Dcms/%26showversions%3Dfalse/Screenshot%202024-07-11%20at%203.11.13%E2%80%AFPM.png; https://solsticeprod.s3.ap-south-1.amazonaws.com/https%3A/%2Fap-south-1.console.aws.amazon.com/s3/buckets/solsticedev%3Fregion%3Dap-south-1%26bucketType%3Dgeneral%26prefix%3Dcms/%26showversions%3Dfalse/ABN00593.JPG; https://solsticeprod.s3.ap-south-1.amazonaws.com/https%3A/%2Fap-south-1.console.aws.amazon.com/s3/buckets/solsticedev%3Fregion%3Dap-south-1%26bucketType%3Dgeneral%26prefix%3Dcms/%26showversions%3Dfalse/WhatsApp%20Image%202023-04-10%20at%209.47.30%20PM.jpeg; https://solsticeprod.s3.ap-south-1.amazonaws.com/https%3A/%2Fap-south-1.console.aws.amazon.com/s3/buckets/solsticedev%3Fregion%3Dap-south-1%26bucketType%3Dgeneral%26prefix%3Dcms/%26showversions%3Dfalse/WhatsApp%20Image%202023-07-10%20at%2013.03.21%20%281%29.jpeg; https://solsticeprod.s3.ap-south-1.amazonaws.com/https%3A/%2Fap-south-1.console.aws.amazon.com/s3/buckets/solsticedev%3Fregion%3Dap-south-1%26bucketType%3Dgeneral%26prefix%3Dcms/%26showversions%3Dfalse/WhatsApp%20Image%202023-04-10%20at%209.49.55%20PM.jpeg; https://solsticeprod.s3.ap-south-1.amazonaws.com/https%3A/%2Fap-south-1.console.aws.amazon.com/s3/buckets/solsticedev%3Fregion%3Dap-south-1%26bucketType%3Dgeneral%26prefix%3Dcms/%26showversions%3Dfalse/ABN00640.JPG; https://solsticeprod.s3.ap-south-1.amazonaws.com/https%3A/%2Fap-south-1.console.aws.amazon.com/s3/buckets/solsticedev%3Fregion%3Dap-south-1%26bucketType%3Dgeneral%26prefix%3Dcms/%26showversions%3Dfalse/Screenshot%202024-07-11%20at%201.18.29%E2%80%AFPM.png; https://solsticeprod.s3.ap-south-1.amazonaws.com/https%3A/%2Fap-south-1.console.aws.amazon.com/s3/buckets/solsticedev%3Fregion%3Dap-south-1%26bucketType%3Dgeneral%26prefix%3Dcms/%26showversions%3Dfalse/WhatsApp%20Image%202023-04-10%20at%209.49.50%20PM%20%281%29.jpeg; https://solsticeprod.s3.ap-south-1.amazonaws.com/https%3A/%2Fap-south-1.console.aws.amazon.com/s3/buckets/solsticedev%3Fregion%3Dap-south-1%26bucketType%3Dgeneral%26prefix%3Dcms/%26showversions%3Dfalse/Screenshot%202024-07-11%20at%203.02.17%E2%80%AFPM.png; https://solsticeprod.s3.ap-south-1.amazonaws.com/https%3A/%2Fap-south-1.console.aws.amazon.com/s3/buckets/solsticedev%3Fregion%3Dap-south-1%26bucketType%3Dgeneral%26prefix%3Dcms/%26showversions%3Dfalse/3.jpg; https://solsticeprod.s3.ap-south-1.amazonaws.com/https%3A/%2Fap-south-1.console.aws.amazon.com/s3/buckets/solsticedev%3Fregion%3Dap-south-1%26bucketType%3Dgeneral%26prefix%3Dcms/%26showversions%3Dfalse/WhatsApp%20Image%202023-07-10%20at%2013.03.28.jpeg; https://solsticeprod.s3.ap-south-1.amazonaws.com/https%3A/%2Fap-south-1.console.aws.amazon.com/s3/buckets/solsticedev%3Fregion%3Dap-south-1%26bucketType%3Dgeneral%26prefix%3Dcms/%26showversions%3Dfalse/Screenshot%202024-07-11%20at%203.12.04%E2%80%AFPM.png; https://solsticeprod.s3.ap-south-1.amazonaws.com/https%3A/%2Fap-south-1.console.aws.amazon.com/s3/buckets/solsticedev%3Fregion%3Dap-south-1%26bucketType%3Dgeneral%26prefix%3Dcms/%26showversions%3Dfalse/WhatsApp%20Image%202023-04-10%20at%209.47.21%20PM.jpeg","sitting room","contemporary indian","{}","sitting room, contemporary indian, efficient use of the space with a sofa placed near the window for natural light and a small table for decor, brown, beige, white, green, black, wood, marble, fabric, glass, wooden ceiling beams, carved wooden door, brown sofa with cushions, marble flooring, patterned curtains, decorative wall sconces, sofa, brown upholstery, curved armrests, sequin pillow, decorative wall sconce, copper finish, decorative design, decorative carvings, brass accents, panel design, exposed beams, tree branch pattern, sheer fabric, southern indian, carved door, brown sofa"
"Flooring & Wall Designs","Wall texture designs",20,6,30,43.55,"enhanced_object_search",false,0,"https://solsticeprod.s3.ap-south-1.amazonaws.com/https%3A/%2Fap-south-1.console.aws.amazon.com/s3/buckets/solsticedev%3Fregion%3Dap-south-1%26bucketType%3Dgeneral%26prefix%3Dcms/%26showversions%3Dfalse/WhatsApp%20Image%202023-04-10%20at%209.47.28%20PM%20%282%29.jpeg; https://solsticeprod.s3.ap-south-1.amazonaws.com/https%3A/%2Fap-south-1.console.aws.amazon.com/s3/buckets/solsticedev%3Fregion%3Dap-south-1%26bucketType%3Dgeneral%26prefix%3Dcms/%26showversions%3Dfalse/ABN00681.JPG; https://solsticeprod.s3.ap-south-1.amazonaws.com/https%3A/%2Fap-south-1.console.aws.amazon.com/s3/buckets/solsticedev%3Fregion%3Dap-south-1%26bucketType%3Dgeneral%26prefix%3Dcms/%26showversions%3Dfalse/Screenshot%202024-07-11%20at%201.18.08%E2%80%AFPM.png; https://solsticeprod.s3.ap-south-1.amazonaws.com/https%3A/%2Fap-south-1.console.aws.amazon.com/s3/buckets/solsticedev%3Fregion%3Dap-south-1%26bucketType%3Dgeneral%26prefix%3Dcms/%26showversions%3Dfalse/WhatsApp%20Image%202023-07-10%20at%2013.03.21%20%281%29.jpeg; https://solsticeprod.s3.ap-south-1.amazonaws.com/https%3A/%2Fap-south-1.console.aws.amazon.com/s3/buckets/solsticedev%3Fregion%3Dap-south-1%26bucketType%3Dgeneral%26prefix%3Dcms/%26showversions%3Dfalse/ABN00640.JPG; https://solsticeprod.s3.ap-south-1.amazonaws.com/https%3A/%2Fap-south-1.console.aws.amazon.com/s3/buckets/solsticedev%3Fregion%3Dap-south-1%26bucketType%3Dgeneral%26prefix%3Dcms/%26showversions%3Dfalse/WhatsApp%20Image%202023-07-10%20at%2013.03.28.jpeg; https://solsticeprod.s3.ap-south-1.amazonaws.com/https%3A/%2Fap-south-1.console.aws.amazon.com/s3/buckets/solsticedev%3Fregion%3Dap-south-1%26bucketType%3Dgeneral%26prefix%3Dcms/%26showversions%3Dfalse/Screenshot%202024-07-11%20at%203.12.04%E2%80%AFPM.png; https://solsticeprod.s3.ap-south-1.amazonaws.com/https%3A/%2Fap-south-1.console.aws.amazon.com/s3/buckets/solsticedev%3Fregion%3Dap-south-1%26bucketType%3Dgeneral%26prefix%3Dcms/%26showversions%3Dfalse/Screenshot%202024-07-11%20at%203.02.17%E2%80%AFPM.png; https://solsticeprod.s3.ap-south-1.amazonaws.com/https%3A/%2Fap-south-1.console.aws.amazon.com/s3/buckets/solsticedev%3Fregion%3Dap-south-1%26bucketType%3Dgeneral%26prefix%3Dcms/%26showversions%3Dfalse/WhatsApp%20Image%202023-04-10%20at%209.49.55%20PM.jpeg; https://solsticeprod.s3.ap-south-1.amazonaws.com/https%3A/%2Fap-south-1.console.aws.amazon.com/s3/buckets/solsticedev%3Fregion%3Dap-south-1%26bucketType%3Dgeneral%26prefix%3Dcms/%26showversions%3Dfalse/Screenshot%202024-07-11%20at%203.01.08%E2%80%AFPM.png; https://solsticeprod.s3.ap-south-1.amazonaws.com/https%3A/%2Fap-south-1.console.aws.amazon.com/s3/buckets/solsticedev%3Fregion%3Dap-south-1%26bucketType%3Dgeneral%26prefix%3Dcms/%26showversions%3Dfalse/WhatsApp%20Image%202023-04-10%20at%209.47.32%20PM%20%281%29.jpeg; https://solsticeprod.s3.ap-south-1.amazonaws.com/https%3A/%2Fap-south-1.console.aws.amazon.com/s3/buckets/solsticedev%3Fregion%3Dap-south-1%26bucketType%3Dgeneral%26prefix%3Dcms/%26showversions%3Dfalse/Screenshot%202024-07-11%20at%201.23.08%E2%80%AFPM.png; https://solsticeprod.s3.ap-south-1.amazonaws.com/https%3A/%2Fap-south-1.console.aws.amazon.com/s3/buckets/solsticedev%3Fregion%3Dap-south-1%26bucketType%3Dgeneral%26prefix%3Dcms/%26showversions%3Dfalse/Screenshot%202024-07-11%20at%201.23.36%E2%80%AFPM.png; https://solsticeprod.s3.ap-south-1.amazonaws.com/https%3A/%2Fap-south-1.console.aws.amazon.com/s3/buckets/solsticedev%3Fregion%3Dap-south-1%26bucketType%3Dgeneral%26prefix%3Dcms/%26showversions%3Dfalse/WhatsApp%20Image%202023-04-10%20at%209.49.49%20PM%20%281%29.jpeg; https://solsticeprod.s3.ap-south-1.amazonaws.com/https%3A/%2Fap-south-1.console.aws.amazon.com/s3/buckets/solsticedev%3Fregion%3Dap-south-1%26bucketType%3Dgeneral%26prefix%3Dcms/%26showversions%3Dfalse/Screenshot%202024-07-11%20at%201.23.22%E2%80%AFPM.png; https://solsticeprod.s3.ap-south-1.amazonaws.com/https%3A/%2Fap-south-1.console.aws.amazon.com/s3/buckets/solsticedev%3Fregion%3Dap-south-1%26bucketType%3Dgeneral%26prefix%3Dcms/%26showversions%3Dfalse/Screenshot%202024-07-11%20at%203.11.13%E2%80%AFPM.png; https://solsticeprod.s3.ap-south-1.amazonaws.com/https%3A/%2Fap-south-1.console.aws.amazon.com/s3/buckets/solsticedev%3Fregion%3Dap-south-1%26bucketType%3Dgeneral%26prefix%3Dcms/%26showversions%3Dfalse/ABN00593.JPG; https://solsticeprod.s3.ap-south-1.amazonaws.com/https%3A/%2Fap-south-1.console.aws.amazon.com/s3/buckets/solsticedev%3Fregion%3Dap-south-1%26bucketType%3Dgeneral%26prefix%3Dcms/%26showversions%3Dfalse/WhatsApp%20Image%202023-04-10%20at%209.47.30%20PM.jpeg; https://solsticeprod.s3.ap-south-1.amazonaws.com/https%3A/%2Fap-south-1.console.aws.amazon.com/s3/buckets/solsticedev%3Fregion%3Dap-south-1%26bucketType%3Dgeneral%26prefix%3Dcms/%26showversions%3Dfalse/ABN00678.JPG; https://solsticeprod.s3.ap-south-1.amazonaws.com/https%3A/%2Fap-south-1.console.aws.amazon.com/s3/buckets/solsticedev%3Fregion%3Dap-south-1%26bucketType%3Dgeneral%26prefix%3Dcms/%26showversions%3Dfalse/3.jpg","bedroom","modern indo-western","{}","bedroom, modern indo-western, efficient use of space with a built-in wardrobe and wall-mounted shelves, dark brown, white, gray, brown, glass, metal, marble, wood, paint, built-in wardrobe with sliding doors, wall-mounted shelves, ceiling fan, hardwood flooring, window with grill, mirror on the wall, built-in wardrobe, sliding glass doors with metallic handles, dark brown and white marble paneling, dark brown color, multiple shelves, gold-colored, ceiling-mounted, wooden texture, metal grill, white frame, mirror, large rectangular shape, wall-mounted"
"Flooring & Wall Designs","Wall cladding designs",20,1,5,33.5,"enhanced_object_search",false,0,"https://solsticeprod.s3.ap-south-1.amazonaws.com/https%3A/%2Fap-south-1.console.aws.amazon.com/s3/buckets/solsticedev%3Fregion%3Dap-south-1%26bucketType%3Dgeneral%26prefix%3Dcms/%26showversions%3Dfalse/WhatsApp%20Image%202023-07-10%20at%2013.03.21%20%281%29.jpeg; https://solsticeprod.s3.ap-south-1.amazonaws.com/https%3A/%2Fap-south-1.console.aws.amazon.com/s3/buckets/solsticedev%3Fregion%3Dap-south-1%26bucketType%3Dgeneral%26prefix%3Dcms/%26showversions%3Dfalse/WhatsApp%20Image%202023-04-10%20at%209.49.55%20PM.jpeg; https://solsticeprod.s3.ap-south-1.amazonaws.com/https%3A/%2Fap-south-1.console.aws.amazon.com/s3/buckets/solsticedev%3Fregion%3Dap-south-1%26bucketType%3Dgeneral%26prefix%3Dcms/%26showversions%3Dfalse/Screenshot%202024-07-11%20at%201.23.36%E2%80%AFPM.png; https://solsticeprod.s3.ap-south-1.amazonaws.com/https%3A/%2Fap-south-1.console.aws.amazon.com/s3/buckets/solsticedev%3Fregion%3Dap-south-1%26bucketType%3Dgeneral%26prefix%3Dcms/%26showversions%3Dfalse/WhatsApp%20Image%202023-04-10%20at%209.49.49%20PM%20%281%29.jpeg; https://solsticeprod.s3.ap-south-1.amazonaws.com/https%3A/%2Fap-south-1.console.aws.amazon.com/s3/buckets/solsticedev%3Fregion%3Dap-south-1%26bucketType%3Dgeneral%26prefix%3Dcms/%26showversions%3Dfalse/WhatsApp%20Image%202023-04-10%20at%209.47.32%20PM%20%281%29.jpeg; https://solsticeprod.s3.ap-south-1.amazonaws.com/https%3A/%2Fap-south-1.console.aws.amazon.com/s3/buckets/solsticedev%3Fregion%3Dap-south-1%26bucketType%3Dgeneral%26prefix%3Dcms/%26showversions%3Dfalse/Screenshot%202024-07-11%20at%201.23.22%E2%80%AFPM.png; https://solsticeprod.s3.ap-south-1.amazonaws.com/https%3A/%2Fap-south-1.console.aws.amazon.com/s3/buckets/solsticedev%3Fregion%3Dap-south-1%26bucketType%3Dgeneral%26prefix%3Dcms/%26showversions%3Dfalse/Screenshot%202024-07-11%20at%203.02.17%E2%80%AFPM.png; https://solsticeprod.s3.ap-south-1.amazonaws.com/https%3A/%2Fap-south-1.console.aws.amazon.com/s3/buckets/solsticedev%3Fregion%3Dap-south-1%26bucketType%3Dgeneral%26prefix%3Dcms/%26showversions%3Dfalse/Screenshot%202024-07-11%20at%203.01.08%E2%80%AFPM.png; https://solsticeprod.s3.ap-south-1.amazonaws.com/https%3A/%2Fap-south-1.console.aws.amazon.com/s3/buckets/solsticedev%3Fregion%3Dap-south-1%26bucketType%3Dgeneral%26prefix%3Dcms/%26showversions%3Dfalse/Screenshot%202024-07-11%20at%201.23.08%E2%80%AFPM.png; https://solsticeprod.s3.ap-south-1.amazonaws.com/https%3A/%2Fap-south-1.console.aws.amazon.com/s3/buckets/solsticedev%3Fregion%3Dap-south-1%26bucketType%3Dgeneral%26prefix%3Dcms/%26showversions%3Dfalse/Screenshot%202024-07-11%20at%203.12.04%E2%80%AFPM.png; https://solsticeprod.s3.ap-south-1.amazonaws.com/https%3A/%2Fap-south-1.console.aws.amazon.com/s3/buckets/solsticedev%3Fregion%3Dap-south-1%26bucketType%3Dgeneral%26prefix%3Dcms/%26showversions%3Dfalse/Screenshot%202024-07-11%20at%201.23.25%E2%80%AFPM.png; https://solsticeprod.s3.ap-south-1.amazonaws.com/https%3A/%2Fap-south-1.console.aws.amazon.com/s3/buckets/solsticedev%3Fregion%3Dap-south-1%26bucketType%3Dgeneral%26prefix%3Dcms/%26showversions%3Dfalse/WhatsApp%20Image%202023-04-10%20at%209.47.30%20PM.jpeg; https://solsticeprod.s3.ap-south-1.amazonaws.com/https%3A/%2Fap-south-1.console.aws.amazon.com/s3/buckets/solsticedev%3Fregion%3Dap-south-1%26bucketType%3Dgeneral%26prefix%3Dcms/%26showversions%3Dfalse/ABN00678.JPG; https://solsticeprod.s3.ap-south-1.amazonaws.com/https%3A/%2Fap-south-1.console.aws.amazon.com/s3/buckets/solsticedev%3Fregion%3Dap-south-1%26bucketType%3Dgeneral%26prefix%3Dcms/%26showversions%3Dfalse/Screenshot%202024-07-11%20at%203.11.13%E2%80%AFPM.png; https://solsticeprod.s3.ap-south-1.amazonaws.com/https%3A/%2Fap-south-1.console.aws.amazon.com/s3/buckets/solsticedev%3Fregion%3Dap-south-1%26bucketType%3Dgeneral%26prefix%3Dcms/%26showversions%3Dfalse/Screenshot%202024-07-11%20at%201.18.08%E2%80%AFPM.png; https://solsticeprod.s3.ap-south-1.amazonaws.com/https%3A/%2Fap-south-1.console.aws.amazon.com/s3/buckets/solsticedev%3Fregion%3Dap-south-1%26bucketType%3Dgeneral%26prefix%3Dcms/%26showversions%3Dfalse/ABN00681.JPG; https://solsticeprod.s3.ap-south-1.amazonaws.com/https%3A/%2Fap-south-1.console.aws.amazon.com/s3/buckets/solsticedev%3Fregion%3Dap-south-1%26bucketType%3Dgeneral%26prefix%3Dcms/%26showversions%3Dfalse/WhatsApp%20Image%202023-04-10%20at%209.47.21%20PM.jpeg; https://solsticeprod.s3.ap-south-1.amazonaws.com/https%3A/%2Fap-south-1.console.aws.amazon.com/s3/buckets/solsticedev%3Fregion%3Dap-south-1%26bucketType%3Dgeneral%26prefix%3Dcms/%26showversions%3Dfalse/WhatsApp%20Image%202023-07-10%20at%2013.03.28.jpeg; https://solsticeprod.s3.ap-south-1.amazonaws.com/https%3A/%2Fap-south-1.console.aws.amazon.com/s3/buckets/solsticedev%3Fregion%3Dap-south-1%26bucketType%3Dgeneral%26prefix%3Dcms/%26showversions%3Dfalse/ABN00640.JPG; https://solsticeprod.s3.ap-south-1.amazonaws.com/https%3A/%2Fap-south-1.console.aws.amazon.com/s3/buckets/solsticedev%3Fregion%3Dap-south-1%26bucketType%3Dgeneral%26prefix%3Dcms/%26showversions%3Dfalse/WhatsApp%20Image%202023-04-10%20at%209.49.50%20PM%20%281%29.jpeg","walls","contemporary","{}","walls, contemporary, wall space used for decorative elements, likely serving as a focal point, white, brown, beige, dark brown, painted gypsum, wood, metallic, plastic, painted wall panels, ceiling with geometric patterns, modern lighting, ceiling, painted with geometric patterns, likely inspired by traditional indian designs, wall, paneling of wooden slats, ceiling light, modern light fixture, possibly led or fluorescent, contemporary design, geometric patterns, geometric ceiling, teak wood paneling, interior design"
"Flooring & Wall Designs","Floor tile designs India",20,19,95,84.6,"enhanced_object_search",false,0,"https://solsticeprod.s3.ap-south-1.amazonaws.com/https%3A/%2Fap-south-1.console.aws.amazon.com/s3/buckets/solsticedev%3Fregion%3Dap-south-1%26bucketType%3Dgeneral%26prefix%3Dcms/%26showversions%3Dfalse/Screenshot%202024-07-11%20at%201.18.16%E2%80%AFPM.png; https://solsticeprod.s3.ap-south-1.amazonaws.com/https%3A/%2Fap-south-1.console.aws.amazon.com/s3/buckets/solsticedev%3Fregion%3Dap-south-1%26bucketType%3Dgeneral%26prefix%3Dcms/%26showversions%3Dfalse/Screenshot%202024-07-11%20at%203.02.01%E2%80%AFPM.png; https://solsticeprod.s3.ap-south-1.amazonaws.com/https%3A/%2Fap-south-1.console.aws.amazon.com/s3/buckets/solsticedev%3Fregion%3Dap-south-1%26bucketType%3Dgeneral%26prefix%3Dcms/%26showversions%3Dfalse/ABN00678.JPG; https://solsticeprod.s3.ap-south-1.amazonaws.com/https%3A/%2Fap-south-1.console.aws.amazon.com/s3/buckets/solsticedev%3Fregion%3Dap-south-1%26bucketType%3Dgeneral%26prefix%3Dcms/%26showversions%3Dfalse/ABN00681.JPG; https://solsticeprod.s3.ap-south-1.amazonaws.com/https%3A/%2Fap-south-1.console.aws.amazon.com/s3/buckets/solsticedev%3Fregion%3Dap-south-1%26bucketType%3Dgeneral%26prefix%3Dcms/%26showversions%3Dfalse/Screenshot%202024-07-11%20at%201.18.08%E2%80%AFPM.png; https://solsticeprod.s3.ap-south-1.amazonaws.com/https%3A/%2Fap-south-1.console.aws.amazon.com/s3/buckets/solsticedev%3Fregion%3Dap-south-1%26bucketType%3Dgeneral%26prefix%3Dcms/%26showversions%3Dfalse/ABN00593.JPG; https://solsticeprod.s3.ap-south-1.amazonaws.com/https%3A/%2Fap-south-1.console.aws.amazon.com/s3/buckets/solsticedev%3Fregion%3Dap-south-1%26bucketType%3Dgeneral%26prefix%3Dcms/%26showversions%3Dfalse/Screenshot%202024-07-11%20at%203.01.18%E2%80%AFPM.png; https://solsticeprod.s3.ap-south-1.amazonaws.com/https%3A/%2Fap-south-1.console.aws.amazon.com/s3/buckets/solsticedev%3Fregion%3Dap-south-1%26bucketType%3Dgeneral%26prefix%3Dcms/%26showversions%3Dfalse/Screenshot%202024-07-11%20at%203.01.24%E2%80%AFPM.png; https://solsticeprod.s3.ap-south-1.amazonaws.com/https%3A/%2Fap-south-1.console.aws.amazon.com/s3/buckets/solsticedev%3Fregion%3Dap-south-1%26bucketType%3Dgeneral%26prefix%3Dcms/%26showversions%3Dfalse/WhatsApp%20Image%202023-07-10%20at%2013.03.29.jpeg; https://solsticeprod.s3.ap-south-1.amazonaws.com/https%3A/%2Fap-south-1.console.aws.amazon.com/s3/buckets/solsticedev%3Fregion%3Dap-south-1%26bucketType%3Dgeneral%26prefix%3Dcms/%26showversions%3Dfalse/WhatsApp%20Image%202023-07-10%20at%2013.03.21%20%281%29.jpeg; https://solsticeprod.s3.ap-south-1.amazonaws.com/https%3A/%2Fap-south-1.console.aws.amazon.com/s3/buckets/solsticedev%3Fregion%3Dap-south-1%26bucketType%3Dgeneral%26prefix%3Dcms/%26showversions%3Dfalse/ABN00640.JPG; https://solsticeprod.s3.ap-south-1.amazonaws.com/https%3A/%2Fap-south-1.console.aws.amazon.com/s3/buckets/solsticedev%3Fregion%3Dap-south-1%26bucketType%3Dgeneral%26prefix%3Dcms/%26showversions%3Dfalse/WhatsApp%20Image%202023-04-10%20at%209.47.04%20PM.jpeg; https://solsticeprod.s3.ap-south-1.amazonaws.com/https%3A/%2Fap-south-1.console.aws.amazon.com/s3/buckets/solsticedev%3Fregion%3Dap-south-1%26bucketType%3Dgeneral%26prefix%3Dcms/%26showversions%3Dfalse/Screenshot%202024-07-11%20at%203.02.17%E2%80%AFPM.png; https://solsticeprod.s3.ap-south-1.amazonaws.com/https%3A/%2Fap-south-1.console.aws.amazon.com/s3/buckets/solsticedev%3Fregion%3Dap-south-1%26bucketType%3Dgeneral%26prefix%3Dcms/%26showversions%3Dfalse/Screenshot%202024-07-11%20at%201.18.49%E2%80%AFPM.png; https://solsticeprod.s3.ap-south-1.amazonaws.com/https%3A/%2Fap-south-1.console.aws.amazon.com/s3/buckets/solsticedev%3Fregion%3Dap-south-1%26bucketType%3Dgeneral%26prefix%3Dcms/%26showversions%3Dfalse/Screenshot%202024-07-11%20at%201.18.29%E2%80%AFPM.png; https://solsticeprod.s3.ap-south-1.amazonaws.com/https%3A/%2Fap-south-1.console.aws.amazon.com/s3/buckets/solsticedev%3Fregion%3Dap-south-1%26bucketType%3Dgeneral%26prefix%3Dcms/%26showversions%3Dfalse/3.jpg; https://solsticeprod.s3.ap-south-1.amazonaws.com/https%3A/%2Fap-south-1.console.aws.amazon.com/s3/buckets/solsticedev%3Fregion%3Dap-south-1%26bucketType%3Dgeneral%26prefix%3Dcms/%26showversions%3Dfalse/WhatsApp%20Image%202023-04-10%20at%209.47.21%20PM.jpeg; https://solsticeprod.s3.ap-south-1.amazonaws.com/https%3A/%2Fap-south-1.console.aws.amazon.com/s3/buckets/solsticedev%3Fregion%3Dap-south-1%26bucketType%3Dgeneral%26prefix%3Dcms/%26showversions%3Dfalse/WhatsApp%20Image%202023-04-10%20at%209.47.32%20PM%20%281%29.jpeg; https://solsticeprod.s3.ap-south-1.amazonaws.com/https%3A/%2Fap-south-1.console.aws.amazon.com/s3/buckets/solsticedev%3Fregion%3Dap-south-1%26bucketType%3Dgeneral%26prefix%3Dcms/%26showversions%3Dfalse/WhatsApp%20Image%202023-07-10%20at%2013.03.28.jpeg; https://solsticeprod.s3.ap-south-1.amazonaws.com/https%3A/%2Fap-south-1.console.aws.amazon.com/s3/buckets/solsticedev%3Fregion%3Dap-south-1%26bucketType%3Dgeneral%26prefix%3Dcms/%26showversions%3Dfalse/WhatsApp%20Image%202023-04-10%20at%209.49.55%20PM.jpeg","entryway/bathroom","modern minimalist with indian influences","{}","entryway/bathroom, modern minimalist with indian influences, efficient use of vertical space, white, brown, marble, gold, gray, wood, metal, ceramic, marble flooring, wooden cabinets, round mirror, wall-mounted shelves, wall-mounted cabinets, vertical shelves, cabinet doors, glass inserts, wooden frame, circular shape, marble countertop, integrated sink, smooth surface, wooden storage units, vertical storage, horizontal slats, vases, modern design, colorful, simple shapes, modern minimalist, indian influences"
"Flooring & Wall Designs","Wall tile designs",20,4,20,39.5,"enhanced_object_search",false,0,"https://solsticeprod.s3.ap-south-1.amazonaws.com/https%3A/%2Fap-south-1.console.aws.amazon.com/s3/buckets/solsticedev%3Fregion%3Dap-south-1%26bucketType%3Dgeneral%26prefix%3Dcms/%26showversions%3Dfalse/ABN00681.JPG; https://solsticeprod.s3.ap-south-1.amazonaws.com/https%3A/%2Fap-south-1.console.aws.amazon.com/s3/buckets/solsticedev%3Fregion%3Dap-south-1%26bucketType%3Dgeneral%26prefix%3Dcms/%26showversions%3Dfalse/WhatsApp%20Image%202023-07-10%20at%2013.03.21%20%281%29.jpeg; https://solsticeprod.s3.ap-south-1.amazonaws.com/https%3A/%2Fap-south-1.console.aws.amazon.com/s3/buckets/solsticedev%3Fregion%3Dap-south-1%26bucketType%3Dgeneral%26prefix%3Dcms/%26showversions%3Dfalse/Screenshot%202024-07-11%20at%201.23.25%E2%80%AFPM.png; https://solsticeprod.s3.ap-south-1.amazonaws.com/https%3A/%2Fap-south-1.console.aws.amazon.com/s3/buckets/solsticedev%3Fregion%3Dap-south-1%26bucketType%3Dgeneral%26prefix%3Dcms/%26showversions%3Dfalse/WhatsApp%20Image%202023-04-10%20at%209.47.21%20PM.jpeg; https://solsticeprod.s3.ap-south-1.amazonaws.com/https%3A/%2Fap-south-1.console.aws.amazon.com/s3/buckets/solsticedev%3Fregion%3Dap-south-1%26bucketType%3Dgeneral%26prefix%3Dcms/%26showversions%3Dfalse/WhatsApp%20Image%202023-04-10%20at%209.47.32%20PM%20%281%29.jpeg; https://solsticeprod.s3.ap-south-1.amazonaws.com/https%3A/%2Fap-south-1.console.aws.amazon.com/s3/buckets/solsticedev%3Fregion%3Dap-south-1%26bucketType%3Dgeneral%26prefix%3Dcms/%26showversions%3Dfalse/Screenshot%202024-07-11%20at%201.23.22%E2%80%AFPM.png; https://solsticeprod.s3.ap-south-1.amazonaws.com/https%3A/%2Fap-south-1.console.aws.amazon.com/s3/buckets/solsticedev%3Fregion%3Dap-south-1%26bucketType%3Dgeneral%26prefix%3Dcms/%26showversions%3Dfalse/WhatsApp%20Image%202023-04-10%20at%209.49.55%20PM.jpeg; https://solsticeprod.s3.ap-south-1.amazonaws.com/https%3A/%2Fap-south-1.console.aws.amazon.com/s3/buckets/solsticedev%3Fregion%3Dap-south-1%26bucketType%3Dgeneral%26prefix%3Dcms/%26showversions%3Dfalse/Screenshot%202024-07-11%20at%201.23.36%E2%80%AFPM.png; https://solsticeprod.s3.ap-south-1.amazonaws.com/https%3A/%2Fap-south-1.console.aws.amazon.com/s3/buckets/solsticedev%3Fregion%3Dap-south-1%26bucketType%3Dgeneral%26prefix%3Dcms/%26showversions%3Dfalse/Screenshot%202024-07-11%20at%203.12.04%E2%80%AFPM.png; https://solsticeprod.s3.ap-south-1.amazonaws.com/https%3A/%2Fap-south-1.console.aws.amazon.com/s3/buckets/solsticedev%3Fregion%3Dap-south-1%26bucketType%3Dgeneral%26prefix%3Dcms/%26showversions%3Dfalse/WhatsApp%20Image%202023-04-10%20at%209.49.49%20PM%20%281%29.jpeg; https://solsticeprod.s3.ap-south-1.amazonaws.com/https%3A/%2Fap-south-1.console.aws.amazon.com/s3/buckets/solsticedev%3Fregion%3Dap-south-1%26bucketType%3Dgeneral%26prefix%3Dcms/%26showversions%3Dfalse/Screenshot%202024-07-11%20at%203.01.08%E2%80%AFPM.png; https://solsticeprod.s3.ap-south-1.amazonaws.com/https%3A/%2Fap-south-1.console.aws.amazon.com/s3/buckets/solsticedev%3Fregion%3Dap-south-1%26bucketType%3Dgeneral%26prefix%3Dcms/%26showversions%3Dfalse/Screenshot%202024-07-11%20at%201.23.08%E2%80%AFPM.png; https://solsticeprod.s3.ap-south-1.amazonaws.com/https%3A/%2Fap-south-1.console.aws.amazon.com/s3/buckets/solsticedev%3Fregion%3Dap-south-1%26bucketType%3Dgeneral%26prefix%3Dcms/%26showversions%3Dfalse/WhatsApp%20Image%202023-07-10%20at%2013.03.28.jpeg; https://solsticeprod.s3.ap-south-1.amazonaws.com/https%3A/%2Fap-south-1.console.aws.amazon.com/s3/buckets/solsticedev%3Fregion%3Dap-south-1%26bucketType%3Dgeneral%26prefix%3Dcms/%26showversions%3Dfalse/Screenshot%202024-07-11%20at%201.18.16%E2%80%AFPM.png; https://solsticeprod.s3.ap-south-1.amazonaws.com/https%3A/%2Fap-south-1.console.aws.amazon.com/s3/buckets/solsticedev%3Fregion%3Dap-south-1%26bucketType%3Dgeneral%26prefix%3Dcms/%26showversions%3Dfalse/3.jpg; https://solsticeprod.s3.ap-south-1.amazonaws.com/https%3A/%2Fap-south-1.console.aws.amazon.com/s3/buckets/solsticedev%3Fregion%3Dap-south-1%26bucketType%3Dgeneral%26prefix%3Dcms/%26showversions%3Dfalse/Screenshot%202024-07-11%20at%203.02.17%E2%80%AFPM.png; https://solsticeprod.s3.ap-south-1.amazonaws.com/https%3A/%2Fap-south-1.console.aws.amazon.com/s3/buckets/solsticedev%3Fregion%3Dap-south-1%26bucketType%3Dgeneral%26prefix%3Dcms/%26showversions%3Dfalse/ABN00593.JPG; https://solsticeprod.s3.ap-south-1.amazonaws.com/https%3A/%2Fap-south-1.console.aws.amazon.com/s3/buckets/solsticedev%3Fregion%3Dap-south-1%26bucketType%3Dgeneral%26prefix%3Dcms/%26showversions%3Dfalse/Screenshot%202024-07-11%20at%203.11.13%E2%80%AFPM.png; https://solsticeprod.s3.ap-south-1.amazonaws.com/https%3A/%2Fap-south-1.console.aws.amazon.com/s3/buckets/solsticedev%3Fregion%3Dap-south-1%26bucketType%3Dgeneral%26prefix%3Dcms/%26showversions%3Dfalse/WhatsApp%20Image%202023-04-10%20at%209.47.30%20PM.jpeg; https://solsticeprod.s3.ap-south-1.amazonaws.com/https%3A/%2Fap-south-1.console.aws.amazon.com/s3/buckets/solsticedev%3Fregion%3Dap-south-1%26bucketType%3Dgeneral%26prefix%3Dcms/%26showversions%3Dfalse/WhatsApp%20Image%202023-04-10%20at%209.47.04%20PM.jpeg","foyer","modern indian","{}","foyer, modern indian, efficient use of space with a clear flow from foyer to other areas, brown, white, gold, teal, maroon, wood, marble, metal, glass, fabric, wooden staircase with glass railings, peacock wall art, decorative niches with idols, marble flooring, brown sofa with floral tablecloth, metallic finish, icolored eye accents, wooden frame, glass shelves, idols placed in niches, modern design, glass railings on one side, wooden steps, white with gold veining, highly polished, textured fabric, floral patterned tablecloth, decorative niches, wooden staircase"
"Flooring & Wall Designs","Wall painting designs India",20,19,95,86.6,"enhanced_object_search",false,0,"https://solsticeprod.s3.ap-south-1.amazonaws.com/https%3A/%2Fap-south-1.console.aws.amazon.com/s3/buckets/solsticedev%3Fregion%3Dap-south-1%26bucketType%3Dgeneral%26prefix%3Dcms/%26showversions%3Dfalse/Screenshot%202024-07-11%20at%201.18.16%E2%80%AFPM.png; https://solsticeprod.s3.ap-south-1.amazonaws.com/https%3A/%2Fap-south-1.console.aws.amazon.com/s3/buckets/solsticedev%3Fregion%3Dap-south-1%26bucketType%3Dgeneral%26prefix%3Dcms/%26showversions%3Dfalse/WhatsApp%20Image%202023-04-10%20at%209.47.28%20PM%20%282%29.jpeg; https://solsticeprod.s3.ap-south-1.amazonaws.com/https%3A/%2Fap-south-1.console.aws.amazon.com/s3/buckets/solsticedev%3Fregion%3Dap-south-1%26bucketType%3Dgeneral%26prefix%3Dcms/%26showversions%3Dfalse/ABN00678.JPG; https://solsticeprod.s3.ap-south-1.amazonaws.com/https%3A/%2Fap-south-1.console.aws.amazon.com/s3/buckets/solsticedev%3Fregion%3Dap-south-1%26bucketType%3Dgeneral%26prefix%3Dcms/%26showversions%3Dfalse/ABN00681.JPG; https://solsticeprod.s3.ap-south-1.amazonaws.com/https%3A/%2Fap-south-1.console.aws.amazon.com/s3/buckets/solsticedev%3Fregion%3Dap-south-1%26bucketType%3Dgeneral%26prefix%3Dcms/%26showversions%3Dfalse/Screenshot%202024-07-11%20at%201.18.08%E2%80%AFPM.png; https://solsticeprod.s3.ap-south-1.amazonaws.com/https%3A/%2Fap-south-1.console.aws.amazon.com/s3/buckets/solsticedev%3Fregion%3Dap-south-1%26bucketType%3Dgeneral%26prefix%3Dcms/%26showversions%3Dfalse/Screenshot%202024-07-11%20at%201.23.08%E2%80%AFPM.png; https://solsticeprod.s3.ap-south-1.amazonaws.com/https%3A/%2Fap-south-1.console.aws.amazon.com/s3/buckets/solsticedev%3Fregion%3Dap-south-1%26bucketType%3Dgeneral%26prefix%3Dcms/%26showversions%3Dfalse/Screenshot%202024-07-11%20at%203.11.13%E2%80%AFPM.png; https://solsticeprod.s3.ap-south-1.amazonaws.com/https%3A/%2Fap-south-1.console.aws.amazon.com/s3/buckets/solsticedev%3Fregion%3Dap-south-1%26bucketType%3Dgeneral%26prefix%3Dcms/%26showversions%3Dfalse/ABN00593.JPG; https://solsticeprod.s3.ap-south-1.amazonaws.com/https%3A/%2Fap-south-1.console.aws.amazon.com/s3/buckets/solsticedev%3Fregion%3Dap-south-1%26bucketType%3Dgeneral%26prefix%3Dcms/%26showversions%3Dfalse/Screenshot%202024-07-11%20at%203.01.08%E2%80%AFPM.png; https://solsticeprod.s3.ap-south-1.amazonaws.com/https%3A/%2Fap-south-1.console.aws.amazon.com/s3/buckets/solsticedev%3Fregion%3Dap-south-1%26bucketType%3Dgeneral%26prefix%3Dcms/%26showversions%3Dfalse/WhatsApp%20Image%202023-04-10%20at%209.47.30%20PM.jpeg; https://solsticeprod.s3.ap-south-1.amazonaws.com/https%3A/%2Fap-south-1.console.aws.amazon.com/s3/buckets/solsticedev%3Fregion%3Dap-south-1%26bucketType%3Dgeneral%26prefix%3Dcms/%26showversions%3Dfalse/WhatsApp%20Image%202023-07-10%20at%2013.03.21%20%281%29.jpeg; https://solsticeprod.s3.ap-south-1.amazonaws.com/https%3A/%2Fap-south-1.console.aws.amazon.com/s3/buckets/solsticedev%3Fregion%3Dap-south-1%26bucketType%3Dgeneral%26prefix%3Dcms/%26showversions%3Dfalse/WhatsApp%20Image%202023-04-10%20at%209.49.55%20PM.jpeg; https://solsticeprod.s3.ap-south-1.amazonaws.com/https%3A/%2Fap-south-1.console.aws.amazon.com/s3/buckets/solsticedev%3Fregion%3Dap-south-1%26bucketType%3Dgeneral%26prefix%3Dcms/%26showversions%3Dfalse/ABN00640.JPG; https://solsticeprod.s3.ap-south-1.amazonaws.com/https%3A/%2Fap-south-1.console.aws.amazon.com/s3/buckets/solsticedev%3Fregion%3Dap-south-1%26bucketType%3Dgeneral%26prefix%3Dcms/%26showversions%3Dfalse/Screenshot%202024-07-11%20at%201.18.29%E2%80%AFPM.png; https://solsticeprod.s3.ap-south-1.amazonaws.com/https%3A/%2Fap-south-1.console.aws.amazon.com/s3/buckets/solsticedev%3Fregion%3Dap-south-1%26bucketType%3Dgeneral%26prefix%3Dcms/%26showversions%3Dfalse/WhatsApp%20Image%202023-04-10%20at%209.49.50%20PM%20%281%29.jpeg; https://solsticeprod.s3.ap-south-1.amazonaws.com/https%3A/%2Fap-south-1.console.aws.amazon.com/s3/buckets/solsticedev%3Fregion%3Dap-south-1%26bucketType%3Dgeneral%26prefix%3Dcms/%26showversions%3Dfalse/Screenshot%202024-07-11%20at%203.02.17%E2%80%AFPM.png; https://solsticeprod.s3.ap-south-1.amazonaws.com/https%3A/%2Fap-south-1.console.aws.amazon.com/s3/buckets/solsticedev%3Fregion%3Dap-south-1%26bucketType%3Dgeneral%26prefix%3Dcms/%26showversions%3Dfalse/3.jpg; https://solsticeprod.s3.ap-south-1.amazonaws.com/https%3A/%2Fap-south-1.console.aws.amazon.com/s3/buckets/solsticedev%3Fregion%3Dap-south-1%26bucketType%3Dgeneral%26prefix%3Dcms/%26showversions%3Dfalse/WhatsApp%20Image%202023-07-10%20at%2013.03.28.jpeg; https://solsticeprod.s3.ap-south-1.amazonaws.com/https%3A/%2Fap-south-1.console.aws.amazon.com/s3/buckets/solsticedev%3Fregion%3Dap-south-1%26bucketType%3Dgeneral%26prefix%3Dcms/%26showversions%3Dfalse/Screenshot%202024-07-11%20at%203.12.04%E2%80%AFPM.png; https://solsticeprod.s3.ap-south-1.amazonaws.com/https%3A/%2Fap-south-1.console.aws.amazon.com/s3/buckets/solsticedev%3Fregion%3Dap-south-1%26bucketType%3Dgeneral%26prefix%3Dcms/%26showversions%3Dfalse/WhatsApp%20Image%202023-04-10%20at%209.47.21%20PM.jpeg","entryway/bathroom","modern minimalist with indian influences","{}","entryway/bathroom, modern minimalist with indian influences, efficient use of vertical space, white, brown, marble, gold, gray, wood, metal, ceramic, marble flooring, wooden cabinets, round mirror, wall-mounted shelves, wall-mounted cabinets, vertical shelves, cabinet doors, glass inserts, wooden frame, circular shape, marble countertop, integrated sink, smooth surface, wooden storage units, vertical storage, horizontal slats, vases, modern design, colorful, simple shapes, modern minimalist, indian influences"
"Storage Solutions","Shoe rack designs India",20,17,85,57.05,"enhanced_object_search",false,0,"https://solsticeprod.s3.ap-south-1.amazonaws.com/https%3A/%2Fap-south-1.console.aws.amazon.com/s3/buckets/solsticedev%3Fregion%3Dap-south-1%26bucketType%3Dgeneral%26prefix%3Dcms/%26showversions%3Dfalse/WhatsApp%20Image%202023-07-10%20at%2013.03.21%20%281%29.jpeg; https://solsticeprod.s3.ap-south-1.amazonaws.com/https%3A/%2Fap-south-1.console.aws.amazon.com/s3/buckets/solsticedev%3Fregion%3Dap-south-1%26bucketType%3Dgeneral%26prefix%3Dcms/%26showversions%3Dfalse/Screenshot%202024-07-11%20at%203.02.17%E2%80%AFPM.png; https://solsticeprod.s3.ap-south-1.amazonaws.com/https%3A/%2Fap-south-1.console.aws.amazon.com/s3/buckets/solsticedev%3Fregion%3Dap-south-1%26bucketType%3Dgeneral%26prefix%3Dcms/%26showversions%3Dfalse/WhatsApp%20Image%202023-07-10%20at%2013.03.28.jpeg; https://solsticeprod.s3.ap-south-1.amazonaws.com/https%3A/%2Fap-south-1.console.aws.amazon.com/s3/buckets/solsticedev%3Fregion%3Dap-south-1%26bucketType%3Dgeneral%26prefix%3Dcms/%26showversions%3Dfalse/Screenshot%202024-07-11%20at%203.02.06%E2%80%AFPM.png; https://solsticeprod.s3.ap-south-1.amazonaws.com/https%3A/%2Fap-south-1.console.aws.amazon.com/s3/buckets/solsticedev%3Fregion%3Dap-south-1%26bucketType%3Dgeneral%26prefix%3Dcms/%26showversions%3Dfalse/WhatsApp%20Image%202023-04-10%20at%209.47.33%20PM.jpeg; https://solsticeprod.s3.ap-south-1.amazonaws.com/https%3A/%2Fap-south-1.console.aws.amazon.com/s3/buckets/solsticedev%3Fregion%3Dap-south-1%26bucketType%3Dgeneral%26prefix%3Dcms/%26showversions%3Dfalse/WhatsApp%20Image%202023-04-10%20at%209.47.32%20PM%20%281%29.jpeg; https://solsticeprod.s3.ap-south-1.amazonaws.com/https%3A/%2Fap-south-1.console.aws.amazon.com/s3/buckets/solsticedev%3Fregion%3Dap-south-1%26bucketType%3Dgeneral%26prefix%3Dcms/%26showversions%3Dfalse/WhatsApp%20Image%202023-04-10%20at%209.49.55%20PM.jpeg; https://solsticeprod.s3.ap-south-1.amazonaws.com/https%3A/%2Fap-south-1.console.aws.amazon.com/s3/buckets/solsticedev%3Fregion%3Dap-south-1%26bucketType%3Dgeneral%26prefix%3Dcms/%26showversions%3Dfalse/WhatsApp%20Image%202023-04-10%20at%209.49.54%20PM%20%281%29.jpeg; https://solsticeprod.s3.ap-south-1.amazonaws.com/https%3A/%2Fap-south-1.console.aws.amazon.com/s3/buckets/solsticedev%3Fregion%3Dap-south-1%26bucketType%3Dgeneral%26prefix%3Dcms/%26showversions%3Dfalse/Screenshot%202024-07-11%20at%203.02.13%E2%80%AFPM.png; https://solsticeprod.s3.ap-south-1.amazonaws.com/https%3A/%2Fap-south-1.console.aws.amazon.com/s3/buckets/solsticedev%3Fregion%3Dap-south-1%26bucketType%3Dgeneral%26prefix%3Dcms/%26showversions%3Dfalse/Screenshot%202024-07-11%20at%201.23.08%E2%80%AFPM.png; https://solsticeprod.s3.ap-south-1.amazonaws.com/https%3A/%2Fap-south-1.console.aws.amazon.com/s3/buckets/solsticedev%3Fregion%3Dap-south-1%26bucketType%3Dgeneral%26prefix%3Dcms/%26showversions%3Dfalse/Screenshot%202024-07-11%20at%203.02.01%E2%80%AFPM.png; https://solsticeprod.s3.ap-south-1.amazonaws.com/https%3A/%2Fap-south-1.console.aws.amazon.com/s3/buckets/solsticedev%3Fregion%3Dap-south-1%26bucketType%3Dgeneral%26prefix%3Dcms/%26showversions%3Dfalse/Screenshot%202024-07-11%20at%203.01.08%E2%80%AFPM.png; https://solsticeprod.s3.ap-south-1.amazonaws.com/https%3A/%2Fap-south-1.console.aws.amazon.com/s3/buckets/solsticedev%3Fregion%3Dap-south-1%26bucketType%3Dgeneral%26prefix%3Dcms/%26showversions%3Dfalse/Screenshot%202024-07-11%20at%201.18.08%E2%80%AFPM.png; https://solsticeprod.s3.ap-south-1.amazonaws.com/https%3A/%2Fap-south-1.console.aws.amazon.com/s3/buckets/solsticedev%3Fregion%3Dap-south-1%26bucketType%3Dgeneral%26prefix%3Dcms/%26showversions%3Dfalse/3.jpg; https://solsticeprod.s3.ap-south-1.amazonaws.com/https%3A/%2Fap-south-1.console.aws.amazon.com/s3/buckets/solsticedev%3Fregion%3Dap-south-1%26bucketType%3Dgeneral%26prefix%3Dcms/%26showversions%3Dfalse/WhatsApp%20Image%202023-04-10%20at%209.47.21%20PM.jpeg; https://solsticeprod.s3.ap-south-1.amazonaws.com/https%3A/%2Fap-south-1.console.aws.amazon.com/s3/buckets/solsticedev%3Fregion%3Dap-south-1%26bucketType%3Dgeneral%26prefix%3Dcms/%26showversions%3Dfalse/WhatsApp%20Image%202023-04-10%20at%209.49.50%20PM%20%281%29.jpeg; https://solsticeprod.s3.ap-south-1.amazonaws.com/https%3A/%2Fap-south-1.console.aws.amazon.com/s3/buckets/solsticedev%3Fregion%3Dap-south-1%26bucketType%3Dgeneral%26prefix%3Dcms/%26showversions%3Dfalse/Screenshot%202024-07-11%20at%203.11.13%E2%80%AFPM.png; https://solsticeprod.s3.ap-south-1.amazonaws.com/https%3A/%2Fap-south-1.console.aws.amazon.com/s3/buckets/solsticedev%3Fregion%3Dap-south-1%26bucketType%3Dgeneral%26prefix%3Dcms/%26showversions%3Dfalse/Screenshot%202024-07-11%20at%203.02.26%E2%80%AFPM.png; https://solsticeprod.s3.ap-south-1.amazonaws.com/https%3A/%2Fap-south-1.console.aws.amazon.com/s3/buckets/solsticedev%3Fregion%3Dap-south-1%26bucketType%3Dgeneral%26prefix%3Dcms/%26showversions%3Dfalse/Screenshot%202024-07-11%20at%203.12.04%E2%80%AFPM.png; https://solsticeprod.s3.ap-south-1.amazonaws.com/https%3A/%2Fap-south-1.console.aws.amazon.com/s3/buckets/solsticedev%3Fregion%3Dap-south-1%26bucketType%3Dgeneral%26prefix%3Dcms/%26showversions%3Dfalse/Screenshot%202024-07-11%20at%203.01.48%E2%80%AFPM.png","walls","contemporary","{}","walls, contemporary, wall space used for decorative elements, likely serving as a focal point, white, brown, beige, dark brown, painted gypsum, wood, metallic, plastic, painted wall panels, ceiling with geometric patterns, modern lighting, ceiling, painted with geometric patterns, likely inspired by traditional indian designs, wall, paneling of wooden slats, ceiling light, modern light fixture, possibly led or fluorescent, contemporary design, geometric patterns, geometric ceiling, teak wood paneling, interior design"
"Storage Solutions","Bookshelf designs",6,1,16.67,15.17,"enhanced_object_search",false,0,"https://solsticeprod.s3.ap-south-1.amazonaws.com/https%3A/%2Fap-south-1.console.aws.amazon.com/s3/buckets/solsticedev%3Fregion%3Dap-south-1%26bucketType%3Dgeneral%26prefix%3Dcms/%26showversions%3Dfalse/Screenshot%202024-07-11%20at%201.18.03%E2%80%AFPM.png; https://solsticeprod.s3.ap-south-1.amazonaws.com/https%3A/%2Fap-south-1.console.aws.amazon.com/s3/buckets/solsticedev%3Fregion%3Dap-south-1%26bucketType%3Dgeneral%26prefix%3Dcms/%26showversions%3Dfalse/Screenshot%202024-07-11%20at%203.02.17%E2%80%AFPM.png; https://solsticeprod.s3.ap-south-1.amazonaws.com/https%3A/%2Fap-south-1.console.aws.amazon.com/s3/buckets/solsticedev%3Fregion%3Dap-south-1%26bucketType%3Dgeneral%26prefix%3Dcms/%26showversions%3Dfalse/WhatsApp%20Image%202023-07-10%20at%2013.03.21%20%281%29.jpeg; https://solsticeprod.s3.ap-south-1.amazonaws.com/https%3A/%2Fap-south-1.console.aws.amazon.com/s3/buckets/solsticedev%3Fregion%3Dap-south-1%26bucketType%3Dgeneral%26prefix%3Dcms/%26showversions%3Dfalse/WhatsApp%20Image%202023-07-10%20at%2013.03.28.jpeg; https://solsticeprod.s3.ap-south-1.amazonaws.com/https%3A/%2Fap-south-1.console.aws.amazon.com/s3/buckets/solsticedev%3Fregion%3Dap-south-1%26bucketType%3Dgeneral%26prefix%3Dcms/%26showversions%3Dfalse/WhatsApp%20Image%202023-04-10%20at%209.49.55%20PM.jpeg; https://solsticeprod.s3.ap-south-1.amazonaws.com/https%3A/%2Fap-south-1.console.aws.amazon.com/s3/buckets/solsticedev%3Fregion%3Dap-south-1%26bucketType%3Dgeneral%26prefix%3Dcms/%26showversions%3Dfalse/Screenshot%202024-07-11%20at%201.23.36%E2%80%AFPM.png","living room","contemporary minimalist with indian influences","{}","living room, contemporary minimalist with indian influences, efficient use of space with open shelving, white, brown, gold, green, marble, wood, metal, tv unit, bookshelf, ceiling lights, marble top, wood panels, embedded lighting, shelving, open shelves, dark finish, gold trim, minimalist, indian influences, contemporary design"
"Storage Solutions","Display unit designs India",20,18,90,68.1,"enhanced_object_search",false,0,"https://solsticeprod.s3.ap-south-1.amazonaws.com/https%3A/%2Fap-south-1.console.aws.amazon.com/s3/buckets/solsticedev%3Fregion%3Dap-south-1%26bucketType%3Dgeneral%26prefix%3Dcms/%26showversions%3Dfalse/Screenshot%202024-07-11%20at%201.18.16%E2%80%AFPM.png; https://solsticeprod.s3.ap-south-1.amazonaws.com/https%3A/%2Fap-south-1.console.aws.amazon.com/s3/buckets/solsticedev%3Fregion%3Dap-south-1%26bucketType%3Dgeneral%26prefix%3Dcms/%26showversions%3Dfalse/Screenshot%202024-07-11%20at%201.18.08%E2%80%AFPM.png; https://solsticeprod.s3.ap-south-1.amazonaws.com/https%3A/%2Fap-south-1.console.aws.amazon.com/s3/buckets/solsticedev%3Fregion%3Dap-south-1%26bucketType%3Dgeneral%26prefix%3Dcms/%26showversions%3Dfalse/Screenshot%202024-07-11%20at%203.11.13%E2%80%AFPM.png; https://solsticeprod.s3.ap-south-1.amazonaws.com/https%3A/%2Fap-south-1.console.aws.amazon.com/s3/buckets/solsticedev%3Fregion%3Dap-south-1%26bucketType%3Dgeneral%26prefix%3Dcms/%26showversions%3Dfalse/Screenshot%202024-07-11%20at%203.01.08%E2%80%AFPM.png; https://solsticeprod.s3.ap-south-1.amazonaws.com/https%3A/%2Fap-south-1.console.aws.amazon.com/s3/buckets/solsticedev%3Fregion%3Dap-south-1%26bucketType%3Dgeneral%26prefix%3Dcms/%26showversions%3Dfalse/Screenshot%202024-07-11%20at%201.18.03%E2%80%AFPM.png; https://solsticeprod.s3.ap-south-1.amazonaws.com/https%3A/%2Fap-south-1.console.aws.amazon.com/s3/buckets/solsticedev%3Fregion%3Dap-south-1%26bucketType%3Dgeneral%26prefix%3Dcms/%26showversions%3Dfalse/WhatsApp%20Image%202023-07-10%20at%2013.03.21%20%281%29.jpeg; https://solsticeprod.s3.ap-south-1.amazonaws.com/https%3A/%2Fap-south-1.console.aws.amazon.com/s3/buckets/solsticedev%3Fregion%3Dap-south-1%26bucketType%3Dgeneral%26prefix%3Dcms/%26showversions%3Dfalse/Screenshot%202024-07-11%20at%203.02.17%E2%80%AFPM.png; https://solsticeprod.s3.ap-south-1.amazonaws.com/https%3A/%2Fap-south-1.console.aws.amazon.com/s3/buckets/solsticedev%3Fregion%3Dap-south-1%26bucketType%3Dgeneral%26prefix%3Dcms/%26showversions%3Dfalse/WhatsApp%20Image%202023-04-10%20at%209.49.50%20PM%20%281%29.jpeg; https://solsticeprod.s3.ap-south-1.amazonaws.com/https%3A/%2Fap-south-1.console.aws.amazon.com/s3/buckets/solsticedev%3Fregion%3Dap-south-1%26bucketType%3Dgeneral%26prefix%3Dcms/%26showversions%3Dfalse/Screenshot%202024-07-11%20at%203.02.26%E2%80%AFPM.png; https://solsticeprod.s3.ap-south-1.amazonaws.com/https%3A/%2Fap-south-1.console.aws.amazon.com/s3/buckets/solsticedev%3Fregion%3Dap-south-1%26bucketType%3Dgeneral%26prefix%3Dcms/%26showversions%3Dfalse/WhatsApp%20Image%202023-04-10%20at%209.47.21%20PM.jpeg; https://solsticeprod.s3.ap-south-1.amazonaws.com/https%3A/%2Fap-south-1.console.aws.amazon.com/s3/buckets/solsticedev%3Fregion%3Dap-south-1%26bucketType%3Dgeneral%26prefix%3Dcms/%26showversions%3Dfalse/WhatsApp%20Image%202023-07-10%20at%2013.03.28.jpeg; https://solsticeprod.s3.ap-south-1.amazonaws.com/https%3A/%2Fap-south-1.console.aws.amazon.com/s3/buckets/solsticedev%3Fregion%3Dap-south-1%26bucketType%3Dgeneral%26prefix%3Dcms/%26showversions%3Dfalse/WhatsApp%20Image%202023-04-10%20at%209.49.55%20PM.jpeg; https://solsticeprod.s3.ap-south-1.amazonaws.com/https%3A/%2Fap-south-1.console.aws.amazon.com/s3/buckets/solsticedev%3Fregion%3Dap-south-1%26bucketType%3Dgeneral%26prefix%3Dcms/%26showversions%3Dfalse/Screenshot%202024-07-11%20at%203.02.06%E2%80%AFPM.png; https://solsticeprod.s3.ap-south-1.amazonaws.com/https%3A/%2Fap-south-1.console.aws.amazon.com/s3/buckets/solsticedev%3Fregion%3Dap-south-1%26bucketType%3Dgeneral%26prefix%3Dcms/%26showversions%3Dfalse/Screenshot%202024-07-11%20at%201.23.08%E2%80%AFPM.png; https://solsticeprod.s3.ap-south-1.amazonaws.com/https%3A/%2Fap-south-1.console.aws.amazon.com/s3/buckets/solsticedev%3Fregion%3Dap-south-1%26bucketType%3Dgeneral%26prefix%3Dcms/%26showversions%3Dfalse/Screenshot%202024-07-11%20at%203.02.13%E2%80%AFPM.png; https://solsticeprod.s3.ap-south-1.amazonaws.com/https%3A/%2Fap-south-1.console.aws.amazon.com/s3/buckets/solsticedev%3Fregion%3Dap-south-1%26bucketType%3Dgeneral%26prefix%3Dcms/%26showversions%3Dfalse/WhatsApp%20Image%202023-04-10%20at%209.47.32%20PM%20%281%29.jpeg; https://solsticeprod.s3.ap-south-1.amazonaws.com/https%3A/%2Fap-south-1.console.aws.amazon.com/s3/buckets/solsticedev%3Fregion%3Dap-south-1%26bucketType%3Dgeneral%26prefix%3Dcms/%26showversions%3Dfalse/Screenshot%202024-07-11%20at%201.23.36%E2%80%AFPM.png; https://solsticeprod.s3.ap-south-1.amazonaws.com/https%3A/%2Fap-south-1.console.aws.amazon.com/s3/buckets/solsticedev%3Fregion%3Dap-south-1%26bucketType%3Dgeneral%26prefix%3Dcms/%26showversions%3Dfalse/WhatsApp%20Image%202023-04-10%20at%209.47.30%20PM.jpeg; https://solsticeprod.s3.ap-south-1.amazonaws.com/https%3A/%2Fap-south-1.console.aws.amazon.com/s3/buckets/solsticedev%3Fregion%3Dap-south-1%26bucketType%3Dgeneral%26prefix%3Dcms/%26showversions%3Dfalse/Screenshot%202024-07-11%20at%201.18.49%E2%80%AFPM.png; https://solsticeprod.s3.ap-south-1.amazonaws.com/https%3A/%2Fap-south-1.console.aws.amazon.com/s3/buckets/solsticedev%3Fregion%3Dap-south-1%26bucketType%3Dgeneral%26prefix%3Dcms/%26showversions%3Dfalse/WhatsApp%20Image%202023-04-10%20at%209.47.33%20PM.jpeg","entryway/bathroom","modern minimalist with indian influences","{}","entryway/bathroom, modern minimalist with indian influences, efficient use of vertical space, white, brown, marble, gold, gray, wood, metal, ceramic, marble flooring, wooden cabinets, round mirror, wall-mounted shelves, wall-mounted cabinets, vertical shelves, cabinet doors, glass inserts, wooden frame, circular shape, marble countertop, integrated sink, smooth surface, wooden storage units, vertical storage, horizontal slats, vases, modern design, colorful, simple shapes, modern minimalist, indian influences"
"Storage Solutions","Storage cabinet designs",3,3,100,81.51,"focused_room_search",false,0,"https://solsticeprod.s3.ap-south-1.amazonaws.com/https%3A/%2Fap-south-1.console.aws.amazon.com/s3/buckets/solsticedev%3Fregion%3Dap-south-1%26bucketType%3Dgeneral%26prefix%3Dcms/%26showversions%3Dfalse/WhatsApp%20Image%202023-04-10%20at%209.49.54%20PM%20%282%29.jpeg; https://solsticeprod.s3.ap-south-1.amazonaws.com/https%3A/%2Fap-south-1.console.aws.amazon.com/s3/buckets/solsticedev%3Fregion%3Dap-south-1%26bucketType%3Dgeneral%26prefix%3Dcms/%26showversions%3Dfalse/WhatsApp%20Image%202023-04-10%20at%209.49.50%20PM%20%281%29.jpeg; https://solsticeprod.s3.ap-south-1.amazonaws.com/https%3A/%2Fap-south-1.console.aws.amazon.com/s3/buckets/solsticedev%3Fregion%3Dap-south-1%26bucketType%3Dgeneral%26prefix%3Dcms/%26showversions%3Dfalse/WhatsApp%20Image%202023-04-10%20at%209.47.33%20PM.jpeg","Closet","Bright, playful","{"colors":["Blue","Yellow","Red","White","Green"],"materials":["Painted wood/MDF"],"primary_features":["Blue cabinetry","Decorative cartoon murals","Storage shelves"],"object_types":["Cabinet"],"object_features":["Closed doors with cartoon images","Silver handles"],"object_materials":["Painted wood or MDF"]}","closet, bright, playful, efficient use of storage with open shelves and closed doors, blue, yellow, red, white, green, painted wood/mdf, blue cabinetry, decorative cartoon murals, storage shelves, cabinet, closed doors with cartoon images, silver handles"
"Storage Solutions","Wall mounted storage designs",3,3,100,65.55,"focused_room_search",false,0,"https://solsticeprod.s3.ap-south-1.amazonaws.com/https%3A/%2Fap-south-1.console.aws.amazon.com/s3/buckets/solsticedev%3Fregion%3Dap-south-1%26bucketType%3Dgeneral%26prefix%3Dcms/%26showversions%3Dfalse/WhatsApp%20Image%202023-04-10%20at%209.49.50%20PM%20%281%29.jpeg; https://solsticeprod.s3.ap-south-1.amazonaws.com/https%3A/%2Fap-south-1.console.aws.amazon.com/s3/buckets/solsticedev%3Fregion%3Dap-south-1%26bucketType%3Dgeneral%26prefix%3Dcms/%26showversions%3Dfalse/WhatsApp%20Image%202023-04-10%20at%209.49.54%20PM%20%282%29.jpeg; https://solsticeprod.s3.ap-south-1.amazonaws.com/https%3A/%2Fap-south-1.console.aws.amazon.com/s3/buckets/solsticedev%3Fregion%3Dap-south-1%26bucketType%3Dgeneral%26prefix%3Dcms/%26showversions%3Dfalse/WhatsApp%20Image%202023-04-10%20at%209.47.33%20PM.jpeg","closet","contemporary","{"colors":["green, white, yellow, brown, black"],"materials":["wood, plastic, laminate, painted or lacquered wood"],"primary_features":["sliding wardrobe doors","green cabinet with silver handles","wooden door","green shelves","patterned wallpaper"],"object_types":["sliding wardrobe doors","green cabinet","wooden door","green shelves"],"object_features":["floral patterned design with calla lily motifs","cabinet doors with modern silver handles","horizontal wood grain pattern","simple design with green color matching cabinetry"],"object_materials":["likely plastic or laminate for the wallpaper","likely painted or lacquered wood or MDF for the cabinet body","solid wood","likely painted or lacquered wood or MDF"]}","closet, contemporary, efficient use of space with storage and display shelves, green, white, yellow, brown, black, wood, plastic, laminate, painted or lacquered wood, sliding wardrobe doors, green cabinet with silver handles, wooden door, green shelves, patterned wallpaper, floral patterned design with calla lily motifs, green cabinet, cabinet doors with modern silver handles, horizontal wood grain pattern, simple design with green color matching cabinetry, modern, green, floral, indian elements, efficient storage"
"Storage Solutions","Corner storage designs India",4,3,75,57.74,"focused_room_search",false,0,"https://solsticeprod.s3.ap-south-1.amazonaws.com/https%3A/%2Fap-south-1.console.aws.amazon.com/s3/buckets/solsticedev%3Fregion%3Dap-south-1%26bucketType%3Dgeneral%26prefix%3Dcms/%26showversions%3Dfalse/Screenshot%202024-07-11%20at%203.02.26%E2%80%AFPM.png; https://solsticeprod.s3.ap-south-1.amazonaws.com/https%3A/%2Fap-south-1.console.aws.amazon.com/s3/buckets/solsticedev%3Fregion%3Dap-south-1%26bucketType%3Dgeneral%26prefix%3Dcms/%26showversions%3Dfalse/WhatsApp%20Image%202023-07-10%20at%2013.03.28.jpeg; https://solsticeprod.s3.ap-south-1.amazonaws.com/https%3A/%2Fap-south-1.console.aws.amazon.com/s3/buckets/solsticedev%3Fregion%3Dap-south-1%26bucketType%3Dgeneral%26prefix%3Dcms/%26showversions%3Dfalse/WhatsApp%20Image%202023-07-10%20at%2013.03.28.jpeg; https://solsticeprod.s3.ap-south-1.amazonaws.com/https%3A/%2Fap-south-1.console.aws.amazon.com/s3/buckets/solsticedev%3Fregion%3Dap-south-1%26bucketType%3Dgeneral%26prefix%3Dcms/%26showversions%3Dfalse/Screenshot%202024-07-11%20at%201.18.29%E2%80%AFPM.png","worship room","contemporary with traditional Indian elements","{"colors":["white","gold","brown","colorful religious icons"],"materials":["wood","glass","metal"],"primary_features":["glass doors with decorative cutouts","carved wooden elements","religious icons"],"object_types":["pooja cabinet"],"object_features":["glass doors with decorative cutouts","carved wooden elements","religious icons"],"object_materials":["wood","glass","metal"]}","worship room, contemporary with traditional indian elements, efficient use of vertical space for storage and display, white, gold, brown, colorful religious icons, wood, glass, metal, glass doors with decorative cutouts, carved wooden elements, religious icons, pooja cabinet"
"Storage Solutions","Multipurpose storage designs",3,2,66.67,46.67,"focused_room_search",false,0,"https://solsticeprod.s3.ap-south-1.amazonaws.com/https%3A/%2Fap-south-1.console.aws.amazon.com/s3/buckets/solsticedev%3Fregion%3Dap-south-1%26bucketType%3Dgeneral%26prefix%3Dcms/%26showversions%3Dfalse/WhatsApp%20Image%202023-04-10%20at%209.47.33%20PM.jpeg; https://solsticeprod.s3.ap-south-1.amazonaws.com/https%3A/%2Fap-south-1.console.aws.amazon.com/s3/buckets/solsticedev%3Fregion%3Dap-south-1%26bucketType%3Dgeneral%26prefix%3Dcms/%26showversions%3Dfalse/WhatsApp%20Image%202023-04-10%20at%209.49.54%20PM%20%282%29.jpeg; https://solsticeprod.s3.ap-south-1.amazonaws.com/https%3A/%2Fap-south-1.console.aws.amazon.com/s3/buckets/solsticedev%3Fregion%3Dap-south-1%26bucketType%3Dgeneral%26prefix%3Dcms/%26showversions%3Dfalse/WhatsApp%20Image%202023-04-10%20at%209.49.50%20PM%20%281%29.jpeg","Walk-in wardrobe","Modern Indian design with traditional influences","{"colors":["White","Green","Yellow","Pink"],"materials":["MDF, Paint"],"primary_features":["Built-in wardrobe with multiple storage compartments","Compact organization","Integrated lighting"],"object_types":["Built-in wardrobe"],"object_features":["Multiple compartments for storage","Integrated mirror","Built-in desk space"],"object_materials":["MDF or similar","Painted finish"]}","walk-in wardrobe, modern indian design with traditional influences, efficient use of space with built-in storage, white, green, yellow, pink, mdf, paint, built-in wardrobe with multiple storage compartments, compact organization, integrated lighting, built-in wardrobe, multiple compartments for storage, integrated mirror, built-in desk space, indian interior design, modern indian style, built-in storage, compact design, colorful palette"
"Storage Solutions","Hidden storage solutions India",2,2,100,85.53,"focused_room_search",false,0,"https://solsticeprod.s3.ap-south-1.amazonaws.com/https%3A/%2Fap-south-1.console.aws.amazon.com/s3/buckets/solsticedev%3Fregion%3Dap-south-1%26bucketType%3Dgeneral%26prefix%3Dcms/%26showversions%3Dfalse/WhatsApp%20Image%202023-04-10%20at%209.47.33%20PM.jpeg; https://solsticeprod.s3.ap-south-1.amazonaws.com/https%3A/%2Fap-south-1.console.aws.amazon.com/s3/buckets/solsticedev%3Fregion%3Dap-south-1%26bucketType%3Dgeneral%26prefix%3Dcms/%26showversions%3Dfalse/WhatsApp%20Image%202023-04-10%20at%209.49.50%20PM%20%281%29.jpeg","Walk-in wardrobe","Modern Indian design with traditional influences","{"colors":["White","Green","Yellow","Pink"],"materials":["MDF, Paint"],"primary_features":["Built-in wardrobe with multiple storage compartments","Compact organization","Integrated lighting"],"object_types":["Built-in wardrobe"],"object_features":["Multiple compartments for storage","Integrated mirror","Built-in desk space"],"object_materials":["MDF or similar","Painted finish"]}","walk-in wardrobe, modern indian design with traditional influences, efficient use of space with built-in storage, white, green, yellow, pink, mdf, paint, built-in wardrobe with multiple storage compartments, compact organization, integrated lighting, built-in wardrobe, multiple compartments for storage, integrated mirror, built-in desk space, indian interior design, modern indian style, built-in storage, compact design, colorful palette"
"Study & Office","Study table designs India",1,0,0,0,"focused_room_search",false,0,"https://solsticeprod.s3.ap-south-1.amazonaws.com/https%3A/%2Fap-south-1.console.aws.amazon.com/s3/buckets/solsticedev%3Fregion%3Dap-south-1%26bucketType%3Dgeneral%26prefix%3Dcms/%26showversions%3Dfalse/Screenshot%202024-07-11%20at%201.23.36%E2%80%AFPM.png","home office","modern minimalist","{"colors":["white","light oak","gray","beige"],"materials":["wood","metal","fabric"],"primary_features":["integrated workspace with built-in storage","customized shelving units","modern desk and chair"],"object_types":["desk","chair"],"object_features":["light wood finish","cabinet storage underneath","matching built-in shelving above","fabric upholstery","wooden base","ergonomic design"],"object_materials":["wood","painted metal","fabric","wood"]}","home office, modern minimalist, efficient use of wall space for storage and functional desk space, white, light oak, gray, beige, wood, metal, fabric, integrated workspace with built-in storage, customized shelving units, modern desk and chair, desk, light wood finish, cabinet storage underneath, matching built-in shelving above, chair, fabric upholstery, wooden base, ergonomic design"
"Study & Office","Home office designs",1,1,100,100,"focused_room_search",false,0,"https://solsticeprod.s3.ap-south-1.amazonaws.com/https%3A/%2Fap-south-1.console.aws.amazon.com/s3/buckets/solsticedev%3Fregion%3Dap-south-1%26bucketType%3Dgeneral%26prefix%3Dcms/%26showversions%3Dfalse/Screenshot%202024-07-11%20at%201.23.36%E2%80%AFPM.png","home office","modern minimalist","{"colors":["white","light oak","gray","beige"],"materials":["wood","metal","fabric"],"primary_features":["integrated workspace with built-in storage","customized shelving units","modern desk and chair"],"object_types":["desk","chair"],"object_features":["light wood finish","cabinet storage underneath","matching built-in shelving above","fabric upholstery","wooden base","ergonomic design"],"object_materials":["wood","painted metal","fabric","wood"]}","home office, modern minimalist, efficient use of wall space for storage and functional desk space, white, light oak, gray, beige, wood, metal, fabric, integrated workspace with built-in storage, customized shelving units, modern desk and chair, desk, light wood finish, cabinet storage underneath, matching built-in shelving above, chair, fabric upholstery, wooden base, ergonomic design"
"Study & Office","Computer table designs",14,1,7.14,27.93,"enhanced_object_search",false,0,"https://solsticeprod.s3.ap-south-1.amazonaws.com/https%3A/%2Fap-south-1.console.aws.amazon.com/s3/buckets/solsticedev%3Fregion%3Dap-south-1%26bucketType%3Dgeneral%26prefix%3Dcms/%26showversions%3Dfalse/Screenshot%202024-07-11%20at%201.23.08%E2%80%AFPM.png; https://solsticeprod.s3.ap-south-1.amazonaws.com/https%3A/%2Fap-south-1.console.aws.amazon.com/s3/buckets/solsticedev%3Fregion%3Dap-south-1%26bucketType%3Dgeneral%26prefix%3Dcms/%26showversions%3Dfalse/3-2.jpg; https://solsticeprod.s3.ap-south-1.amazonaws.com/https%3A/%2Fap-south-1.console.aws.amazon.com/s3/buckets/solsticedev%3Fregion%3Dap-south-1%26bucketType%3Dgeneral%26prefix%3Dcms/%26showversions%3Dfalse/Screenshot%202024-07-11%20at%203.01.08%E2%80%AFPM.png; https://solsticeprod.s3.ap-south-1.amazonaws.com/https%3A/%2Fap-south-1.console.aws.amazon.com/s3/buckets/solsticedev%3Fregion%3Dap-south-1%26bucketType%3Dgeneral%26prefix%3Dcms/%26showversions%3Dfalse/Screenshot%202024-07-11%20at%203.02.17%E2%80%AFPM.png; https://solsticeprod.s3.ap-south-1.amazonaws.com/https%3A/%2Fap-south-1.console.aws.amazon.com/s3/buckets/solsticedev%3Fregion%3Dap-south-1%26bucketType%3Dgeneral%26prefix%3Dcms/%26showversions%3Dfalse/Screenshot%202024-07-11%20at%201.23.18%E2%80%AFPM.png; https://solsticeprod.s3.ap-south-1.amazonaws.com/https%3A/%2Fap-south-1.console.aws.amazon.com/s3/buckets/solsticedev%3Fregion%3Dap-south-1%26bucketType%3Dgeneral%26prefix%3Dcms/%26showversions%3Dfalse/Screenshot%202024-07-11%20at%203.11.13%E2%80%AFPM.png; https://solsticeprod.s3.ap-south-1.amazonaws.com/https%3A/%2Fap-south-1.console.aws.amazon.com/s3/buckets/solsticedev%3Fregion%3Dap-south-1%26bucketType%3Dgeneral%26prefix%3Dcms/%26showversions%3Dfalse/ABN00593.JPG; https://solsticeprod.s3.ap-south-1.amazonaws.com/https%3A/%2Fap-south-1.console.aws.amazon.com/s3/buckets/solsticedev%3Fregion%3Dap-south-1%26bucketType%3Dgeneral%26prefix%3Dcms/%26showversions%3Dfalse/ABN00623.JPG; https://solsticeprod.s3.ap-south-1.amazonaws.com/https%3A/%2Fap-south-1.console.aws.amazon.com/s3/buckets/solsticedev%3Fregion%3Dap-south-1%26bucketType%3Dgeneral%26prefix%3Dcms/%26showversions%3Dfalse/Screenshot%202024-07-11%20at%201.18.08%E2%80%AFPM.png; https://solsticeprod.s3.ap-south-1.amazonaws.com/https%3A/%2Fap-south-1.console.aws.amazon.com/s3/buckets/solsticedev%3Fregion%3Dap-south-1%26bucketType%3Dgeneral%26prefix%3Dcms/%26showversions%3Dfalse/ABN00678.JPG; https://solsticeprod.s3.ap-south-1.amazonaws.com/https%3A/%2Fap-south-1.console.aws.amazon.com/s3/buckets/solsticedev%3Fregion%3Dap-south-1%26bucketType%3Dgeneral%26prefix%3Dcms/%26showversions%3Dfalse/ABN00681.JPG; https://solsticeprod.s3.ap-south-1.amazonaws.com/https%3A/%2Fap-south-1.console.aws.amazon.com/s3/buckets/solsticedev%3Fregion%3Dap-south-1%26bucketType%3Dgeneral%26prefix%3Dcms/%26showversions%3Dfalse/ABN00640.JPG; https://solsticeprod.s3.ap-south-1.amazonaws.com/https%3A/%2Fap-south-1.console.aws.amazon.com/s3/buckets/solsticedev%3Fregion%3Dap-south-1%26bucketType%3Dgeneral%26prefix%3Dcms/%26showversions%3Dfalse/WhatsApp%20Image%202023-07-10%20at%2013.03.21%20%281%29.jpeg; https://solsticeprod.s3.ap-south-1.amazonaws.com/https%3A/%2Fap-south-1.console.aws.amazon.com/s3/buckets/solsticedev%3Fregion%3Dap-south-1%26bucketType%3Dgeneral%26prefix%3Dcms/%26showversions%3Dfalse/WhatsApp%20Image%202023-07-10%20at%2013.03.28.jpeg","living room with integrated dining area","contemporary indian","{}","living room with integrated dining area, contemporary indian, efficient use of open space with minimal partitions, gray, white, gold, dark gray, green, glass, wood, metal, marble, fabric, modern furniture, open space layout, decorative elements, sofa, tufted design, light gray upholstery, coffee table, glass top, curved wooden base, dining set, marble top table, gold metal frame, white upholstered chairs, wall decor, metal starburst design, wall cabinet, glass doors, open shelves, living room, modern indian, contemporary design, open space, neutral color palette"
"Study & Office","Study room furniture designs",1,0,0,0,"focused_room_search",false,0,"https://solsticeprod.s3.ap-south-1.amazonaws.com/https%3A/%2Fap-south-1.console.aws.amazon.com/s3/buckets/solsticedev%3Fregion%3Dap-south-1%26bucketType%3Dgeneral%26prefix%3Dcms/%26showversions%3Dfalse/Screenshot%202024-07-11%20at%201.23.36%E2%80%AFPM.png","home office","modern minimalist","{"colors":["white","light oak","gray","beige"],"materials":["wood","metal","fabric"],"primary_features":["integrated workspace with built-in storage","customized shelving units","modern desk and chair"],"object_types":["desk","chair"],"object_features":["light wood finish","cabinet storage underneath","matching built-in shelving above","fabric upholstery","wooden base","ergonomic design"],"object_materials":["wood","painted metal","fabric","wood"]}","home office, modern minimalist, efficient use of wall space for storage and functional desk space, white, light oak, gray, beige, wood, metal, fabric, integrated workspace with built-in storage, customized shelving units, modern desk and chair, desk, light wood finish, cabinet storage underneath, matching built-in shelving above, chair, fabric upholstery, wooden base, ergonomic design"
"Study & Office","Office chair designs India",1,1,100,100,"focused_room_search",false,0,"https://solsticeprod.s3.ap-south-1.amazonaws.com/https%3A/%2Fap-south-1.console.aws.amazon.com/s3/buckets/solsticedev%3Fregion%3Dap-south-1%26bucketType%3Dgeneral%26prefix%3Dcms/%26showversions%3Dfalse/Screenshot%202024-07-11%20at%201.23.36%E2%80%AFPM.png","home office","modern minimalist","{"colors":["white","light oak","gray","beige"],"materials":["wood","metal","fabric"],"primary_features":["integrated workspace with built-in storage","customized shelving units","modern desk and chair"],"object_types":["desk","chair"],"object_features":["light wood finish","cabinet storage underneath","matching built-in shelving above","fabric upholstery","wooden base","ergonomic design"],"object_materials":["wood","painted metal","fabric","wood"]}","home office, modern minimalist, efficient use of wall space for storage and functional desk space, white, light oak, gray, beige, wood, metal, fabric, integrated workspace with built-in storage, customized shelving units, modern desk and chair, desk, light wood finish, cabinet storage underneath, matching built-in shelving above, chair, fabric upholstery, wooden base, ergonomic design"
"Study & Office","Bookshelf designs for study",2,0,0,22.5,"focused_room_search",false,0,"https://solsticeprod.s3.ap-south-1.amazonaws.com/https%3A/%2Fap-south-1.console.aws.amazon.com/s3/buckets/solsticedev%3Fregion%3Dap-south-1%26bucketType%3Dgeneral%26prefix%3Dcms/%26showversions%3Dfalse/WhatsApp%20Image%202023-04-10%20at%209.49.55%20PM.jpeg; https://solsticeprod.s3.ap-south-1.amazonaws.com/https%3A/%2Fap-south-1.console.aws.amazon.com/s3/buckets/solsticedev%3Fregion%3Dap-south-1%26bucketType%3Dgeneral%26prefix%3Dcms/%26showversions%3Dfalse/ABN00623.JPG","Entryway/Dining Area","Contemporary Indian","{"colors":["White (walls)","Dark brown (partition, furniture)","Purple (pillow)","Multicolor (wall panel)"],"materials":["Wood","Metal","Marble"],"primary_features":["Carved wooden partition","Modern furniture","Decorative elements"],"object_types":["Carved wooden partition","Cabinet","Sink"],"object_features":["Decorative cut-out patterns","Modern design","Modern design","Dark finish","Modern design"],"object_materials":["Wood (dark stained)","Wood (dark stained)","Metallic surface"]}","entryway/dining area, contemporary indian, efficient use of space with a partition for aesthetic and functional separation, white (walls), dark brown (partition, furniture), purple (pillow), multicolor (wall panel), wood, metal, marble, carved wooden partition, modern furniture, decorative elements, decorative cut-out patterns, modern design, cabinet, dark finish, sink"
"Study & Office","Study room storage designs",1,1,100,55,"focused_room_search",false,0,"https://solsticeprod.s3.ap-south-1.amazonaws.com/https%3A/%2Fap-south-1.console.aws.amazon.com/s3/buckets/solsticedev%3Fregion%3Dap-south-1%26bucketType%3Dgeneral%26prefix%3Dcms/%26showversions%3Dfalse/Screenshot%202024-07-11%20at%201.23.36%E2%80%AFPM.png","home office","modern minimalist","{"colors":["white","light oak","gray","beige"],"materials":["wood","metal","fabric"],"primary_features":["integrated workspace with built-in storage","customized shelving units","modern desk and chair"],"object_types":["desk","chair"],"object_features":["light wood finish","cabinet storage underneath","matching built-in shelving above","fabric upholstery","wooden base","ergonomic design"],"object_materials":["wood","painted metal","fabric","wood"]}","home office, modern minimalist, efficient use of wall space for storage and functional desk space, white, light oak, gray, beige, wood, metal, fabric, integrated workspace with built-in storage, customized shelving units, modern desk and chair, desk, light wood finish, cabinet storage underneath, matching built-in shelving above, chair, fabric upholstery, wooden base, ergonomic design"
"Study & Office","Work from home setup designs",4,0,0,0.06,"focused_room_search",false,0,"https://solsticeprod.s3.ap-south-1.amazonaws.com/https%3A/%2Fap-south-1.console.aws.amazon.com/s3/buckets/solsticedev%3Fregion%3Dap-south-1%26bucketType%3Dgeneral%26prefix%3Dcms/%26showversions%3Dfalse/Screenshot%202024-07-11%20at%201.18.29%E2%80%AFPM.png; https://solsticeprod.s3.ap-south-1.amazonaws.com/https%3A/%2Fap-south-1.console.aws.amazon.com/s3/buckets/solsticedev%3Fregion%3Dap-south-1%26bucketType%3Dgeneral%26prefix%3Dcms/%26showversions%3Dfalse/WhatsApp%20Image%202023-07-10%20at%2013.03.28.jpeg; https://solsticeprod.s3.ap-south-1.amazonaws.com/https%3A/%2Fap-south-1.console.aws.amazon.com/s3/buckets/solsticedev%3Fregion%3Dap-south-1%26bucketType%3Dgeneral%26prefix%3Dcms/%26showversions%3Dfalse/WhatsApp%20Image%202023-07-10%20at%2013.03.28.jpeg; https://solsticeprod.s3.ap-south-1.amazonaws.com/https%3A/%2Fap-south-1.console.aws.amazon.com/s3/buckets/solsticedev%3Fregion%3Dap-south-1%26bucketType%3Dgeneral%26prefix%3Dcms/%26showversions%3Dfalse/Screenshot%202024-07-11%20at%203.02.26%E2%80%AFPM.png","Pooja room","Modern Indian","{"colors":["White","Black","Wooden tone","Gold"],"materials":["Marble","Wood","Metal","Glass"],"primary_features":["Swastik symbol","Pooja cabinet with lattice design","Marble flooring","Wooden cabinets"],"object_types":["Pooja cabinet"],"object_features":["Lattice design on glass panels","Carved OM symbol","Swastik symbol"],"object_materials":["Wood","Glass","Metal"]}","pooja room, modern indian, efficient use of vertical space with cabinet doors behind wall, white, black, wooden tone, gold, marble, wood, metal, glass, swastik symbol, pooja cabinet with lattice design, marble flooring, wooden cabinets, pooja cabinet, lattice design on glass panels, carved om symbol"
"Kids Room","Kids bedroom furniture designs",9,9,100,84.44,"focused_room_search",false,0,"https://solsticeprod.s3.ap-south-1.amazonaws.com/https%3A/%2Fap-south-1.console.aws.amazon.com/s3/buckets/solsticedev%3Fregion%3Dap-south-1%26bucketType%3Dgeneral%26prefix%3Dcms/%26showversions%3Dfalse/Screenshot%202024-07-11%20at%203.02.17%E2%80%AFPM.png; https://solsticeprod.s3.ap-south-1.amazonaws.com/https%3A/%2Fap-south-1.console.aws.amazon.com/s3/buckets/solsticedev%3Fregion%3Dap-south-1%26bucketType%3Dgeneral%26prefix%3Dcms/%26showversions%3Dfalse/Screenshot%202024-07-11%20at%203.02.13%E2%80%AFPM.png; https://solsticeprod.s3.ap-south-1.amazonaws.com/https%3A/%2Fap-south-1.console.aws.amazon.com/s3/buckets/solsticedev%3Fregion%3Dap-south-1%26bucketType%3Dgeneral%26prefix%3Dcms/%26showversions%3Dfalse/WhatsApp%20Image%202023-04-10%20at%209.47.32%20PM%20%281%29.jpeg; https://solsticeprod.s3.ap-south-1.amazonaws.com/https%3A/%2Fap-south-1.console.aws.amazon.com/s3/buckets/solsticedev%3Fregion%3Dap-south-1%26bucketType%3Dgeneral%26prefix%3Dcms/%26showversions%3Dfalse/Screenshot%202024-07-11%20at%203.02.01%E2%80%AFPM.png; https://solsticeprod.s3.ap-south-1.amazonaws.com/https%3A/%2Fap-south-1.console.aws.amazon.com/s3/buckets/solsticedev%3Fregion%3Dap-south-1%26bucketType%3Dgeneral%26prefix%3Dcms/%26showversions%3Dfalse/WhatsApp%20Image%202023-04-10%20at%209.47.30%20PM.jpeg; https://solsticeprod.s3.ap-south-1.amazonaws.com/https%3A/%2Fap-south-1.console.aws.amazon.com/s3/buckets/solsticedev%3Fregion%3Dap-south-1%26bucketType%3Dgeneral%26prefix%3Dcms/%26showversions%3Dfalse/Screenshot%202024-07-11%20at%203.12.04%E2%80%AFPM.png; https://solsticeprod.s3.ap-south-1.amazonaws.com/https%3A/%2Fap-south-1.console.aws.amazon.com/s3/buckets/solsticedev%3Fregion%3Dap-south-1%26bucketType%3Dgeneral%26prefix%3Dcms/%26showversions%3Dfalse/Screenshot%202024-07-11%20at%201.23.30%E2%80%AFPM.png; https://solsticeprod.s3.ap-south-1.amazonaws.com/https%3A/%2Fap-south-1.console.aws.amazon.com/s3/buckets/solsticedev%3Fregion%3Dap-south-1%26bucketType%3Dgeneral%26prefix%3Dcms/%26showversions%3Dfalse/WhatsApp%20Image%202023-07-10%20at%2013.03.29.jpeg; https://solsticeprod.s3.ap-south-1.amazonaws.com/https%3A/%2Fap-south-1.console.aws.amazon.com/s3/buckets/solsticedev%3Fregion%3Dap-south-1%26bucketType%3Dgeneral%26prefix%3Dcms/%26showversions%3Dfalse/WhatsApp%20Image%202023-04-10%20at%209.47.28%20PM%20%282%29.jpeg","Bedroom","Modern Indian","{"colors":["Pink, beige, green, white, gray, brown"],"materials":["Painted wood, painted MDF, upholstered fabric, canvas"],"primary_features":["Built-in wardrobe","Study desk","Bed with patterned bedspread","Framed artwork"],"object_types":["Built-in wardrobe","Study desk","Bed","Framed artwork"],"object_features":["Green and beige panels with circular designs","Integrated shelves","Pink and white color scheme","Integrated shelving for books","Patterned bedspread with geometric designs","Soft beige headboard","Illustration of a panda with cultural significance"],"object_materials":["Painted wood, possibly MDF or particle board","Painted wood, possibly particle board","Fabric for bedspread, upholstered headboard","Canvas, possibly MDF for frame"]}","bedroom, modern indian, efficient use of space with built-in furniture, pink, beige, green, white, gray, brown, painted wood, painted mdf, upholstered fabric, canvas, built-in wardrobe, study desk, bed with patterned bedspread, framed artwork, green and beige panels with circular designs, integrated shelves, pink and white color scheme, integrated shelving for books, bed, patterned bedspread with geometric designs, soft beige headboard, illustration of a panda with cultural significance, built-in furniture, cultural artwork, soft lighting"
"Kids Room","Study table for kids designs",7,2,28.57,35,"focused_room_search",false,0,"https://solsticeprod.s3.ap-south-1.amazonaws.com/https%3A/%2Fap-south-1.console.aws.amazon.com/s3/buckets/solsticedev%3Fregion%3Dap-south-1%26bucketType%3Dgeneral%26prefix%3Dcms/%26showversions%3Dfalse/Screenshot%202024-07-11%20at%203.02.17%E2%80%AFPM.png; https://solsticeprod.s3.ap-south-1.amazonaws.com/https%3A/%2Fap-south-1.console.aws.amazon.com/s3/buckets/solsticedev%3Fregion%3Dap-south-1%26bucketType%3Dgeneral%26prefix%3Dcms/%26showversions%3Dfalse/WhatsApp%20Image%202023-04-10%20at%209.47.32%20PM%20%281%29.jpeg; https://solsticeprod.s3.ap-south-1.amazonaws.com/https%3A/%2Fap-south-1.console.aws.amazon.com/s3/buckets/solsticedev%3Fregion%3Dap-south-1%26bucketType%3Dgeneral%26prefix%3Dcms/%26showversions%3Dfalse/Screenshot%202024-07-11%20at%203.02.13%E2%80%AFPM.png; https://solsticeprod.s3.ap-south-1.amazonaws.com/https%3A/%2Fap-south-1.console.aws.amazon.com/s3/buckets/solsticedev%3Fregion%3Dap-south-1%26bucketType%3Dgeneral%26prefix%3Dcms/%26showversions%3Dfalse/WhatsApp%20Image%202023-04-10%20at%209.47.30%20PM.jpeg; https://solsticeprod.s3.ap-south-1.amazonaws.com/https%3A/%2Fap-south-1.console.aws.amazon.com/s3/buckets/solsticedev%3Fregion%3Dap-south-1%26bucketType%3Dgeneral%26prefix%3Dcms/%26showversions%3Dfalse/Screenshot%202024-07-11%20at%203.02.01%E2%80%AFPM.png; https://solsticeprod.s3.ap-south-1.amazonaws.com/https%3A/%2Fap-south-1.console.aws.amazon.com/s3/buckets/solsticedev%3Fregion%3Dap-south-1%26bucketType%3Dgeneral%26prefix%3Dcms/%26showversions%3Dfalse/Screenshot%202024-07-11%20at%203.12.04%E2%80%AFPM.png; https://solsticeprod.s3.ap-south-1.amazonaws.com/https%3A/%2Fap-south-1.console.aws.amazon.com/s3/buckets/solsticedev%3Fregion%3Dap-south-1%26bucketType%3Dgeneral%26prefix%3Dcms/%26showversions%3Dfalse/Screenshot%202024-07-11%20at%201.23.30%E2%80%AFPM.png","Bedroom","Modern Indian","{"colors":["Pink, beige, green, white, gray, brown"],"materials":["Painted wood, painted MDF, upholstered fabric, canvas"],"primary_features":["Built-in wardrobe","Study desk","Bed with patterned bedspread","Framed artwork"],"object_types":["Built-in wardrobe","Study desk","Bed","Framed artwork"],"object_features":["Green and beige panels with circular designs","Integrated shelves","Pink and white color scheme","Integrated shelving for books","Patterned bedspread with geometric designs","Soft beige headboard","Illustration of a panda with cultural significance"],"object_materials":["Painted wood, possibly MDF or particle board","Painted wood, possibly particle board","Fabric for bedspread, upholstered headboard","Canvas, possibly MDF for frame"]}","bedroom, modern indian, efficient use of space with built-in furniture, pink, beige, green, white, gray, brown, painted wood, painted mdf, upholstered fabric, canvas, built-in wardrobe, study desk, bed with patterned bedspread, framed artwork, green and beige panels with circular designs, integrated shelves, pink and white color scheme, integrated shelving for books, bed, patterned bedspread with geometric designs, soft beige headboard, illustration of a panda with cultural significance, built-in furniture, cultural artwork, soft lighting"
"Kids Room","Kids wardrobe designs",3,2,66.67,50,"focused_room_search",false,0,"https://solsticeprod.s3.ap-south-1.amazonaws.com/https%3A/%2Fap-south-1.console.aws.amazon.com/s3/buckets/solsticedev%3Fregion%3Dap-south-1%26bucketType%3Dgeneral%26prefix%3Dcms/%26showversions%3Dfalse/WhatsApp%20Image%202023-04-10%20at%209.47.33%20PM.jpeg; https://solsticeprod.s3.ap-south-1.amazonaws.com/https%3A/%2Fap-south-1.console.aws.amazon.com/s3/buckets/solsticedev%3Fregion%3Dap-south-1%26bucketType%3Dgeneral%26prefix%3Dcms/%26showversions%3Dfalse/WhatsApp%20Image%202023-04-10%20at%209.49.50%20PM%20%281%29.jpeg; https://solsticeprod.s3.ap-south-1.amazonaws.com/https%3A/%2Fap-south-1.console.aws.amazon.com/s3/buckets/solsticedev%3Fregion%3Dap-south-1%26bucketType%3Dgeneral%26prefix%3Dcms/%26showversions%3Dfalse/WhatsApp%20Image%202023-04-10%20at%209.49.54%20PM%20%282%29.jpeg","Walk-in wardrobe","Modern Indian design with traditional influences","{"colors":["White","Green","Yellow","Pink"],"materials":["MDF, Paint"],"primary_features":["Built-in wardrobe with multiple storage compartments","Compact organization","Integrated lighting"],"object_types":["Built-in wardrobe"],"object_features":["Multiple compartments for storage","Integrated mirror","Built-in desk space"],"object_materials":["MDF or similar","Painted finish"]}","walk-in wardrobe, modern indian design with traditional influences, efficient use of space with built-in storage, white, green, yellow, pink, mdf, paint, built-in wardrobe with multiple storage compartments, compact organization, integrated lighting, built-in wardrobe, multiple compartments for storage, integrated mirror, built-in desk space, indian interior design, modern indian style, built-in storage, compact design, colorful palette"
"Kids Room","Kids room storage solutions",9,9,100,91.11,"focused_room_search",false,0,"https://solsticeprod.s3.ap-south-1.amazonaws.com/https%3A/%2Fap-south-1.console.aws.amazon.com/s3/buckets/solsticedev%3Fregion%3Dap-south-1%26bucketType%3Dgeneral%26prefix%3Dcms/%26showversions%3Dfalse/WhatsApp%20Image%202023-04-10%20at%209.47.30%20PM.jpeg; https://solsticeprod.s3.ap-south-1.amazonaws.com/https%3A/%2Fap-south-1.console.aws.amazon.com/s3/buckets/solsticedev%3Fregion%3Dap-south-1%26bucketType%3Dgeneral%26prefix%3Dcms/%26showversions%3Dfalse/WhatsApp%20Image%202023-07-10%20at%2013.03.29.jpeg; https://solsticeprod.s3.ap-south-1.amazonaws.com/https%3A/%2Fap-south-1.console.aws.amazon.com/s3/buckets/solsticedev%3Fregion%3Dap-south-1%26bucketType%3Dgeneral%26prefix%3Dcms/%26showversions%3Dfalse/Screenshot%202024-07-11%20at%203.12.04%E2%80%AFPM.png; https://solsticeprod.s3.ap-south-1.amazonaws.com/https%3A/%2Fap-south-1.console.aws.amazon.com/s3/buckets/solsticedev%3Fregion%3Dap-south-1%26bucketType%3Dgeneral%26prefix%3Dcms/%26showversions%3Dfalse/Screenshot%202024-07-11%20at%203.02.01%E2%80%AFPM.png; https://solsticeprod.s3.ap-south-1.amazonaws.com/https%3A/%2Fap-south-1.console.aws.amazon.com/s3/buckets/solsticedev%3Fregion%3Dap-south-1%26bucketType%3Dgeneral%26prefix%3Dcms/%26showversions%3Dfalse/Screenshot%202024-07-11%20at%201.23.30%E2%80%AFPM.png; https://solsticeprod.s3.ap-south-1.amazonaws.com/https%3A/%2Fap-south-1.console.aws.amazon.com/s3/buckets/solsticedev%3Fregion%3Dap-south-1%26bucketType%3Dgeneral%26prefix%3Dcms/%26showversions%3Dfalse/Screenshot%202024-07-11%20at%203.02.17%E2%80%AFPM.png; https://solsticeprod.s3.ap-south-1.amazonaws.com/https%3A/%2Fap-south-1.console.aws.amazon.com/s3/buckets/solsticedev%3Fregion%3Dap-south-1%26bucketType%3Dgeneral%26prefix%3Dcms/%26showversions%3Dfalse/Screenshot%202024-07-11%20at%203.02.13%E2%80%AFPM.png; https://solsticeprod.s3.ap-south-1.amazonaws.com/https%3A/%2Fap-south-1.console.aws.amazon.com/s3/buckets/solsticedev%3Fregion%3Dap-south-1%26bucketType%3Dgeneral%26prefix%3Dcms/%26showversions%3Dfalse/WhatsApp%20Image%202023-04-10%20at%209.47.32%20PM%20%281%29.jpeg; https://solsticeprod.s3.ap-south-1.amazonaws.com/https%3A/%2Fap-south-1.console.aws.amazon.com/s3/buckets/solsticedev%3Fregion%3Dap-south-1%26bucketType%3Dgeneral%26prefix%3Dcms/%26showversions%3Dfalse/WhatsApp%20Image%202023-04-10%20at%209.47.28%20PM%20%282%29.jpeg","Bedroom","Modern Indian","{"colors":["Pink","White","Brown","Gold"],"materials":["Wood","Metal","MDF"],"primary_features":["Bed with storage","Ceiling fan","Pink and white wall panels"],"object_types":["Platform bed","Ceiling fan","Wall panels"],"object_features":["Embedded storage underneath","Simple design","Modern design","Gold-colored","Rectangular","Pink and white"],"object_materials":["Wooden frame","Metal accents","Metal","MDF or similar particleboard"]}","bedroom, modern indian, efficient storage solution under the bed, pink, white, brown, gold, wood, metal, mdf, bed with storage, ceiling fan, pink and white wall panels, platform bed, embedded storage underneath, simple design, modern design, gold-colored, wall panels, rectangular, pink and white"
"Kids Room","Bunk bed designs India",9,9,100,97.62,"focused_room_search",false,0,"https://solsticeprod.s3.ap-south-1.amazonaws.com/https%3A/%2Fap-south-1.console.aws.amazon.com/s3/buckets/solsticedev%3Fregion%3Dap-south-1%26bucketType%3Dgeneral%26prefix%3Dcms/%26showversions%3Dfalse/Screenshot%202024-07-11%20at%203.02.17%E2%80%AFPM.png; https://solsticeprod.s3.ap-south-1.amazonaws.com/https%3A/%2Fap-south-1.console.aws.amazon.com/s3/buckets/solsticedev%3Fregion%3Dap-south-1%26bucketType%3Dgeneral%26prefix%3Dcms/%26showversions%3Dfalse/WhatsApp%20Image%202023-07-10%20at%2013.03.29.jpeg; https://solsticeprod.s3.ap-south-1.amazonaws.com/https%3A/%2Fap-south-1.console.aws.amazon.com/s3/buckets/solsticedev%3Fregion%3Dap-south-1%26bucketType%3Dgeneral%26prefix%3Dcms/%26showversions%3Dfalse/WhatsApp%20Image%202023-04-10%20at%209.47.30%20PM.jpeg; https://solsticeprod.s3.ap-south-1.amazonaws.com/https%3A/%2Fap-south-1.console.aws.amazon.com/s3/buckets/solsticedev%3Fregion%3Dap-south-1%26bucketType%3Dgeneral%26prefix%3Dcms/%26showversions%3Dfalse/Screenshot%202024-07-11%20at%201.23.30%E2%80%AFPM.png; https://solsticeprod.s3.ap-south-1.amazonaws.com/https%3A/%2Fap-south-1.console.aws.amazon.com/s3/buckets/solsticedev%3Fregion%3Dap-south-1%26bucketType%3Dgeneral%26prefix%3Dcms/%26showversions%3Dfalse/Screenshot%202024-07-11%20at%203.02.13%E2%80%AFPM.png; https://solsticeprod.s3.ap-south-1.amazonaws.com/https%3A/%2Fap-south-1.console.aws.amazon.com/s3/buckets/solsticedev%3Fregion%3Dap-south-1%26bucketType%3Dgeneral%26prefix%3Dcms/%26showversions%3Dfalse/Screenshot%202024-07-11%20at%203.12.04%E2%80%AFPM.png; https://solsticeprod.s3.ap-south-1.amazonaws.com/https%3A/%2Fap-south-1.console.aws.amazon.com/s3/buckets/solsticedev%3Fregion%3Dap-south-1%26bucketType%3Dgeneral%26prefix%3Dcms/%26showversions%3Dfalse/WhatsApp%20Image%202023-04-10%20at%209.47.32%20PM%20%281%29.jpeg; https://solsticeprod.s3.ap-south-1.amazonaws.com/https%3A/%2Fap-south-1.console.aws.amazon.com/s3/buckets/solsticedev%3Fregion%3Dap-south-1%26bucketType%3Dgeneral%26prefix%3Dcms/%26showversions%3Dfalse/Screenshot%202024-07-11%20at%203.02.01%E2%80%AFPM.png; https://solsticeprod.s3.ap-south-1.amazonaws.com/https%3A/%2Fap-south-1.console.aws.amazon.com/s3/buckets/solsticedev%3Fregion%3Dap-south-1%26bucketType%3Dgeneral%26prefix%3Dcms/%26showversions%3Dfalse/WhatsApp%20Image%202023-04-10%20at%209.47.28%20PM%20%282%29.jpeg","Bedroom","Modern Indian","{"colors":["Pink, beige, green, white, gray, brown"],"materials":["Painted wood, painted MDF, upholstered fabric, canvas"],"primary_features":["Built-in wardrobe","Study desk","Bed with patterned bedspread","Framed artwork"],"object_types":["Built-in wardrobe","Study desk","Bed","Framed artwork"],"object_features":["Green and beige panels with circular designs","Integrated shelves","Pink and white color scheme","Integrated shelving for books","Patterned bedspread with geometric designs","Soft beige headboard","Illustration of a panda with cultural significance"],"object_materials":["Painted wood, possibly MDF or particle board","Painted wood, possibly particle board","Fabric for bedspread, upholstered headboard","Canvas, possibly MDF for frame"]}","bedroom, modern indian, efficient use of space with built-in furniture, pink, beige, green, white, gray, brown, painted wood, painted mdf, upholstered fabric, canvas, built-in wardrobe, study desk, bed with patterned bedspread, framed artwork, green and beige panels with circular designs, integrated shelves, pink and white color scheme, integrated shelving for books, bed, patterned bedspread with geometric designs, soft beige headboard, illustration of a panda with cultural significance, built-in furniture, cultural artwork, soft lighting"
"Kids Room","Kids room theme designs",7,7,100,82.86,"focused_room_search",false,0,"https://solsticeprod.s3.ap-south-1.amazonaws.com/https%3A/%2Fap-south-1.console.aws.amazon.com/s3/buckets/solsticedev%3Fregion%3Dap-south-1%26bucketType%3Dgeneral%26prefix%3Dcms/%26showversions%3Dfalse/Screenshot%202024-07-11%20at%203.02.17%E2%80%AFPM.png; https://solsticeprod.s3.ap-south-1.amazonaws.com/https%3A/%2Fap-south-1.console.aws.amazon.com/s3/buckets/solsticedev%3Fregion%3Dap-south-1%26bucketType%3Dgeneral%26prefix%3Dcms/%26showversions%3Dfalse/Screenshot%202024-07-11%20at%203.12.04%E2%80%AFPM.png; https://solsticeprod.s3.ap-south-1.amazonaws.com/https%3A/%2Fap-south-1.console.aws.amazon.com/s3/buckets/solsticedev%3Fregion%3Dap-south-1%26bucketType%3Dgeneral%26prefix%3Dcms/%26showversions%3Dfalse/Screenshot%202024-07-11%20at%203.02.13%E2%80%AFPM.png; https://solsticeprod.s3.ap-south-1.amazonaws.com/https%3A/%2Fap-south-1.console.aws.amazon.com/s3/buckets/solsticedev%3Fregion%3Dap-south-1%26bucketType%3Dgeneral%26prefix%3Dcms/%26showversions%3Dfalse/WhatsApp%20Image%202023-04-10%20at%209.47.32%20PM%20%281%29.jpeg; https://solsticeprod.s3.ap-south-1.amazonaws.com/https%3A/%2Fap-south-1.console.aws.amazon.com/s3/buckets/solsticedev%3Fregion%3Dap-south-1%26bucketType%3Dgeneral%26prefix%3Dcms/%26showversions%3Dfalse/WhatsApp%20Image%202023-04-10%20at%209.47.30%20PM.jpeg; https://solsticeprod.s3.ap-south-1.amazonaws.com/https%3A/%2Fap-south-1.console.aws.amazon.com/s3/buckets/solsticedev%3Fregion%3Dap-south-1%26bucketType%3Dgeneral%26prefix%3Dcms/%26showversions%3Dfalse/Screenshot%202024-07-11%20at%203.02.01%E2%80%AFPM.png; https://solsticeprod.s3.ap-south-1.amazonaws.com/https%3A/%2Fap-south-1.console.aws.amazon.com/s3/buckets/solsticedev%3Fregion%3Dap-south-1%26bucketType%3Dgeneral%26prefix%3Dcms/%26showversions%3Dfalse/Screenshot%202024-07-11%20at%201.23.30%E2%80%AFPM.png","Bedroom","Modern Indian","{"colors":["Pink, beige, green, white, gray, brown"],"materials":["Painted wood, painted MDF, upholstered fabric, canvas"],"primary_features":["Built-in wardrobe","Study desk","Bed with patterned bedspread","Framed artwork"],"object_types":["Built-in wardrobe","Study desk","Bed","Framed artwork"],"object_features":["Green and beige panels with circular designs","Integrated shelves","Pink and white color scheme","Integrated shelving for books","Patterned bedspread with geometric designs","Soft beige headboard","Illustration of a panda with cultural significance"],"object_materials":["Painted wood, possibly MDF or particle board","Painted wood, possibly particle board","Fabric for bedspread, upholstered headboard","Canvas, possibly MDF for frame"]}","bedroom, modern indian, efficient use of space with built-in furniture, pink, beige, green, white, gray, brown, painted wood, painted mdf, upholstered fabric, canvas, built-in wardrobe, study desk, bed with patterned bedspread, framed artwork, green and beige panels with circular designs, integrated shelves, pink and white color scheme, integrated shelving for books, bed, patterned bedspread with geometric designs, soft beige headboard, illustration of a panda with cultural significance, built-in furniture, cultural artwork, soft lighting"
"Kids Room","Kids room wall designs",8,8,100,92.5,"focused_room_search",false,0,"https://solsticeprod.s3.ap-south-1.amazonaws.com/https%3A/%2Fap-south-1.console.aws.amazon.com/s3/buckets/solsticedev%3Fregion%3Dap-south-1%26bucketType%3Dgeneral%26prefix%3Dcms/%26showversions%3Dfalse/WhatsApp%20Image%202023-04-10%20at%209.47.28%20PM%20%282%29.jpeg; https://solsticeprod.s3.ap-south-1.amazonaws.com/https%3A/%2Fap-south-1.console.aws.amazon.com/s3/buckets/solsticedev%3Fregion%3Dap-south-1%26bucketType%3Dgeneral%26prefix%3Dcms/%26showversions%3Dfalse/WhatsApp%20Image%202023-04-10%20at%209.47.30%20PM.jpeg; https://solsticeprod.s3.ap-south-1.amazonaws.com/https%3A/%2Fap-south-1.console.aws.amazon.com/s3/buckets/solsticedev%3Fregion%3Dap-south-1%26bucketType%3Dgeneral%26prefix%3Dcms/%26showversions%3Dfalse/Screenshot%202024-07-11%20at%203.12.04%E2%80%AFPM.png; https://solsticeprod.s3.ap-south-1.amazonaws.com/https%3A/%2Fap-south-1.console.aws.amazon.com/s3/buckets/solsticedev%3Fregion%3Dap-south-1%26bucketType%3Dgeneral%26prefix%3Dcms/%26showversions%3Dfalse/WhatsApp%20Image%202023-04-10%20at%209.47.32%20PM%20%281%29.jpeg; https://solsticeprod.s3.ap-south-1.amazonaws.com/https%3A/%2Fap-south-1.console.aws.amazon.com/s3/buckets/solsticedev%3Fregion%3Dap-south-1%26bucketType%3Dgeneral%26prefix%3Dcms/%26showversions%3Dfalse/Screenshot%202024-07-11%20at%203.02.17%E2%80%AFPM.png; https://solsticeprod.s3.ap-south-1.amazonaws.com/https%3A/%2Fap-south-1.console.aws.amazon.com/s3/buckets/solsticedev%3Fregion%3Dap-south-1%26bucketType%3Dgeneral%26prefix%3Dcms/%26showversions%3Dfalse/Screenshot%202024-07-11%20at%203.02.13%E2%80%AFPM.png; https://solsticeprod.s3.ap-south-1.amazonaws.com/https%3A/%2Fap-south-1.console.aws.amazon.com/s3/buckets/solsticedev%3Fregion%3Dap-south-1%26bucketType%3Dgeneral%26prefix%3Dcms/%26showversions%3Dfalse/Screenshot%202024-07-11%20at%201.23.30%E2%80%AFPM.png; https://solsticeprod.s3.ap-south-1.amazonaws.com/https%3A/%2Fap-south-1.console.aws.amazon.com/s3/buckets/solsticedev%3Fregion%3Dap-south-1%26bucketType%3Dgeneral%26prefix%3Dcms/%26showversions%3Dfalse/Screenshot%202024-07-11%20at%203.02.01%E2%80%AFPM.png","Bedroom","Modern Indo-Western","{"colors":["Dark brown","White","Gray","Brown"],"materials":["Glass","Metal","Marble","Wood","Paint"],"primary_features":["Built-in wardrobe with sliding doors","Wall-mounted shelves","Ceiling fan","Hardwood flooring","Window with grill","Mirror on the wall"],"object_types":["Built-in wardrobe","Wall-mounted shelves","Ceiling fan","Hardwood flooring","Window with grill","Mirror"],"object_features":["Sliding glass doors with metallic handles","Dark brown and white marble paneling","Dark brown color","Multiple shelves","Gold-colored","Ceiling-mounted","Dark brown color","Wooden texture","Metal grill","White frame","Large rectangular shape","Wall-mounted"],"object_materials":["Glass","Metal","Marble","Wood","Metal","Wood","Metal","Glass","Glass"]}","bedroom, modern indo-western, efficient use of space with a built-in wardrobe and wall-mounted shelves, dark brown, white, gray, brown, glass, metal, marble, wood, paint, built-in wardrobe with sliding doors, wall-mounted shelves, ceiling fan, hardwood flooring, window with grill, mirror on the wall, built-in wardrobe, sliding glass doors with metallic handles, dark brown and white marble paneling, dark brown color, multiple shelves, gold-colored, ceiling-mounted, wooden texture, metal grill, white frame, mirror, large rectangular shape, wall-mounted"
"Kids Room","Kids room lighting designs",8,8,100,82.5,"focused_room_search",false,0,"https://solsticeprod.s3.ap-south-1.amazonaws.com/https%3A/%2Fap-south-1.console.aws.amazon.com/s3/buckets/solsticedev%3Fregion%3Dap-south-1%26bucketType%3Dgeneral%26prefix%3Dcms/%26showversions%3Dfalse/Screenshot%202024-07-11%20at%203.02.17%E2%80%AFPM.png; https://solsticeprod.s3.ap-south-1.amazonaws.com/https%3A/%2Fap-south-1.console.aws.amazon.com/s3/buckets/solsticedev%3Fregion%3Dap-south-1%26bucketType%3Dgeneral%26prefix%3Dcms/%26showversions%3Dfalse/Screenshot%202024-07-11%20at%203.12.04%E2%80%AFPM.png; https://solsticeprod.s3.ap-south-1.amazonaws.com/https%3A/%2Fap-south-1.console.aws.amazon.com/s3/buckets/solsticedev%3Fregion%3Dap-south-1%26bucketType%3Dgeneral%26prefix%3Dcms/%26showversions%3Dfalse/Screenshot%202024-07-11%20at%203.02.13%E2%80%AFPM.png; https://solsticeprod.s3.ap-south-1.amazonaws.com/https%3A/%2Fap-south-1.console.aws.amazon.com/s3/buckets/solsticedev%3Fregion%3Dap-south-1%26bucketType%3Dgeneral%26prefix%3Dcms/%26showversions%3Dfalse/WhatsApp%20Image%202023-04-10%20at%209.47.32%20PM%20%281%29.jpeg; https://solsticeprod.s3.ap-south-1.amazonaws.com/https%3A/%2Fap-south-1.console.aws.amazon.com/s3/buckets/solsticedev%3Fregion%3Dap-south-1%26bucketType%3Dgeneral%26prefix%3Dcms/%26showversions%3Dfalse/Screenshot%202024-07-11%20at%201.23.30%E2%80%AFPM.png; https://solsticeprod.s3.ap-south-1.amazonaws.com/https%3A/%2Fap-south-1.console.aws.amazon.com/s3/buckets/solsticedev%3Fregion%3Dap-south-1%26bucketType%3Dgeneral%26prefix%3Dcms/%26showversions%3Dfalse/WhatsApp%20Image%202023-04-10%20at%209.47.30%20PM.jpeg; https://solsticeprod.s3.ap-south-1.amazonaws.com/https%3A/%2Fap-south-1.console.aws.amazon.com/s3/buckets/solsticedev%3Fregion%3Dap-south-1%26bucketType%3Dgeneral%26prefix%3Dcms/%26showversions%3Dfalse/Screenshot%202024-07-11%20at%203.02.01%E2%80%AFPM.png; https://solsticeprod.s3.ap-south-1.amazonaws.com/https%3A/%2Fap-south-1.console.aws.amazon.com/s3/buckets/solsticedev%3Fregion%3Dap-south-1%26bucketType%3Dgeneral%26prefix%3Dcms/%26showversions%3Dfalse/WhatsApp%20Image%202023-04-10%20at%209.47.28%20PM%20%282%29.jpeg","Bedroom","Modern Indian","{"colors":["Pink, beige, green, white, gray, brown"],"materials":["Painted wood, painted MDF, upholstered fabric, canvas"],"primary_features":["Built-in wardrobe","Study desk","Bed with patterned bedspread","Framed artwork"],"object_types":["Built-in wardrobe","Study desk","Bed","Framed artwork"],"object_features":["Green and beige panels with circular designs","Integrated shelves","Pink and white color scheme","Integrated shelving for books","Patterned bedspread with geometric designs","Soft beige headboard","Illustration of a panda with cultural significance"],"object_materials":["Painted wood, possibly MDF or particle board","Painted wood, possibly particle board","Fabric for bedspread, upholstered headboard","Canvas, possibly MDF for frame"]}","bedroom, modern indian, efficient use of space with built-in furniture, pink, beige, green, white, gray, brown, painted wood, painted mdf, upholstered fabric, canvas, built-in wardrobe, study desk, bed with patterned bedspread, framed artwork, green and beige panels with circular designs, integrated shelves, pink and white color scheme, integrated shelving for books, bed, patterned bedspread with geometric designs, soft beige headboard, illustration of a panda with cultural significance, built-in furniture, cultural artwork, soft lighting"
"Balcony & Outdoor","Balcony garden designs India",0,,,,"focused_room_search",false,0,"","","","[]",""
"Balcony & Outdoor","Balcony seating designs",0,,,,"focused_room_search",false,0,"","","","[]",""
"Balcony & Outdoor","Outdoor furniture designs",0,,,,"focused_room_search",false,0,"","","","[]",""
"Balcony & Outdoor","Balcony railing designs",0,,,,"focused_room_search",false,0,"","","","[]",""
"Balcony & Outdoor","Balcony storage designs",0,,,,"focused_room_search",false,0,"","","","[]",""
"Balcony & Outdoor","Outdoor lighting designs",0,,,,"focused_room_search",false,0,"","","","[]",""
"Balcony & Outdoor","Balcony wall designs",0,,,,"focused_room_search",false,0,"","","","[]",""
"Balcony & Outdoor","Garden furniture designs India",20,18,90,65.05,"enhanced_object_search",false,0,"https://solsticeprod.s3.ap-south-1.amazonaws.com/https%3A/%2Fap-south-1.console.aws.amazon.com/s3/buckets/solsticedev%3Fregion%3Dap-south-1%26bucketType%3Dgeneral%26prefix%3Dcms/%26showversions%3Dfalse/Screenshot%202024-07-11%20at%201.23.08%E2%80%AFPM.png; https://solsticeprod.s3.ap-south-1.amazonaws.com/https%3A/%2Fap-south-1.console.aws.amazon.com/s3/buckets/solsticedev%3Fregion%3Dap-south-1%26bucketType%3Dgeneral%26prefix%3Dcms/%26showversions%3Dfalse/Screenshot%202024-07-11%20at%203.01.08%E2%80%AFPM.png; https://solsticeprod.s3.ap-south-1.amazonaws.com/https%3A/%2Fap-south-1.console.aws.amazon.com/s3/buckets/solsticedev%3Fregion%3Dap-south-1%26bucketType%3Dgeneral%26prefix%3Dcms/%26showversions%3Dfalse/Screenshot%202024-07-11%20at%203.02.13%E2%80%AFPM.png; https://solsticeprod.s3.ap-south-1.amazonaws.com/https%3A/%2Fap-south-1.console.aws.amazon.com/s3/buckets/solsticedev%3Fregion%3Dap-south-1%26bucketType%3Dgeneral%26prefix%3Dcms/%26showversions%3Dfalse/WhatsApp%20Image%202023-04-10%20at%209.49.55%20PM.jpeg; https://solsticeprod.s3.ap-south-1.amazonaws.com/https%3A/%2Fap-south-1.console.aws.amazon.com/s3/buckets/solsticedev%3Fregion%3Dap-south-1%26bucketType%3Dgeneral%26prefix%3Dcms/%26showversions%3Dfalse/Screenshot%202024-07-11%20at%203.02.17%E2%80%AFPM.png; https://solsticeprod.s3.ap-south-1.amazonaws.com/https%3A/%2Fap-south-1.console.aws.amazon.com/s3/buckets/solsticedev%3Fregion%3Dap-south-1%26bucketType%3Dgeneral%26prefix%3Dcms/%26showversions%3Dfalse/WhatsApp%20Image%202023-07-10%20at%2013.03.21%20%281%29.jpeg; https://solsticeprod.s3.ap-south-1.amazonaws.com/https%3A/%2Fap-south-1.console.aws.amazon.com/s3/buckets/solsticedev%3Fregion%3Dap-south-1%26bucketType%3Dgeneral%26prefix%3Dcms/%26showversions%3Dfalse/WhatsApp%20Image%202023-07-10%20at%2013.03.28.jpeg; https://solsticeprod.s3.ap-south-1.amazonaws.com/https%3A/%2Fap-south-1.console.aws.amazon.com/s3/buckets/solsticedev%3Fregion%3Dap-south-1%26bucketType%3Dgeneral%26prefix%3Dcms/%26showversions%3Dfalse/3-2.jpg; https://solsticeprod.s3.ap-south-1.amazonaws.com/https%3A/%2Fap-south-1.console.aws.amazon.com/s3/buckets/solsticedev%3Fregion%3Dap-south-1%26bucketType%3Dgeneral%26prefix%3Dcms/%26showversions%3Dfalse/ABN00593.JPG; https://solsticeprod.s3.ap-south-1.amazonaws.com/https%3A/%2Fap-south-1.console.aws.amazon.com/s3/buckets/solsticedev%3Fregion%3Dap-south-1%26bucketType%3Dgeneral%26prefix%3Dcms/%26showversions%3Dfalse/3.jpg; https://solsticeprod.s3.ap-south-1.amazonaws.com/https%3A/%2Fap-south-1.console.aws.amazon.com/s3/buckets/solsticedev%3Fregion%3Dap-south-1%26bucketType%3Dgeneral%26prefix%3Dcms/%26showversions%3Dfalse/Screenshot%202024-07-11%20at%201.18.08%E2%80%AFPM.png; https://solsticeprod.s3.ap-south-1.amazonaws.com/https%3A/%2Fap-south-1.console.aws.amazon.com/s3/buckets/solsticedev%3Fregion%3Dap-south-1%26bucketType%3Dgeneral%26prefix%3Dcms/%26showversions%3Dfalse/WhatsApp%20Image%202023-04-10%20at%209.47.32%20PM%20%281%29.jpeg; https://solsticeprod.s3.ap-south-1.amazonaws.com/https%3A/%2Fap-south-1.console.aws.amazon.com/s3/buckets/solsticedev%3Fregion%3Dap-south-1%26bucketType%3Dgeneral%26prefix%3Dcms/%26showversions%3Dfalse/Screenshot%202024-07-11%20at%203.02.06%E2%80%AFPM.png; https://solsticeprod.s3.ap-south-1.amazonaws.com/https%3A/%2Fap-south-1.console.aws.amazon.com/s3/buckets/solsticedev%3Fregion%3Dap-south-1%26bucketType%3Dgeneral%26prefix%3Dcms/%26showversions%3Dfalse/Screenshot%202024-07-11%20at%203.02.01%E2%80%AFPM.png; https://solsticeprod.s3.ap-south-1.amazonaws.com/https%3A/%2Fap-south-1.console.aws.amazon.com/s3/buckets/solsticedev%3Fregion%3Dap-south-1%26bucketType%3Dgeneral%26prefix%3Dcms/%26showversions%3Dfalse/Screenshot%202024-07-11%20at%203.11.13%E2%80%AFPM.png; https://solsticeprod.s3.ap-south-1.amazonaws.com/https%3A/%2Fap-south-1.console.aws.amazon.com/s3/buckets/solsticedev%3Fregion%3Dap-south-1%26bucketType%3Dgeneral%26prefix%3Dcms/%26showversions%3Dfalse/Screenshot%202024-07-11%20at%203.01.24%E2%80%AFPM.png; https://solsticeprod.s3.ap-south-1.amazonaws.com/https%3A/%2Fap-south-1.console.aws.amazon.com/s3/buckets/solsticedev%3Fregion%3Dap-south-1%26bucketType%3Dgeneral%26prefix%3Dcms/%26showversions%3Dfalse/WhatsApp%20Image%202023-04-10%20at%209.47.30%20PM.jpeg; https://solsticeprod.s3.ap-south-1.amazonaws.com/https%3A/%2Fap-south-1.console.aws.amazon.com/s3/buckets/solsticedev%3Fregion%3Dap-south-1%26bucketType%3Dgeneral%26prefix%3Dcms/%26showversions%3Dfalse/Screenshot%202024-07-11%20at%203.02.26%E2%80%AFPM.png; https://solsticeprod.s3.ap-south-1.amazonaws.com/https%3A/%2Fap-south-1.console.aws.amazon.com/s3/buckets/solsticedev%3Fregion%3Dap-south-1%26bucketType%3Dgeneral%26prefix%3Dcms/%26showversions%3Dfalse/Screenshot%202024-07-11%20at%201.18.03%E2%80%AFPM.png; https://solsticeprod.s3.ap-south-1.amazonaws.com/https%3A/%2Fap-south-1.console.aws.amazon.com/s3/buckets/solsticedev%3Fregion%3Dap-south-1%26bucketType%3Dgeneral%26prefix%3Dcms/%26showversions%3Dfalse/WhatsApp%20Image%202023-04-10%20at%209.47.33%20PM.jpeg","living room with integrated dining area","contemporary indian","{}","living room with integrated dining area, contemporary indian, efficient use of open space with minimal partitions, gray, white, gold, dark gray, green, glass, wood, metal, marble, fabric, modern furniture, open space layout, decorative elements, sofa, tufted design, light gray upholstery, coffee table, glass top, curved wooden base, dining set, marble top table, gold metal frame, white upholstered chairs, wall decor, metal starburst design, wall cabinet, glass doors, open shelves, living room, modern indian, contemporary design, open space, neutral color palette"
"Color Schemes","Neutral color interior designs",20,8,40,45.5,"enhanced_object_search",false,0,"https://solsticeprod.s3.ap-south-1.amazonaws.com/https%3A/%2Fap-south-1.console.aws.amazon.com/s3/buckets/solsticedev%3Fregion%3Dap-south-1%26bucketType%3Dgeneral%26prefix%3Dcms/%26showversions%3Dfalse/Screenshot%202024-07-11%20at%201.23.08%E2%80%AFPM.png; https://solsticeprod.s3.ap-south-1.amazonaws.com/https%3A/%2Fap-south-1.console.aws.amazon.com/s3/buckets/solsticedev%3Fregion%3Dap-south-1%26bucketType%3Dgeneral%26prefix%3Dcms/%26showversions%3Dfalse/Screenshot%202024-07-11%20at%203.01.08%E2%80%AFPM.png; https://solsticeprod.s3.ap-south-1.amazonaws.com/https%3A/%2Fap-south-1.console.aws.amazon.com/s3/buckets/solsticedev%3Fregion%3Dap-south-1%26bucketType%3Dgeneral%26prefix%3Dcms/%26showversions%3Dfalse/WhatsApp%20Image%202023-07-10%20at%2013.03.21%20%281%29.jpeg; https://solsticeprod.s3.ap-south-1.amazonaws.com/https%3A/%2Fap-south-1.console.aws.amazon.com/s3/buckets/solsticedev%3Fregion%3Dap-south-1%26bucketType%3Dgeneral%26prefix%3Dcms/%26showversions%3Dfalse/Screenshot%202024-07-11%20at%203.02.17%E2%80%AFPM.png; https://solsticeprod.s3.ap-south-1.amazonaws.com/https%3A/%2Fap-south-1.console.aws.amazon.com/s3/buckets/solsticedev%3Fregion%3Dap-south-1%26bucketType%3Dgeneral%26prefix%3Dcms/%26showversions%3Dfalse/WhatsApp%20Image%202023-04-10%20at%209.47.33%20PM.jpeg; https://solsticeprod.s3.ap-south-1.amazonaws.com/https%3A/%2Fap-south-1.console.aws.amazon.com/s3/buckets/solsticedev%3Fregion%3Dap-south-1%26bucketType%3Dgeneral%26prefix%3Dcms/%26showversions%3Dfalse/WhatsApp%20Image%202023-04-10%20at%209.47.30%20PM.jpeg; https://solsticeprod.s3.ap-south-1.amazonaws.com/https%3A/%2Fap-south-1.console.aws.amazon.com/s3/buckets/solsticedev%3Fregion%3Dap-south-1%26bucketType%3Dgeneral%26prefix%3Dcms/%26showversions%3Dfalse/WhatsApp%20Image%202023-04-10%20at%209.47.32%20PM%20%281%29.jpeg; https://solsticeprod.s3.ap-south-1.amazonaws.com/https%3A/%2Fap-south-1.console.aws.amazon.com/s3/buckets/solsticedev%3Fregion%3Dap-south-1%26bucketType%3Dgeneral%26prefix%3Dcms/%26showversions%3Dfalse/WhatsApp%20Image%202023-04-10%20at%209.49.54%20PM%20%281%29.jpeg; https://solsticeprod.s3.ap-south-1.amazonaws.com/https%3A/%2Fap-south-1.console.aws.amazon.com/s3/buckets/solsticedev%3Fregion%3Dap-south-1%26bucketType%3Dgeneral%26prefix%3Dcms/%26showversions%3Dfalse/Screenshot%202024-07-11%20at%201.23.18%E2%80%AFPM.png; https://solsticeprod.s3.ap-south-1.amazonaws.com/https%3A/%2Fap-south-1.console.aws.amazon.com/s3/buckets/solsticedev%3Fregion%3Dap-south-1%26bucketType%3Dgeneral%26prefix%3Dcms/%26showversions%3Dfalse/Screenshot%202024-07-11%20at%203.02.13%E2%80%AFPM.png; https://solsticeprod.s3.ap-south-1.amazonaws.com/https%3A/%2Fap-south-1.console.aws.amazon.com/s3/buckets/solsticedev%3Fregion%3Dap-south-1%26bucketType%3Dgeneral%26prefix%3Dcms/%26showversions%3Dfalse/Screenshot%202024-07-11%20at%203.11.13%E2%80%AFPM.png; https://solsticeprod.s3.ap-south-1.amazonaws.com/https%3A/%2Fap-south-1.console.aws.amazon.com/s3/buckets/solsticedev%3Fregion%3Dap-south-1%26bucketType%3Dgeneral%26prefix%3Dcms/%26showversions%3Dfalse/WhatsApp%20Image%202023-04-10%20at%209.49.55%20PM.jpeg; https://solsticeprod.s3.ap-south-1.amazonaws.com/https%3A/%2Fap-south-1.console.aws.amazon.com/s3/buckets/solsticedev%3Fregion%3Dap-south-1%26bucketType%3Dgeneral%26prefix%3Dcms/%26showversions%3Dfalse/WhatsApp%20Image%202023-04-10%20at%209.49.50%20PM%20%281%29.jpeg; https://solsticeprod.s3.ap-south-1.amazonaws.com/https%3A/%2Fap-south-1.console.aws.amazon.com/s3/buckets/solsticedev%3Fregion%3Dap-south-1%26bucketType%3Dgeneral%26prefix%3Dcms/%26showversions%3Dfalse/Screenshot%202024-07-11%20at%203.01.18%E2%80%AFPM.png; https://solsticeprod.s3.ap-south-1.amazonaws.com/https%3A/%2Fap-south-1.console.aws.amazon.com/s3/buckets/solsticedev%3Fregion%3Dap-south-1%26bucketType%3Dgeneral%26prefix%3Dcms/%26showversions%3Dfalse/Screenshot%202024-07-11%20at%201.23.30%E2%80%AFPM.png; https://solsticeprod.s3.ap-south-1.amazonaws.com/https%3A/%2Fap-south-1.console.aws.amazon.com/s3/buckets/solsticedev%3Fregion%3Dap-south-1%26bucketType%3Dgeneral%26prefix%3Dcms/%26showversions%3Dfalse/Screenshot%202024-07-11%20at%203.02.01%E2%80%AFPM.png; https://solsticeprod.s3.ap-south-1.amazonaws.com/https%3A/%2Fap-south-1.console.aws.amazon.com/s3/buckets/solsticedev%3Fregion%3Dap-south-1%26bucketType%3Dgeneral%26prefix%3Dcms/%26showversions%3Dfalse/Screenshot%202024-07-11%20at%201.18.49%E2%80%AFPM.png; https://solsticeprod.s3.ap-south-1.amazonaws.com/https%3A/%2Fap-south-1.console.aws.amazon.com/s3/buckets/solsticedev%3Fregion%3Dap-south-1%26bucketType%3Dgeneral%26prefix%3Dcms/%26showversions%3Dfalse/Screenshot%202024-07-11%20at%203.02.26%E2%80%AFPM.png; https://solsticeprod.s3.ap-south-1.amazonaws.com/https%3A/%2Fap-south-1.console.aws.amazon.com/s3/buckets/solsticedev%3Fregion%3Dap-south-1%26bucketType%3Dgeneral%26prefix%3Dcms/%26showversions%3Dfalse/Screenshot%202024-07-11%20at%201.23.22%E2%80%AFPM.png; https://solsticeprod.s3.ap-south-1.amazonaws.com/https%3A/%2Fap-south-1.console.aws.amazon.com/s3/buckets/solsticedev%3Fregion%3Dap-south-1%26bucketType%3Dgeneral%26prefix%3Dcms/%26showversions%3Dfalse/Screenshot%202024-07-11%20at%201.18.16%E2%80%AFPM.png","living room with integrated dining area","contemporary indian","{}","living room with integrated dining area, contemporary indian, efficient use of open space with minimal partitions, gray, white, gold, dark gray, green, glass, wood, metal, marble, fabric, modern furniture, open space layout, decorative elements, sofa, tufted design, light gray upholstery, coffee table, glass top, curved wooden base, dining set, marble top table, gold metal frame, white upholstered chairs, wall decor, metal starburst design, wall cabinet, glass doors, open shelves, living room, modern indian, contemporary design, open space, neutral color palette"
"Color Schemes","White and gold interior designs",8,8,100,88.87,"focused_room_search",false,0,"https://solsticeprod.s3.ap-south-1.amazonaws.com/https%3A/%2Fap-south-1.console.aws.amazon.com/s3/buckets/solsticedev%3Fregion%3Dap-south-1%26bucketType%3Dgeneral%26prefix%3Dcms/%26showversions%3Dfalse/Screenshot%202024-07-11%20at%201.23.22%E2%80%AFPM.png; https://solsticeprod.s3.ap-south-1.amazonaws.com/https%3A/%2Fap-south-1.console.aws.amazon.com/s3/buckets/solsticedev%3Fregion%3Dap-south-1%26bucketType%3Dgeneral%26prefix%3Dcms/%26showversions%3Dfalse/ABN00623.JPG; https://solsticeprod.s3.ap-south-1.amazonaws.com/https%3A/%2Fap-south-1.console.aws.amazon.com/s3/buckets/solsticedev%3Fregion%3Dap-south-1%26bucketType%3Dgeneral%26prefix%3Dcms/%26showversions%3Dfalse/WhatsApp%20Image%202023-04-10%20at%209.47.21%20PM.jpeg; https://solsticeprod.s3.ap-south-1.amazonaws.com/https%3A/%2Fap-south-1.console.aws.amazon.com/s3/buckets/solsticedev%3Fregion%3Dap-south-1%26bucketType%3Dgeneral%26prefix%3Dcms/%26showversions%3Dfalse/Screenshot%202024-07-11%20at%201.23.25%E2%80%AFPM.png; https://solsticeprod.s3.ap-south-1.amazonaws.com/https%3A/%2Fap-south-1.console.aws.amazon.com/s3/buckets/solsticedev%3Fregion%3Dap-south-1%26bucketType%3Dgeneral%26prefix%3Dcms/%26showversions%3Dfalse/Screenshot%202024-07-11%20at%203.01.18%E2%80%AFPM.png; https://solsticeprod.s3.ap-south-1.amazonaws.com/https%3A/%2Fap-south-1.console.aws.amazon.com/s3/buckets/solsticedev%3Fregion%3Dap-south-1%26bucketType%3Dgeneral%26prefix%3Dcms/%26showversions%3Dfalse/WhatsApp%20Image%202023-04-10%20at%209.47.04%20PM.jpeg; https://solsticeprod.s3.ap-south-1.amazonaws.com/https%3A/%2Fap-south-1.console.aws.amazon.com/s3/buckets/solsticedev%3Fregion%3Dap-south-1%26bucketType%3Dgeneral%26prefix%3Dcms/%26showversions%3Dfalse/Screenshot%202024-07-11%20at%203.01.24%E2%80%AFPM.png; https://solsticeprod.s3.ap-south-1.amazonaws.com/https%3A/%2Fap-south-1.console.aws.amazon.com/s3/buckets/solsticedev%3Fregion%3Dap-south-1%26bucketType%3Dgeneral%26prefix%3Dcms/%26showversions%3Dfalse/Screenshot%202024-07-11%20at%201.18.38%E2%80%AFPM.png","Kitchen","Contemporary","{"colors":["White","Gold","Gray","Black"],"materials":["Metal","Glass","Fabric"],"primary_features":["Kitchen island","Modern pendant lighting","Colorful wall art"],"object_types":["Dining Chairs","Wall Art","Kitchen Island"],"object_features":["White tufted upholstery","Gold metallic legs","Circular design with gold accents","Metallic structure","Dark metallic finish with a glass-like sheen","Integrated with storage cabinets"],"object_materials":["Fabric","Metal","Metal","Glass","Metal","Glass"]}","kitchen, contemporary, efficient use of space with a counter for additional seating and storage, white, gold, gray, black, metal, glass, fabric, kitchen island, modern pendant lighting, colorful wall art, dining chairs, white tufted upholstery, gold metallic legs, wall art, circular design with gold accents, metallic structure, dark metallic finish with a glass-like sheen, integrated with storage cabinets"
"Color Schemes","Beige interior designs India",20,19,95,89.55,"enhanced_object_search",false,0,"https://solsticeprod.s3.ap-south-1.amazonaws.com/https%3A/%2Fap-south-1.console.aws.amazon.com/s3/buckets/solsticedev%3Fregion%3Dap-south-1%26bucketType%3Dgeneral%26prefix%3Dcms/%26showversions%3Dfalse/Screenshot%202024-07-11%20at%203.02.01%E2%80%AFPM.png; https://solsticeprod.s3.ap-south-1.amazonaws.com/https%3A/%2Fap-south-1.console.aws.amazon.com/s3/buckets/solsticedev%3Fregion%3Dap-south-1%26bucketType%3Dgeneral%26prefix%3Dcms/%26showversions%3Dfalse/ABN00678.JPG; https://solsticeprod.s3.ap-south-1.amazonaws.com/https%3A/%2Fap-south-1.console.aws.amazon.com/s3/buckets/solsticedev%3Fregion%3Dap-south-1%26bucketType%3Dgeneral%26prefix%3Dcms/%26showversions%3Dfalse/Screenshot%202024-07-11%20at%201.18.08%E2%80%AFPM.png; https://solsticeprod.s3.ap-south-1.amazonaws.com/https%3A/%2Fap-south-1.console.aws.amazon.com/s3/buckets/solsticedev%3Fregion%3Dap-south-1%26bucketType%3Dgeneral%26prefix%3Dcms/%26showversions%3Dfalse/Screenshot%202024-07-11%20at%203.11.13%E2%80%AFPM.png; https://solsticeprod.s3.ap-south-1.amazonaws.com/https%3A/%2Fap-south-1.console.aws.amazon.com/s3/buckets/solsticedev%3Fregion%3Dap-south-1%26bucketType%3Dgeneral%26prefix%3Dcms/%26showversions%3Dfalse/Screenshot%202024-07-11%20at%203.01.08%E2%80%AFPM.png; https://solsticeprod.s3.ap-south-1.amazonaws.com/https%3A/%2Fap-south-1.console.aws.amazon.com/s3/buckets/solsticedev%3Fregion%3Dap-south-1%26bucketType%3Dgeneral%26prefix%3Dcms/%26showversions%3Dfalse/Screenshot%202024-07-11%20at%201.23.18%E2%80%AFPM.png; https://solsticeprod.s3.ap-south-1.amazonaws.com/https%3A/%2Fap-south-1.console.aws.amazon.com/s3/buckets/solsticedev%3Fregion%3Dap-south-1%26bucketType%3Dgeneral%26prefix%3Dcms/%26showversions%3Dfalse/ABN00593.JPG; https://solsticeprod.s3.ap-south-1.amazonaws.com/https%3A/%2Fap-south-1.console.aws.amazon.com/s3/buckets/solsticedev%3Fregion%3Dap-south-1%26bucketType%3Dgeneral%26prefix%3Dcms/%26showversions%3Dfalse/Screenshot%202024-07-11%20at%203.01.18%E2%80%AFPM.png; https://solsticeprod.s3.ap-south-1.amazonaws.com/https%3A/%2Fap-south-1.console.aws.amazon.com/s3/buckets/solsticedev%3Fregion%3Dap-south-1%26bucketType%3Dgeneral%26prefix%3Dcms/%26showversions%3Dfalse/Screenshot%202024-07-11%20at%203.01.48%E2%80%AFPM.png; https://solsticeprod.s3.ap-south-1.amazonaws.com/https%3A/%2Fap-south-1.console.aws.amazon.com/s3/buckets/solsticedev%3Fregion%3Dap-south-1%26bucketType%3Dgeneral%26prefix%3Dcms/%26showversions%3Dfalse/WhatsApp%20Image%202023-07-10%20at%2013.03.21%20%281%29.jpeg; https://solsticeprod.s3.ap-south-1.amazonaws.com/https%3A/%2Fap-south-1.console.aws.amazon.com/s3/buckets/solsticedev%3Fregion%3Dap-south-1%26bucketType%3Dgeneral%26prefix%3Dcms/%26showversions%3Dfalse/Screenshot%202024-07-11%20at%203.02.17%E2%80%AFPM.png; https://solsticeprod.s3.ap-south-1.amazonaws.com/https%3A/%2Fap-south-1.console.aws.amazon.com/s3/buckets/solsticedev%3Fregion%3Dap-south-1%26bucketType%3Dgeneral%26prefix%3Dcms/%26showversions%3Dfalse/WhatsApp%20Image%202023-04-10%20at%209.47.33%20PM.jpeg; https://solsticeprod.s3.ap-south-1.amazonaws.com/https%3A/%2Fap-south-1.console.aws.amazon.com/s3/buckets/solsticedev%3Fregion%3Dap-south-1%26bucketType%3Dgeneral%26prefix%3Dcms/%26showversions%3Dfalse/ABN00640.JPG; https://solsticeprod.s3.ap-south-1.amazonaws.com/https%3A/%2Fap-south-1.console.aws.amazon.com/s3/buckets/solsticedev%3Fregion%3Dap-south-1%26bucketType%3Dgeneral%26prefix%3Dcms/%26showversions%3Dfalse/Screenshot%202024-07-11%20at%201.18.49%E2%80%AFPM.png; https://solsticeprod.s3.ap-south-1.amazonaws.com/https%3A/%2Fap-south-1.console.aws.amazon.com/s3/buckets/solsticedev%3Fregion%3Dap-south-1%26bucketType%3Dgeneral%26prefix%3Dcms/%26showversions%3Dfalse/WhatsApp%20Image%202023-07-10%20at%2013.03.28.jpeg; https://solsticeprod.s3.ap-south-1.amazonaws.com/https%3A/%2Fap-south-1.console.aws.amazon.com/s3/buckets/solsticedev%3Fregion%3Dap-south-1%26bucketType%3Dgeneral%26prefix%3Dcms/%26showversions%3Dfalse/Screenshot%202024-07-11%20at%203.12.04%E2%80%AFPM.png; https://solsticeprod.s3.ap-south-1.amazonaws.com/https%3A/%2Fap-south-1.console.aws.amazon.com/s3/buckets/solsticedev%3Fregion%3Dap-south-1%26bucketType%3Dgeneral%26prefix%3Dcms/%26showversions%3Dfalse/WhatsApp%20Image%202023-04-10%20at%209.49.54%20PM%20%281%29.jpeg; https://solsticeprod.s3.ap-south-1.amazonaws.com/https%3A/%2Fap-south-1.console.aws.amazon.com/s3/buckets/solsticedev%3Fregion%3Dap-south-1%26bucketType%3Dgeneral%26prefix%3Dcms/%26showversions%3Dfalse/Screenshot%202024-07-11%20at%203.02.06%E2%80%AFPM.png; https://solsticeprod.s3.ap-south-1.amazonaws.com/https%3A/%2Fap-south-1.console.aws.amazon.com/s3/buckets/solsticedev%3Fregion%3Dap-south-1%26bucketType%3Dgeneral%26prefix%3Dcms/%26showversions%3Dfalse/WhatsApp%20Image%202023-04-10%20at%209.47.32%20PM%20%281%29.jpeg; https://solsticeprod.s3.ap-south-1.amazonaws.com/https%3A/%2Fap-south-1.console.aws.amazon.com/s3/buckets/solsticedev%3Fregion%3Dap-south-1%26bucketType%3Dgeneral%26prefix%3Dcms/%26showversions%3Dfalse/WhatsApp%20Image%202023-07-10%20at%2013.03.28.jpeg","bedroom","modern indian","{}","bedroom, modern indian, efficient use of space for storage and seating, beige, white, blue, brown, frosted glass, metallic, wood, cotton/linen, fabric, built-in wardrobe with sliding doors, wooden flooring, curtains with earthy tones, natural light through window, built-in wardrobe, sliding doors with frosted glass panels, metallic handles, beige cabinetry, window curtains, draped style, two-tone design with beige and blue, hardwood with a natural finish, built-in bench, wooden seat and backrest, white cushion top, sliding doors, curtains, contemporary design, indian interior design"
"Color Schemes","Grey interior designs",15,5,33.33,40.73,"enhanced_object_search",false,0,"https://solsticeprod.s3.ap-south-1.amazonaws.com/https%3A/%2Fap-south-1.console.aws.amazon.com/s3/buckets/solsticedev%3Fregion%3Dap-south-1%26bucketType%3Dgeneral%26prefix%3Dcms/%26showversions%3Dfalse/Screenshot%202024-07-11%20at%203.01.08%E2%80%AFPM.png; https://solsticeprod.s3.ap-south-1.amazonaws.com/https%3A/%2Fap-south-1.console.aws.amazon.com/s3/buckets/solsticedev%3Fregion%3Dap-south-1%26bucketType%3Dgeneral%26prefix%3Dcms/%26showversions%3Dfalse/WhatsApp%20Image%202023-07-10%20at%2013.03.21%20%281%29.jpeg; https://solsticeprod.s3.ap-south-1.amazonaws.com/https%3A/%2Fap-south-1.console.aws.amazon.com/s3/buckets/solsticedev%3Fregion%3Dap-south-1%26bucketType%3Dgeneral%26prefix%3Dcms/%26showversions%3Dfalse/WhatsApp%20Image%202023-04-10%20at%209.47.32%20PM%20%281%29.jpeg; https://solsticeprod.s3.ap-south-1.amazonaws.com/https%3A/%2Fap-south-1.console.aws.amazon.com/s3/buckets/solsticedev%3Fregion%3Dap-south-1%26bucketType%3Dgeneral%26prefix%3Dcms/%26showversions%3Dfalse/WhatsApp%20Image%202023-04-10%20at%209.49.49%20PM%20%281%29.jpeg; https://solsticeprod.s3.ap-south-1.amazonaws.com/https%3A/%2Fap-south-1.console.aws.amazon.com/s3/buckets/solsticedev%3Fregion%3Dap-south-1%26bucketType%3Dgeneral%26prefix%3Dcms/%26showversions%3Dfalse/Screenshot%202024-07-11%20at%203.11.13%E2%80%AFPM.png; https://solsticeprod.s3.ap-south-1.amazonaws.com/https%3A/%2Fap-south-1.console.aws.amazon.com/s3/buckets/solsticedev%3Fregion%3Dap-south-1%26bucketType%3Dgeneral%26prefix%3Dcms/%26showversions%3Dfalse/Screenshot%202024-07-11%20at%201.23.18%E2%80%AFPM.png; https://solsticeprod.s3.ap-south-1.amazonaws.com/https%3A/%2Fap-south-1.console.aws.amazon.com/s3/buckets/solsticedev%3Fregion%3Dap-south-1%26bucketType%3Dgeneral%26prefix%3Dcms/%26showversions%3Dfalse/Screenshot%202024-07-11%20at%203.02.17%E2%80%AFPM.png; https://solsticeprod.s3.ap-south-1.amazonaws.com/https%3A/%2Fap-south-1.console.aws.amazon.com/s3/buckets/solsticedev%3Fregion%3Dap-south-1%26bucketType%3Dgeneral%26prefix%3Dcms/%26showversions%3Dfalse/Screenshot%202024-07-11%20at%203.02.01%E2%80%AFPM.png; https://solsticeprod.s3.ap-south-1.amazonaws.com/https%3A/%2Fap-south-1.console.aws.amazon.com/s3/buckets/solsticedev%3Fregion%3Dap-south-1%26bucketType%3Dgeneral%26prefix%3Dcms/%26showversions%3Dfalse/Screenshot%202024-07-11%20at%201.23.25%E2%80%AFPM.png; https://solsticeprod.s3.ap-south-1.amazonaws.com/https%3A/%2Fap-south-1.console.aws.amazon.com/s3/buckets/solsticedev%3Fregion%3Dap-south-1%26bucketType%3Dgeneral%26prefix%3Dcms/%26showversions%3Dfalse/Screenshot%202024-07-11%20at%203.01.18%E2%80%AFPM.png; https://solsticeprod.s3.ap-south-1.amazonaws.com/https%3A/%2Fap-south-1.console.aws.amazon.com/s3/buckets/solsticedev%3Fregion%3Dap-south-1%26bucketType%3Dgeneral%26prefix%3Dcms/%26showversions%3Dfalse/Screenshot%202024-07-11%20at%201.18.49%E2%80%AFPM.png; https://solsticeprod.s3.ap-south-1.amazonaws.com/https%3A/%2Fap-south-1.console.aws.amazon.com/s3/buckets/solsticedev%3Fregion%3Dap-south-1%26bucketType%3Dgeneral%26prefix%3Dcms/%26showversions%3Dfalse/WhatsApp%20Image%202023-04-10%20at%209.47.33%20PM.jpeg; https://solsticeprod.s3.ap-south-1.amazonaws.com/https%3A/%2Fap-south-1.console.aws.amazon.com/s3/buckets/solsticedev%3Fregion%3Dap-south-1%26bucketType%3Dgeneral%26prefix%3Dcms/%26showversions%3Dfalse/ABN00593.JPG; https://solsticeprod.s3.ap-south-1.amazonaws.com/https%3A/%2Fap-south-1.console.aws.amazon.com/s3/buckets/solsticedev%3Fregion%3Dap-south-1%26bucketType%3Dgeneral%26prefix%3Dcms/%26showversions%3Dfalse/ABN00640.JPG; https://solsticeprod.s3.ap-south-1.amazonaws.com/https%3A/%2Fap-south-1.console.aws.amazon.com/s3/buckets/solsticedev%3Fregion%3Dap-south-1%26bucketType%3Dgeneral%26prefix%3Dcms/%26showversions%3Dfalse/WhatsApp%20Image%202023-07-10%20at%2013.03.28.jpeg","living room","modern indian interior","{}","living room, modern indian interior, efficient use of space with a focus on comfort and functionality, white, gold, grey, black, marble, metal, glass, fabric, high ceiling, large television, geometric rug, contemporary furniture, chandelier, television, flat-screen design, large size, furniture, modern l-shaped sofa, black and white color scheme, minimalist design, coffee table, low and sleek design, dark color, storage space, golden with geometric shapes, modern indian design, marble wall"
"Color Schemes","Blue interior designs India",20,19,95,80.5,"enhanced_object_search",false,0,"https://solsticeprod.s3.ap-south-1.amazonaws.com/https%3A/%2Fap-south-1.console.aws.amazon.com/s3/buckets/solsticedev%3Fregion%3Dap-south-1%26bucketType%3Dgeneral%26prefix%3Dcms/%26showversions%3Dfalse/Screenshot%202024-07-11%20at%203.02.01%E2%80%AFPM.png; https://solsticeprod.s3.ap-south-1.amazonaws.com/https%3A/%2Fap-south-1.console.aws.amazon.com/s3/buckets/solsticedev%3Fregion%3Dap-south-1%26bucketType%3Dgeneral%26prefix%3Dcms/%26showversions%3Dfalse/Screenshot%202024-07-11%20at%203.11.13%E2%80%AFPM.png; https://solsticeprod.s3.ap-south-1.amazonaws.com/https%3A/%2Fap-south-1.console.aws.amazon.com/s3/buckets/solsticedev%3Fregion%3Dap-south-1%26bucketType%3Dgeneral%26prefix%3Dcms/%26showversions%3Dfalse/Screenshot%202024-07-11%20at%203.01.08%E2%80%AFPM.png; https://solsticeprod.s3.ap-south-1.amazonaws.com/https%3A/%2Fap-south-1.console.aws.amazon.com/s3/buckets/solsticedev%3Fregion%3Dap-south-1%26bucketType%3Dgeneral%26prefix%3Dcms/%26showversions%3Dfalse/Screenshot%202024-07-11%20at%203.01.18%E2%80%AFPM.png; https://solsticeprod.s3.ap-south-1.amazonaws.com/https%3A/%2Fap-south-1.console.aws.amazon.com/s3/buckets/solsticedev%3Fregion%3Dap-south-1%26bucketType%3Dgeneral%26prefix%3Dcms/%26showversions%3Dfalse/ABN00593.JPG; https://solsticeprod.s3.ap-south-1.amazonaws.com/https%3A/%2Fap-south-1.console.aws.amazon.com/s3/buckets/solsticedev%3Fregion%3Dap-south-1%26bucketType%3Dgeneral%26prefix%3Dcms/%26showversions%3Dfalse/Screenshot%202024-07-11%20at%203.02.13%E2%80%AFPM.png; https://solsticeprod.s3.ap-south-1.amazonaws.com/https%3A/%2Fap-south-1.console.aws.amazon.com/s3/buckets/solsticedev%3Fregion%3Dap-south-1%26bucketType%3Dgeneral%26prefix%3Dcms/%26showversions%3Dfalse/Screenshot%202024-07-11%20at%203.02.17%E2%80%AFPM.png; https://solsticeprod.s3.ap-south-1.amazonaws.com/https%3A/%2Fap-south-1.console.aws.amazon.com/s3/buckets/solsticedev%3Fregion%3Dap-south-1%26bucketType%3Dgeneral%26prefix%3Dcms/%26showversions%3Dfalse/WhatsApp%20Image%202023-07-10%20at%2013.03.21%20%281%29.jpeg; https://solsticeprod.s3.ap-south-1.amazonaws.com/https%3A/%2Fap-south-1.console.aws.amazon.com/s3/buckets/solsticedev%3Fregion%3Dap-south-1%26bucketType%3Dgeneral%26prefix%3Dcms/%26showversions%3Dfalse/WhatsApp%20Image%202023-04-10%20at%209.47.33%20PM.jpeg; https://solsticeprod.s3.ap-south-1.amazonaws.com/https%3A/%2Fap-south-1.console.aws.amazon.com/s3/buckets/solsticedev%3Fregion%3Dap-south-1%26bucketType%3Dgeneral%26prefix%3Dcms/%26showversions%3Dfalse/ABN00640.JPG; https://solsticeprod.s3.ap-south-1.amazonaws.com/https%3A/%2Fap-south-1.console.aws.amazon.com/s3/buckets/solsticedev%3Fregion%3Dap-south-1%26bucketType%3Dgeneral%26prefix%3Dcms/%26showversions%3Dfalse/Screenshot%202024-07-11%20at%201.18.49%E2%80%AFPM.png; https://solsticeprod.s3.ap-south-1.amazonaws.com/https%3A/%2Fap-south-1.console.aws.amazon.com/s3/buckets/solsticedev%3Fregion%3Dap-south-1%26bucketType%3Dgeneral%26prefix%3Dcms/%26showversions%3Dfalse/WhatsApp%20Image%202023-04-10%20at%209.47.21%20PM.jpeg; https://solsticeprod.s3.ap-south-1.amazonaws.com/https%3A/%2Fap-south-1.console.aws.amazon.com/s3/buckets/solsticedev%3Fregion%3Dap-south-1%26bucketType%3Dgeneral%26prefix%3Dcms/%26showversions%3Dfalse/WhatsApp%20Image%202023-04-10%20at%209.47.32%20PM%20%281%29.jpeg; https://solsticeprod.s3.ap-south-1.amazonaws.com/https%3A/%2Fap-south-1.console.aws.amazon.com/s3/buckets/solsticedev%3Fregion%3Dap-south-1%26bucketType%3Dgeneral%26prefix%3Dcms/%26showversions%3Dfalse/WhatsApp%20Image%202023-07-10%20at%2013.03.28.jpeg; https://solsticeprod.s3.ap-south-1.amazonaws.com/https%3A/%2Fap-south-1.console.aws.amazon.com/s3/buckets/solsticedev%3Fregion%3Dap-south-1%26bucketType%3Dgeneral%26prefix%3Dcms/%26showversions%3Dfalse/WhatsApp%20Image%202023-04-10%20at%209.49.55%20PM.jpeg; https://solsticeprod.s3.ap-south-1.amazonaws.com/https%3A/%2Fap-south-1.console.aws.amazon.com/s3/buckets/solsticedev%3Fregion%3Dap-south-1%26bucketType%3Dgeneral%26prefix%3Dcms/%26showversions%3Dfalse/Screenshot%202024-07-11%20at%203.02.06%E2%80%AFPM.png; https://solsticeprod.s3.ap-south-1.amazonaws.com/https%3A/%2Fap-south-1.console.aws.amazon.com/s3/buckets/solsticedev%3Fregion%3Dap-south-1%26bucketType%3Dgeneral%26prefix%3Dcms/%26showversions%3Dfalse/WhatsApp%20Image%202023-04-10%20at%209.47.30%20PM.jpeg; https://solsticeprod.s3.ap-south-1.amazonaws.com/https%3A/%2Fap-south-1.console.aws.amazon.com/s3/buckets/solsticedev%3Fregion%3Dap-south-1%26bucketType%3Dgeneral%26prefix%3Dcms/%26showversions%3Dfalse/Screenshot%202024-07-11%20at%201.23.08%E2%80%AFPM.png; https://solsticeprod.s3.ap-south-1.amazonaws.com/https%3A/%2Fap-south-1.console.aws.amazon.com/s3/buckets/solsticedev%3Fregion%3Dap-south-1%26bucketType%3Dgeneral%26prefix%3Dcms/%26showversions%3Dfalse/3.jpg; https://solsticeprod.s3.ap-south-1.amazonaws.com/https%3A/%2Fap-south-1.console.aws.amazon.com/s3/buckets/solsticedev%3Fregion%3Dap-south-1%26bucketType%3Dgeneral%26prefix%3Dcms/%26showversions%3Dfalse/Screenshot%202024-07-11%20at%203.02.26%E2%80%AFPM.png","bedroom","modern indian","{}","bedroom, modern indian, efficient use of space for storage and seating, beige, white, blue, brown, frosted glass, metallic, wood, cotton/linen, fabric, built-in wardrobe with sliding doors, wooden flooring, curtains with earthy tones, natural light through window, built-in wardrobe, sliding doors with frosted glass panels, metallic handles, beige cabinetry, window curtains, draped style, two-tone design with beige and blue, hardwood with a natural finish, built-in bench, wooden seat and backrest, white cushion top, sliding doors, curtains, contemporary design, indian interior design"
"Color Schemes","Green interior designs",20,7,35,42.05,"enhanced_object_search",false,0,"https://solsticeprod.s3.ap-south-1.amazonaws.com/https%3A/%2Fap-south-1.console.aws.amazon.com/s3/buckets/solsticedev%3Fregion%3Dap-south-1%26bucketType%3Dgeneral%26prefix%3Dcms/%26showversions%3Dfalse/WhatsApp%20Image%202023-07-10%20at%2013.03.21%20%281%29.jpeg; https://solsticeprod.s3.ap-south-1.amazonaws.com/https%3A/%2Fap-south-1.console.aws.amazon.com/s3/buckets/solsticedev%3Fregion%3Dap-south-1%26bucketType%3Dgeneral%26prefix%3Dcms/%26showversions%3Dfalse/WhatsApp%20Image%202023-04-10%20at%209.47.33%20PM.jpeg; https://solsticeprod.s3.ap-south-1.amazonaws.com/https%3A/%2Fap-south-1.console.aws.amazon.com/s3/buckets/solsticedev%3Fregion%3Dap-south-1%26bucketType%3Dgeneral%26prefix%3Dcms/%26showversions%3Dfalse/Screenshot%202024-07-11%20at%203.02.17%E2%80%AFPM.png; https://solsticeprod.s3.ap-south-1.amazonaws.com/https%3A/%2Fap-south-1.console.aws.amazon.com/s3/buckets/solsticedev%3Fregion%3Dap-south-1%26bucketType%3Dgeneral%26prefix%3Dcms/%26showversions%3Dfalse/WhatsApp%20Image%202023-04-10%20at%209.49.50%20PM%20%281%29.jpeg; https://solsticeprod.s3.ap-south-1.amazonaws.com/https%3A/%2Fap-south-1.console.aws.amazon.com/s3/buckets/solsticedev%3Fregion%3Dap-south-1%26bucketType%3Dgeneral%26prefix%3Dcms/%26showversions%3Dfalse/WhatsApp%20Image%202023-04-10%20at%209.49.54%20PM%20%282%29.jpeg; https://solsticeprod.s3.ap-south-1.amazonaws.com/https%3A/%2Fap-south-1.console.aws.amazon.com/s3/buckets/solsticedev%3Fregion%3Dap-south-1%26bucketType%3Dgeneral%26prefix%3Dcms/%26showversions%3Dfalse/3-2.jpg; https://solsticeprod.s3.ap-south-1.amazonaws.com/https%3A/%2Fap-south-1.console.aws.amazon.com/s3/buckets/solsticedev%3Fregion%3Dap-south-1%26bucketType%3Dgeneral%26prefix%3Dcms/%26showversions%3Dfalse/Screenshot%202024-07-11%20at%201.23.08%E2%80%AFPM.png; https://solsticeprod.s3.ap-south-1.amazonaws.com/https%3A/%2Fap-south-1.console.aws.amazon.com/s3/buckets/solsticedev%3Fregion%3Dap-south-1%26bucketType%3Dgeneral%26prefix%3Dcms/%26showversions%3Dfalse/WhatsApp%20Image%202023-04-10%20at%209.47.32%20PM%20%281%29.jpeg; https://solsticeprod.s3.ap-south-1.amazonaws.com/https%3A/%2Fap-south-1.console.aws.amazon.com/s3/buckets/solsticedev%3Fregion%3Dap-south-1%26bucketType%3Dgeneral%26prefix%3Dcms/%26showversions%3Dfalse/Screenshot%202024-07-11%20at%203.01.08%E2%80%AFPM.png; https://solsticeprod.s3.ap-south-1.amazonaws.com/https%3A/%2Fap-south-1.console.aws.amazon.com/s3/buckets/solsticedev%3Fregion%3Dap-south-1%26bucketType%3Dgeneral%26prefix%3Dcms/%26showversions%3Dfalse/Screenshot%202024-07-11%20at%203.11.13%E2%80%AFPM.png; https://solsticeprod.s3.ap-south-1.amazonaws.com/https%3A/%2Fap-south-1.console.aws.amazon.com/s3/buckets/solsticedev%3Fregion%3Dap-south-1%26bucketType%3Dgeneral%26prefix%3Dcms/%26showversions%3Dfalse/Screenshot%202024-07-11%20at%201.23.18%E2%80%AFPM.png; https://solsticeprod.s3.ap-south-1.amazonaws.com/https%3A/%2Fap-south-1.console.aws.amazon.com/s3/buckets/solsticedev%3Fregion%3Dap-south-1%26bucketType%3Dgeneral%26prefix%3Dcms/%26showversions%3Dfalse/Screenshot%202024-07-11%20at%201.18.49%E2%80%AFPM.png; https://solsticeprod.s3.ap-south-1.amazonaws.com/https%3A/%2Fap-south-1.console.aws.amazon.com/s3/buckets/solsticedev%3Fregion%3Dap-south-1%26bucketType%3Dgeneral%26prefix%3Dcms/%26showversions%3Dfalse/Screenshot%202024-07-11%20at%203.02.01%E2%80%AFPM.png; https://solsticeprod.s3.ap-south-1.amazonaws.com/https%3A/%2Fap-south-1.console.aws.amazon.com/s3/buckets/solsticedev%3Fregion%3Dap-south-1%26bucketType%3Dgeneral%26prefix%3Dcms/%26showversions%3Dfalse/Screenshot%202024-07-11%20at%203.01.18%E2%80%AFPM.png; https://solsticeprod.s3.ap-south-1.amazonaws.com/https%3A/%2Fap-south-1.console.aws.amazon.com/s3/buckets/solsticedev%3Fregion%3Dap-south-1%26bucketType%3Dgeneral%26prefix%3Dcms/%26showversions%3Dfalse/Screenshot%202024-07-11%20at%201.18.08%E2%80%AFPM.png; https://solsticeprod.s3.ap-south-1.amazonaws.com/https%3A/%2Fap-south-1.console.aws.amazon.com/s3/buckets/solsticedev%3Fregion%3Dap-south-1%26bucketType%3Dgeneral%26prefix%3Dcms/%26showversions%3Dfalse/ABN00640.JPG; https://solsticeprod.s3.ap-south-1.amazonaws.com/https%3A/%2Fap-south-1.console.aws.amazon.com/s3/buckets/solsticedev%3Fregion%3Dap-south-1%26bucketType%3Dgeneral%26prefix%3Dcms/%26showversions%3Dfalse/ABN00593.JPG; https://solsticeprod.s3.ap-south-1.amazonaws.com/https%3A/%2Fap-south-1.console.aws.amazon.com/s3/buckets/solsticedev%3Fregion%3Dap-south-1%26bucketType%3Dgeneral%26prefix%3Dcms/%26showversions%3Dfalse/ABN00623.JPG; https://solsticeprod.s3.ap-south-1.amazonaws.com/https%3A/%2Fap-south-1.console.aws.amazon.com/s3/buckets/solsticedev%3Fregion%3Dap-south-1%26bucketType%3Dgeneral%26prefix%3Dcms/%26showversions%3Dfalse/ABN00678.JPG; https://solsticeprod.s3.ap-south-1.amazonaws.com/https%3A/%2Fap-south-1.console.aws.amazon.com/s3/buckets/solsticedev%3Fregion%3Dap-south-1%26bucketType%3Dgeneral%26prefix%3Dcms/%26showversions%3Dfalse/Screenshot%202024-07-11%20at%201.18.03%E2%80%AFPM.png","walls","contemporary","{}","walls, contemporary, wall space used for decorative elements, likely serving as a focal point, white, brown, beige, dark brown, painted gypsum, wood, metallic, plastic, painted wall panels, ceiling with geometric patterns, modern lighting, ceiling, painted with geometric patterns, likely inspired by traditional indian designs, wall, paneling of wooden slats, ceiling light, modern light fixture, possibly led or fluorescent, contemporary design, geometric patterns, geometric ceiling, teak wood paneling, interior design"
"Color Schemes","Pink interior designs India",20,19,95,79.5,"enhanced_object_search",false,0,"https://solsticeprod.s3.ap-south-1.amazonaws.com/https%3A/%2Fap-south-1.console.aws.amazon.com/s3/buckets/solsticedev%3Fregion%3Dap-south-1%26bucketType%3Dgeneral%26prefix%3Dcms/%26showversions%3Dfalse/Screenshot%202024-07-11%20at%203.02.01%E2%80%AFPM.png; https://solsticeprod.s3.ap-south-1.amazonaws.com/https%3A/%2Fap-south-1.console.aws.amazon.com/s3/buckets/solsticedev%3Fregion%3Dap-south-1%26bucketType%3Dgeneral%26prefix%3Dcms/%26showversions%3Dfalse/Screenshot%202024-07-11%20at%203.11.13%E2%80%AFPM.png; https://solsticeprod.s3.ap-south-1.amazonaws.com/https%3A/%2Fap-south-1.console.aws.amazon.com/s3/buckets/solsticedev%3Fregion%3Dap-south-1%26bucketType%3Dgeneral%26prefix%3Dcms/%26showversions%3Dfalse/Screenshot%202024-07-11%20at%203.01.18%E2%80%AFPM.png; https://solsticeprod.s3.ap-south-1.amazonaws.com/https%3A/%2Fap-south-1.console.aws.amazon.com/s3/buckets/solsticedev%3Fregion%3Dap-south-1%26bucketType%3Dgeneral%26prefix%3Dcms/%26showversions%3Dfalse/Screenshot%202024-07-11%20at%203.01.08%E2%80%AFPM.png; https://solsticeprod.s3.ap-south-1.amazonaws.com/https%3A/%2Fap-south-1.console.aws.amazon.com/s3/buckets/solsticedev%3Fregion%3Dap-south-1%26bucketType%3Dgeneral%26prefix%3Dcms/%26showversions%3Dfalse/ABN00593.JPG; https://solsticeprod.s3.ap-south-1.amazonaws.com/https%3A/%2Fap-south-1.console.aws.amazon.com/s3/buckets/solsticedev%3Fregion%3Dap-south-1%26bucketType%3Dgeneral%26prefix%3Dcms/%26showversions%3Dfalse/WhatsApp%20Image%202023-04-10%20at%209.47.30%20PM.jpeg; https://solsticeprod.s3.ap-south-1.amazonaws.com/https%3A/%2Fap-south-1.console.aws.amazon.com/s3/buckets/solsticedev%3Fregion%3Dap-south-1%26bucketType%3Dgeneral%26prefix%3Dcms/%26showversions%3Dfalse/WhatsApp%20Image%202023-04-10%20at%209.47.33%20PM.jpeg; https://solsticeprod.s3.ap-south-1.amazonaws.com/https%3A/%2Fap-south-1.console.aws.amazon.com/s3/buckets/solsticedev%3Fregion%3Dap-south-1%26bucketType%3Dgeneral%26prefix%3Dcms/%26showversions%3Dfalse/WhatsApp%20Image%202023-07-10%20at%2013.03.21%20%281%29.jpeg; https://solsticeprod.s3.ap-south-1.amazonaws.com/https%3A/%2Fap-south-1.console.aws.amazon.com/s3/buckets/solsticedev%3Fregion%3Dap-south-1%26bucketType%3Dgeneral%26prefix%3Dcms/%26showversions%3Dfalse/Screenshot%202024-07-11%20at%203.02.17%E2%80%AFPM.png; https://solsticeprod.s3.ap-south-1.amazonaws.com/https%3A/%2Fap-south-1.console.aws.amazon.com/s3/buckets/solsticedev%3Fregion%3Dap-south-1%26bucketType%3Dgeneral%26prefix%3Dcms/%26showversions%3Dfalse/ABN00640.JPG; https://solsticeprod.s3.ap-south-1.amazonaws.com/https%3A/%2Fap-south-1.console.aws.amazon.com/s3/buckets/solsticedev%3Fregion%3Dap-south-1%26bucketType%3Dgeneral%26prefix%3Dcms/%26showversions%3Dfalse/Screenshot%202024-07-11%20at%201.18.49%E2%80%AFPM.png; https://solsticeprod.s3.ap-south-1.amazonaws.com/https%3A/%2Fap-south-1.console.aws.amazon.com/s3/buckets/solsticedev%3Fregion%3Dap-south-1%26bucketType%3Dgeneral%26prefix%3Dcms/%26showversions%3Dfalse/WhatsApp%20Image%202023-04-10%20at%209.47.32%20PM%20%281%29.jpeg; https://solsticeprod.s3.ap-south-1.amazonaws.com/https%3A/%2Fap-south-1.console.aws.amazon.com/s3/buckets/solsticedev%3Fregion%3Dap-south-1%26bucketType%3Dgeneral%26prefix%3Dcms/%26showversions%3Dfalse/WhatsApp%20Image%202023-07-10%20at%2013.03.28.jpeg; https://solsticeprod.s3.ap-south-1.amazonaws.com/https%3A/%2Fap-south-1.console.aws.amazon.com/s3/buckets/solsticedev%3Fregion%3Dap-south-1%26bucketType%3Dgeneral%26prefix%3Dcms/%26showversions%3Dfalse/Screenshot%202024-07-11%20at%203.02.06%E2%80%AFPM.png; https://solsticeprod.s3.ap-south-1.amazonaws.com/https%3A/%2Fap-south-1.console.aws.amazon.com/s3/buckets/solsticedev%3Fregion%3Dap-south-1%26bucketType%3Dgeneral%26prefix%3Dcms/%26showversions%3Dfalse/WhatsApp%20Image%202023-04-10%20at%209.49.55%20PM.jpeg; https://solsticeprod.s3.ap-south-1.amazonaws.com/https%3A/%2Fap-south-1.console.aws.amazon.com/s3/buckets/solsticedev%3Fregion%3Dap-south-1%26bucketType%3Dgeneral%26prefix%3Dcms/%26showversions%3Dfalse/Screenshot%202024-07-11%20at%203.02.13%E2%80%AFPM.png; https://solsticeprod.s3.ap-south-1.amazonaws.com/https%3A/%2Fap-south-1.console.aws.amazon.com/s3/buckets/solsticedev%3Fregion%3Dap-south-1%26bucketType%3Dgeneral%26prefix%3Dcms/%26showversions%3Dfalse/Screenshot%202024-07-11%20at%201.23.08%E2%80%AFPM.png; https://solsticeprod.s3.ap-south-1.amazonaws.com/https%3A/%2Fap-south-1.console.aws.amazon.com/s3/buckets/solsticedev%3Fregion%3Dap-south-1%26bucketType%3Dgeneral%26prefix%3Dcms/%26showversions%3Dfalse/3.jpg; https://solsticeprod.s3.ap-south-1.amazonaws.com/https%3A/%2Fap-south-1.console.aws.amazon.com/s3/buckets/solsticedev%3Fregion%3Dap-south-1%26bucketType%3Dgeneral%26prefix%3Dcms/%26showversions%3Dfalse/WhatsApp%20Image%202023-04-10%20at%209.47.21%20PM.jpeg; https://solsticeprod.s3.ap-south-1.amazonaws.com/https%3A/%2Fap-south-1.console.aws.amazon.com/s3/buckets/solsticedev%3Fregion%3Dap-south-1%26bucketType%3Dgeneral%26prefix%3Dcms/%26showversions%3Dfalse/Screenshot%202024-07-11%20at%203.02.26%E2%80%AFPM.png","bedroom","modern indian","{}","bedroom, modern indian, efficient use of space for storage and seating, beige, white, blue, brown, frosted glass, metallic, wood, cotton/linen, fabric, built-in wardrobe with sliding doors, wooden flooring, curtains with earthy tones, natural light through window, built-in wardrobe, sliding doors with frosted glass panels, metallic handles, beige cabinetry, window curtains, draped style, two-tone design with beige and blue, hardwood with a natural finish, built-in bench, wooden seat and backrest, white cushion top, sliding doors, curtains, contemporary design, indian interior design"
"Color Schemes","Brown interior designs",20,10,50,52.55,"enhanced_object_search",false,0,"https://solsticeprod.s3.ap-south-1.amazonaws.com/https%3A/%2Fap-south-1.console.aws.amazon.com/s3/buckets/solsticedev%3Fregion%3Dap-south-1%26bucketType%3Dgeneral%26prefix%3Dcms/%26showversions%3Dfalse/Screenshot%202024-07-11%20at%203.02.01%E2%80%AFPM.png; https://solsticeprod.s3.ap-south-1.amazonaws.com/https%3A/%2Fap-south-1.console.aws.amazon.com/s3/buckets/solsticedev%3Fregion%3Dap-south-1%26bucketType%3Dgeneral%26prefix%3Dcms/%26showversions%3Dfalse/Screenshot%202024-07-11%20at%203.11.13%E2%80%AFPM.png; https://solsticeprod.s3.ap-south-1.amazonaws.com/https%3A/%2Fap-south-1.console.aws.amazon.com/s3/buckets/solsticedev%3Fregion%3Dap-south-1%26bucketType%3Dgeneral%26prefix%3Dcms/%26showversions%3Dfalse/ABN00593.JPG; https://solsticeprod.s3.ap-south-1.amazonaws.com/https%3A/%2Fap-south-1.console.aws.amazon.com/s3/buckets/solsticedev%3Fregion%3Dap-south-1%26bucketType%3Dgeneral%26prefix%3Dcms/%26showversions%3Dfalse/WhatsApp%20Image%202023-07-10%20at%2013.03.21%20%281%29.jpeg; https://solsticeprod.s3.ap-south-1.amazonaws.com/https%3A/%2Fap-south-1.console.aws.amazon.com/s3/buckets/solsticedev%3Fregion%3Dap-south-1%26bucketType%3Dgeneral%26prefix%3Dcms/%26showversions%3Dfalse/Screenshot%202024-07-11%20at%203.02.17%E2%80%AFPM.png; https://solsticeprod.s3.ap-south-1.amazonaws.com/https%3A/%2Fap-south-1.console.aws.amazon.com/s3/buckets/solsticedev%3Fregion%3Dap-south-1%26bucketType%3Dgeneral%26prefix%3Dcms/%26showversions%3Dfalse/ABN00640.JPG; https://solsticeprod.s3.ap-south-1.amazonaws.com/https%3A/%2Fap-south-1.console.aws.amazon.com/s3/buckets/solsticedev%3Fregion%3Dap-south-1%26bucketType%3Dgeneral%26prefix%3Dcms/%26showversions%3Dfalse/Screenshot%202024-07-11%20at%201.18.49%E2%80%AFPM.png; https://solsticeprod.s3.ap-south-1.amazonaws.com/https%3A/%2Fap-south-1.console.aws.amazon.com/s3/buckets/solsticedev%3Fregion%3Dap-south-1%26bucketType%3Dgeneral%26prefix%3Dcms/%26showversions%3Dfalse/WhatsApp%20Image%202023-04-10%20at%209.47.32%20PM%20%281%29.jpeg; https://solsticeprod.s3.ap-south-1.amazonaws.com/https%3A/%2Fap-south-1.console.aws.amazon.com/s3/buckets/solsticedev%3Fregion%3Dap-south-1%26bucketType%3Dgeneral%26prefix%3Dcms/%26showversions%3Dfalse/WhatsApp%20Image%202023-04-10%20at%209.49.55%20PM.jpeg; https://solsticeprod.s3.ap-south-1.amazonaws.com/https%3A/%2Fap-south-1.console.aws.amazon.com/s3/buckets/solsticedev%3Fregion%3Dap-south-1%26bucketType%3Dgeneral%26prefix%3Dcms/%26showversions%3Dfalse/Screenshot%202024-07-11%20at%203.02.06%E2%80%AFPM.png; https://solsticeprod.s3.ap-south-1.amazonaws.com/https%3A/%2Fap-south-1.console.aws.amazon.com/s3/buckets/solsticedev%3Fregion%3Dap-south-1%26bucketType%3Dgeneral%26prefix%3Dcms/%26showversions%3Dfalse/WhatsApp%20Image%202023-04-10%20at%209.49.49%20PM%20%281%29.jpeg; https://solsticeprod.s3.ap-south-1.amazonaws.com/https%3A/%2Fap-south-1.console.aws.amazon.com/s3/buckets/solsticedev%3Fregion%3Dap-south-1%26bucketType%3Dgeneral%26prefix%3Dcms/%26showversions%3Dfalse/WhatsApp%20Image%202023-04-10%20at%209.47.30%20PM.jpeg; https://solsticeprod.s3.ap-south-1.amazonaws.com/https%3A/%2Fap-south-1.console.aws.amazon.com/s3/buckets/solsticedev%3Fregion%3Dap-south-1%26bucketType%3Dgeneral%26prefix%3Dcms/%26showversions%3Dfalse/Screenshot%202024-07-11%20at%203.12.04%E2%80%AFPM.png; https://solsticeprod.s3.ap-south-1.amazonaws.com/https%3A/%2Fap-south-1.console.aws.amazon.com/s3/buckets/solsticedev%3Fregion%3Dap-south-1%26bucketType%3Dgeneral%26prefix%3Dcms/%26showversions%3Dfalse/Screenshot%202024-07-11%20at%203.01.08%E2%80%AFPM.png; https://solsticeprod.s3.ap-south-1.amazonaws.com/https%3A/%2Fap-south-1.console.aws.amazon.com/s3/buckets/solsticedev%3Fregion%3Dap-south-1%26bucketType%3Dgeneral%26prefix%3Dcms/%26showversions%3Dfalse/Screenshot%202024-07-11%20at%203.02.26%E2%80%AFPM.png; https://solsticeprod.s3.ap-south-1.amazonaws.com/https%3A/%2Fap-south-1.console.aws.amazon.com/s3/buckets/solsticedev%3Fregion%3Dap-south-1%26bucketType%3Dgeneral%26prefix%3Dcms/%26showversions%3Dfalse/3-2.jpg; https://solsticeprod.s3.ap-south-1.amazonaws.com/https%3A/%2Fap-south-1.console.aws.amazon.com/s3/buckets/solsticedev%3Fregion%3Dap-south-1%26bucketType%3Dgeneral%26prefix%3Dcms/%26showversions%3Dfalse/WhatsApp%20Image%202023-07-10%20at%2013.03.28.jpeg; https://solsticeprod.s3.ap-south-1.amazonaws.com/https%3A/%2Fap-south-1.console.aws.amazon.com/s3/buckets/solsticedev%3Fregion%3Dap-south-1%26bucketType%3Dgeneral%26prefix%3Dcms/%26showversions%3Dfalse/Screenshot%202024-07-11%20at%201.23.18%E2%80%AFPM.png; https://solsticeprod.s3.ap-south-1.amazonaws.com/https%3A/%2Fap-south-1.console.aws.amazon.com/s3/buckets/solsticedev%3Fregion%3Dap-south-1%26bucketType%3Dgeneral%26prefix%3Dcms/%26showversions%3Dfalse/3.jpg; https://solsticeprod.s3.ap-south-1.amazonaws.com/https%3A/%2Fap-south-1.console.aws.amazon.com/s3/buckets/solsticedev%3Fregion%3Dap-south-1%26bucketType%3Dgeneral%26prefix%3Dcms/%26showversions%3Dfalse/Screenshot%202024-07-11%20at%203.01.18%E2%80%AFPM.png","bedroom","modern indian","{}","bedroom, modern indian, efficient use of space for storage and seating, beige, white, blue, brown, frosted glass, metallic, wood, cotton/linen, fabric, built-in wardrobe with sliding doors, wooden flooring, curtains with earthy tones, natural light through window, built-in wardrobe, sliding doors with frosted glass panels, metallic handles, beige cabinetry, window curtains, draped style, two-tone design with beige and blue, hardwood with a natural finish, built-in bench, wooden seat and backrest, white cushion top, sliding doors, curtains, contemporary design, indian interior design"
"Style Categories","Minimalist interior designs India",20,19,95,89,"enhanced_object_search",false,0,"https://solsticeprod.s3.ap-south-1.amazonaws.com/https%3A/%2Fap-south-1.console.aws.amazon.com/s3/buckets/solsticedev%3Fregion%3Dap-south-1%26bucketType%3Dgeneral%26prefix%3Dcms/%26showversions%3Dfalse/Screenshot%202024-07-11%20at%201.18.16%E2%80%AFPM.png; https://solsticeprod.s3.ap-south-1.amazonaws.com/https%3A/%2Fap-south-1.console.aws.amazon.com/s3/buckets/solsticedev%3Fregion%3Dap-south-1%26bucketType%3Dgeneral%26prefix%3Dcms/%26showversions%3Dfalse/Screenshot%202024-07-11%20at%203.02.01%E2%80%AFPM.png; https://solsticeprod.s3.ap-south-1.amazonaws.com/https%3A/%2Fap-south-1.console.aws.amazon.com/s3/buckets/solsticedev%3Fregion%3Dap-south-1%26bucketType%3Dgeneral%26prefix%3Dcms/%26showversions%3Dfalse/Screenshot%202024-07-11%20at%203.11.13%E2%80%AFPM.png; https://solsticeprod.s3.ap-south-1.amazonaws.com/https%3A/%2Fap-south-1.console.aws.amazon.com/s3/buckets/solsticedev%3Fregion%3Dap-south-1%26bucketType%3Dgeneral%26prefix%3Dcms/%26showversions%3Dfalse/Screenshot%202024-07-11%20at%203.01.08%E2%80%AFPM.png; https://solsticeprod.s3.ap-south-1.amazonaws.com/https%3A/%2Fap-south-1.console.aws.amazon.com/s3/buckets/solsticedev%3Fregion%3Dap-south-1%26bucketType%3Dgeneral%26prefix%3Dcms/%26showversions%3Dfalse/Screenshot%202024-07-11%20at%203.01.18%E2%80%AFPM.png; https://solsticeprod.s3.ap-south-1.amazonaws.com/https%3A/%2Fap-south-1.console.aws.amazon.com/s3/buckets/solsticedev%3Fregion%3Dap-south-1%26bucketType%3Dgeneral%26prefix%3Dcms/%26showversions%3Dfalse/Screenshot%202024-07-11%20at%201.23.18%E2%80%AFPM.png; https://solsticeprod.s3.ap-south-1.amazonaws.com/https%3A/%2Fap-south-1.console.aws.amazon.com/s3/buckets/solsticedev%3Fregion%3Dap-south-1%26bucketType%3Dgeneral%26prefix%3Dcms/%26showversions%3Dfalse/ABN00593.JPG; https://solsticeprod.s3.ap-south-1.amazonaws.com/https%3A/%2Fap-south-1.console.aws.amazon.com/s3/buckets/solsticedev%3Fregion%3Dap-south-1%26bucketType%3Dgeneral%26prefix%3Dcms/%26showversions%3Dfalse/Screenshot%202024-07-11%20at%203.02.13%E2%80%AFPM.png; https://solsticeprod.s3.ap-south-1.amazonaws.com/https%3A/%2Fap-south-1.console.aws.amazon.com/s3/buckets/solsticedev%3Fregion%3Dap-south-1%26bucketType%3Dgeneral%26prefix%3Dcms/%26showversions%3Dfalse/WhatsApp%20Image%202023-07-10%20at%2013.03.21%20%281%29.jpeg; https://solsticeprod.s3.ap-south-1.amazonaws.com/https%3A/%2Fap-south-1.console.aws.amazon.com/s3/buckets/solsticedev%3Fregion%3Dap-south-1%26bucketType%3Dgeneral%26prefix%3Dcms/%26showversions%3Dfalse/Screenshot%202024-07-11%20at%201.18.03%E2%80%AFPM.png; https://solsticeprod.s3.ap-south-1.amazonaws.com/https%3A/%2Fap-south-1.console.aws.amazon.com/s3/buckets/solsticedev%3Fregion%3Dap-south-1%26bucketType%3Dgeneral%26prefix%3Dcms/%26showversions%3Dfalse/WhatsApp%20Image%202023-04-10%20at%209.47.33%20PM.jpeg; https://solsticeprod.s3.ap-south-1.amazonaws.com/https%3A/%2Fap-south-1.console.aws.amazon.com/s3/buckets/solsticedev%3Fregion%3Dap-south-1%26bucketType%3Dgeneral%26prefix%3Dcms/%26showversions%3Dfalse/Screenshot%202024-07-11%20at%203.02.17%E2%80%AFPM.png; https://solsticeprod.s3.ap-south-1.amazonaws.com/https%3A/%2Fap-south-1.console.aws.amazon.com/s3/buckets/solsticedev%3Fregion%3Dap-south-1%26bucketType%3Dgeneral%26prefix%3Dcms/%26showversions%3Dfalse/ABN00640.JPG; https://solsticeprod.s3.ap-south-1.amazonaws.com/https%3A/%2Fap-south-1.console.aws.amazon.com/s3/buckets/solsticedev%3Fregion%3Dap-south-1%26bucketType%3Dgeneral%26prefix%3Dcms/%26showversions%3Dfalse/Screenshot%202024-07-11%20at%201.18.49%E2%80%AFPM.png; https://solsticeprod.s3.ap-south-1.amazonaws.com/https%3A/%2Fap-south-1.console.aws.amazon.com/s3/buckets/solsticedev%3Fregion%3Dap-south-1%26bucketType%3Dgeneral%26prefix%3Dcms/%26showversions%3Dfalse/Screenshot%202024-07-11%20at%203.12.04%E2%80%AFPM.png; https://solsticeprod.s3.ap-south-1.amazonaws.com/https%3A/%2Fap-south-1.console.aws.amazon.com/s3/buckets/solsticedev%3Fregion%3Dap-south-1%26bucketType%3Dgeneral%26prefix%3Dcms/%26showversions%3Dfalse/WhatsApp%20Image%202023-07-10%20at%2013.03.28.jpeg; https://solsticeprod.s3.ap-south-1.amazonaws.com/https%3A/%2Fap-south-1.console.aws.amazon.com/s3/buckets/solsticedev%3Fregion%3Dap-south-1%26bucketType%3Dgeneral%26prefix%3Dcms/%26showversions%3Dfalse/WhatsApp%20Image%202023-04-10%20at%209.47.21%20PM.jpeg; https://solsticeprod.s3.ap-south-1.amazonaws.com/https%3A/%2Fap-south-1.console.aws.amazon.com/s3/buckets/solsticedev%3Fregion%3Dap-south-1%26bucketType%3Dgeneral%26prefix%3Dcms/%26showversions%3Dfalse/WhatsApp%20Image%202023-04-10%20at%209.47.32%20PM%20%281%29.jpeg; https://solsticeprod.s3.ap-south-1.amazonaws.com/https%3A/%2Fap-south-1.console.aws.amazon.com/s3/buckets/solsticedev%3Fregion%3Dap-south-1%26bucketType%3Dgeneral%26prefix%3Dcms/%26showversions%3Dfalse/WhatsApp%20Image%202023-07-10%20at%2013.03.28.jpeg; https://solsticeprod.s3.ap-south-1.amazonaws.com/https%3A/%2Fap-south-1.console.aws.amazon.com/s3/buckets/solsticedev%3Fregion%3Dap-south-1%26bucketType%3Dgeneral%26prefix%3Dcms/%26showversions%3Dfalse/Screenshot%202024-07-11%20at%201.23.36%E2%80%AFPM.png","entryway/bathroom","modern minimalist with indian influences","{}","entryway/bathroom, modern minimalist with indian influences, efficient use of vertical space, white, brown, marble, gold, gray, wood, metal, ceramic, marble flooring, wooden cabinets, round mirror, wall-mounted shelves, wall-mounted cabinets, vertical shelves, cabinet doors, glass inserts, wooden frame, circular shape, marble countertop, integrated sink, smooth surface, wooden storage units, vertical storage, horizontal slats, vases, modern design, colorful, simple shapes, modern minimalist, indian influences"
"Style Categories","Scandinavian style Indian homes",4,3,75,50.35,"focused_room_search",false,0,"https://solsticeprod.s3.ap-south-1.amazonaws.com/https%3A/%2Fap-south-1.console.aws.amazon.com/s3/buckets/solsticedev%3Fregion%3Dap-south-1%26bucketType%3Dgeneral%26prefix%3Dcms/%26showversions%3Dfalse/Screenshot%202024-07-11%20at%203.02.26%E2%80%AFPM.png; https://solsticeprod.s3.ap-south-1.amazonaws.com/https%3A/%2Fap-south-1.console.aws.amazon.com/s3/buckets/solsticedev%3Fregion%3Dap-south-1%26bucketType%3Dgeneral%26prefix%3Dcms/%26showversions%3Dfalse/Screenshot%202024-07-11%20at%201.18.29%E2%80%AFPM.png; https://solsticeprod.s3.ap-south-1.amazonaws.com/https%3A/%2Fap-south-1.console.aws.amazon.com/s3/buckets/solsticedev%3Fregion%3Dap-south-1%26bucketType%3Dgeneral%26prefix%3Dcms/%26showversions%3Dfalse/WhatsApp%20Image%202023-07-10%20at%2013.03.28.jpeg; https://solsticeprod.s3.ap-south-1.amazonaws.com/https%3A/%2Fap-south-1.console.aws.amazon.com/s3/buckets/solsticedev%3Fregion%3Dap-south-1%26bucketType%3Dgeneral%26prefix%3Dcms/%26showversions%3Dfalse/WhatsApp%20Image%202023-07-10%20at%2013.03.28.jpeg","worship room","contemporary with traditional Indian elements","{"colors":["white","gold","brown","colorful religious icons"],"materials":["wood","glass","metal"],"primary_features":["glass doors with decorative cutouts","carved wooden elements","religious icons"],"object_types":["pooja cabinet"],"object_features":["glass doors with decorative cutouts","carved wooden elements","religious icons"],"object_materials":["wood","glass","metal"]}","worship room, contemporary with traditional indian elements, efficient use of vertical space for storage and display, white, gold, brown, colorful religious icons, wood, glass, metal, glass doors with decorative cutouts, carved wooden elements, religious icons, pooja cabinet"
"Style Categories","Bohemian interior designs",20,5,25,26.05,"enhanced_object_search",false,0,"https://solsticeprod.s3.ap-south-1.amazonaws.com/https%3A/%2Fap-south-1.console.aws.amazon.com/s3/buckets/solsticedev%3Fregion%3Dap-south-1%26bucketType%3Dgeneral%26prefix%3Dcms/%26showversions%3Dfalse/WhatsApp%20Image%202023-07-10%20at%2013.03.21%20%281%29.jpeg; https://solsticeprod.s3.ap-south-1.amazonaws.com/https%3A/%2Fap-south-1.console.aws.amazon.com/s3/buckets/solsticedev%3Fregion%3Dap-south-1%26bucketType%3Dgeneral%26prefix%3Dcms/%26showversions%3Dfalse/WhatsApp%20Image%202023-04-10%20at%209.47.32%20PM%20%281%29.jpeg; https://solsticeprod.s3.ap-south-1.amazonaws.com/https%3A/%2Fap-south-1.console.aws.amazon.com/s3/buckets/solsticedev%3Fregion%3Dap-south-1%26bucketType%3Dgeneral%26prefix%3Dcms/%26showversions%3Dfalse/Screenshot%202024-07-11%20at%203.01.08%E2%80%AFPM.png; https://solsticeprod.s3.ap-south-1.amazonaws.com/https%3A/%2Fap-south-1.console.aws.amazon.com/s3/buckets/solsticedev%3Fregion%3Dap-south-1%26bucketType%3Dgeneral%26prefix%3Dcms/%26showversions%3Dfalse/Screenshot%202024-07-11%20at%203.02.17%E2%80%AFPM.png; https://solsticeprod.s3.ap-south-1.amazonaws.com/https%3A/%2Fap-south-1.console.aws.amazon.com/s3/buckets/solsticedev%3Fregion%3Dap-south-1%26bucketType%3Dgeneral%26prefix%3Dcms/%26showversions%3Dfalse/Screenshot%202024-07-11%20at%203.02.01%E2%80%AFPM.png; https://solsticeprod.s3.ap-south-1.amazonaws.com/https%3A/%2Fap-south-1.console.aws.amazon.com/s3/buckets/solsticedev%3Fregion%3Dap-south-1%26bucketType%3Dgeneral%26prefix%3Dcms/%26showversions%3Dfalse/Screenshot%202024-07-11%20at%201.23.18%E2%80%AFPM.png; https://solsticeprod.s3.ap-south-1.amazonaws.com/https%3A/%2Fap-south-1.console.aws.amazon.com/s3/buckets/solsticedev%3Fregion%3Dap-south-1%26bucketType%3Dgeneral%26prefix%3Dcms/%26showversions%3Dfalse/Screenshot%202024-07-11%20at%201.18.49%E2%80%AFPM.png; https://solsticeprod.s3.ap-south-1.amazonaws.com/https%3A/%2Fap-south-1.console.aws.amazon.com/s3/buckets/solsticedev%3Fregion%3Dap-south-1%26bucketType%3Dgeneral%26prefix%3Dcms/%26showversions%3Dfalse/Screenshot%202024-07-11%20at%203.11.13%E2%80%AFPM.png; https://solsticeprod.s3.ap-south-1.amazonaws.com/https%3A/%2Fap-south-1.console.aws.amazon.com/s3/buckets/solsticedev%3Fregion%3Dap-south-1%26bucketType%3Dgeneral%26prefix%3Dcms/%26showversions%3Dfalse/ABN00593.JPG; https://solsticeprod.s3.ap-south-1.amazonaws.com/https%3A/%2Fap-south-1.console.aws.amazon.com/s3/buckets/solsticedev%3Fregion%3Dap-south-1%26bucketType%3Dgeneral%26prefix%3Dcms/%26showversions%3Dfalse/Screenshot%202024-07-11%20at%203.01.18%E2%80%AFPM.png; https://solsticeprod.s3.ap-south-1.amazonaws.com/https%3A/%2Fap-south-1.console.aws.amazon.com/s3/buckets/solsticedev%3Fregion%3Dap-south-1%26bucketType%3Dgeneral%26prefix%3Dcms/%26showversions%3Dfalse/ABN00640.JPG; https://solsticeprod.s3.ap-south-1.amazonaws.com/https%3A/%2Fap-south-1.console.aws.amazon.com/s3/buckets/solsticedev%3Fregion%3Dap-south-1%26bucketType%3Dgeneral%26prefix%3Dcms/%26showversions%3Dfalse/WhatsApp%20Image%202023-04-10%20at%209.47.33%20PM.jpeg; https://solsticeprod.s3.ap-south-1.amazonaws.com/https%3A/%2Fap-south-1.console.aws.amazon.com/s3/buckets/solsticedev%3Fregion%3Dap-south-1%26bucketType%3Dgeneral%26prefix%3Dcms/%26showversions%3Dfalse/WhatsApp%20Image%202023-07-10%20at%2013.03.28.jpeg; https://solsticeprod.s3.ap-south-1.amazonaws.com/https%3A/%2Fap-south-1.console.aws.amazon.com/s3/buckets/solsticedev%3Fregion%3Dap-south-1%26bucketType%3Dgeneral%26prefix%3Dcms/%26showversions%3Dfalse/WhatsApp%20Image%202023-04-10%20at%209.49.55%20PM.jpeg; https://solsticeprod.s3.ap-south-1.amazonaws.com/https%3A/%2Fap-south-1.console.aws.amazon.com/s3/buckets/solsticedev%3Fregion%3Dap-south-1%26bucketType%3Dgeneral%26prefix%3Dcms/%26showversions%3Dfalse/WhatsApp%20Image%202023-04-10%20at%209.49.54%20PM%20%282%29.jpeg; https://solsticeprod.s3.ap-south-1.amazonaws.com/https%3A/%2Fap-south-1.console.aws.amazon.com/s3/buckets/solsticedev%3Fregion%3Dap-south-1%26bucketType%3Dgeneral%26prefix%3Dcms/%26showversions%3Dfalse/WhatsApp%20Image%202023-04-10%20at%209.49.49%20PM%20%281%29.jpeg; https://solsticeprod.s3.ap-south-1.amazonaws.com/https%3A/%2Fap-south-1.console.aws.amazon.com/s3/buckets/solsticedev%3Fregion%3Dap-south-1%26bucketType%3Dgeneral%26prefix%3Dcms/%26showversions%3Dfalse/Screenshot%202024-07-11%20at%203.02.06%E2%80%AFPM.png; https://solsticeprod.s3.ap-south-1.amazonaws.com/https%3A/%2Fap-south-1.console.aws.amazon.com/s3/buckets/solsticedev%3Fregion%3Dap-south-1%26bucketType%3Dgeneral%26prefix%3Dcms/%26showversions%3Dfalse/Screenshot%202024-07-11%20at%201.23.36%E2%80%AFPM.png; https://solsticeprod.s3.ap-south-1.amazonaws.com/https%3A/%2Fap-south-1.console.aws.amazon.com/s3/buckets/solsticedev%3Fregion%3Dap-south-1%26bucketType%3Dgeneral%26prefix%3Dcms/%26showversions%3Dfalse/Screenshot%202024-07-11%20at%201.23.22%E2%80%AFPM.png; https://solsticeprod.s3.ap-south-1.amazonaws.com/https%3A/%2Fap-south-1.console.aws.amazon.com/s3/buckets/solsticedev%3Fregion%3Dap-south-1%26bucketType%3Dgeneral%26prefix%3Dcms/%26showversions%3Dfalse/Screenshot%202024-07-11%20at%203.02.13%E2%80%AFPM.png","walls","contemporary","{}","walls, contemporary, wall space used for decorative elements, likely serving as a focal point, white, brown, beige, dark brown, painted gypsum, wood, metallic, plastic, painted wall panels, ceiling with geometric patterns, modern lighting, ceiling, painted with geometric patterns, likely inspired by traditional indian designs, wall, paneling of wooden slats, ceiling light, modern light fixture, possibly led or fluorescent, contemporary design, geometric patterns, geometric ceiling, teak wood paneling, interior design"
"Style Categories","Industrial style interior designs",19,10,52.63,39.05,"enhanced_object_search",false,0,"https://solsticeprod.s3.ap-south-1.amazonaws.com/https%3A/%2Fap-south-1.console.aws.amazon.com/s3/buckets/solsticedev%3Fregion%3Dap-south-1%26bucketType%3Dgeneral%26prefix%3Dcms/%26showversions%3Dfalse/Screenshot%202024-07-11%20at%203.02.01%E2%80%AFPM.png; https://solsticeprod.s3.ap-south-1.amazonaws.com/https%3A/%2Fap-south-1.console.aws.amazon.com/s3/buckets/solsticedev%3Fregion%3Dap-south-1%26bucketType%3Dgeneral%26prefix%3Dcms/%26showversions%3Dfalse/Screenshot%202024-07-11%20at%203.11.13%E2%80%AFPM.png; https://solsticeprod.s3.ap-south-1.amazonaws.com/https%3A/%2Fap-south-1.console.aws.amazon.com/s3/buckets/solsticedev%3Fregion%3Dap-south-1%26bucketType%3Dgeneral%26prefix%3Dcms/%26showversions%3Dfalse/WhatsApp%20Image%202023-07-10%20at%2013.03.21%20%281%29.jpeg; https://solsticeprod.s3.ap-south-1.amazonaws.com/https%3A/%2Fap-south-1.console.aws.amazon.com/s3/buckets/solsticedev%3Fregion%3Dap-south-1%26bucketType%3Dgeneral%26prefix%3Dcms/%26showversions%3Dfalse/WhatsApp%20Image%202023-04-10%20at%209.47.33%20PM.jpeg; https://solsticeprod.s3.ap-south-1.amazonaws.com/https%3A/%2Fap-south-1.console.aws.amazon.com/s3/buckets/solsticedev%3Fregion%3Dap-south-1%26bucketType%3Dgeneral%26prefix%3Dcms/%26showversions%3Dfalse/ABN00640.JPG; https://solsticeprod.s3.ap-south-1.amazonaws.com/https%3A/%2Fap-south-1.console.aws.amazon.com/s3/buckets/solsticedev%3Fregion%3Dap-south-1%26bucketType%3Dgeneral%26prefix%3Dcms/%26showversions%3Dfalse/WhatsApp%20Image%202023-04-10%20at%209.47.32%20PM%20%281%29.jpeg; https://solsticeprod.s3.ap-south-1.amazonaws.com/https%3A/%2Fap-south-1.console.aws.amazon.com/s3/buckets/solsticedev%3Fregion%3Dap-south-1%26bucketType%3Dgeneral%26prefix%3Dcms/%26showversions%3Dfalse/Screenshot%202024-07-11%20at%203.01.08%E2%80%AFPM.png; https://solsticeprod.s3.ap-south-1.amazonaws.com/https%3A/%2Fap-south-1.console.aws.amazon.com/s3/buckets/solsticedev%3Fregion%3Dap-south-1%26bucketType%3Dgeneral%26prefix%3Dcms/%26showversions%3Dfalse/Screenshot%202024-07-11%20at%203.02.17%E2%80%AFPM.png; https://solsticeprod.s3.ap-south-1.amazonaws.com/https%3A/%2Fap-south-1.console.aws.amazon.com/s3/buckets/solsticedev%3Fregion%3Dap-south-1%26bucketType%3Dgeneral%26prefix%3Dcms/%26showversions%3Dfalse/Screenshot%202024-07-11%20at%201.18.49%E2%80%AFPM.png; https://solsticeprod.s3.ap-south-1.amazonaws.com/https%3A/%2Fap-south-1.console.aws.amazon.com/s3/buckets/solsticedev%3Fregion%3Dap-south-1%26bucketType%3Dgeneral%26prefix%3Dcms/%26showversions%3Dfalse/Screenshot%202024-07-11%20at%203.01.18%E2%80%AFPM.png; https://solsticeprod.s3.ap-south-1.amazonaws.com/https%3A/%2Fap-south-1.console.aws.amazon.com/s3/buckets/solsticedev%3Fregion%3Dap-south-1%26bucketType%3Dgeneral%26prefix%3Dcms/%26showversions%3Dfalse/Screenshot%202024-07-11%20at%203.01.24%E2%80%AFPM.png; https://solsticeprod.s3.ap-south-1.amazonaws.com/https%3A/%2Fap-south-1.console.aws.amazon.com/s3/buckets/solsticedev%3Fregion%3Dap-south-1%26bucketType%3Dgeneral%26prefix%3Dcms/%26showversions%3Dfalse/Screenshot%202024-07-11%20at%201.23.18%E2%80%AFPM.png; https://solsticeprod.s3.ap-south-1.amazonaws.com/https%3A/%2Fap-south-1.console.aws.amazon.com/s3/buckets/solsticedev%3Fregion%3Dap-south-1%26bucketType%3Dgeneral%26prefix%3Dcms/%26showversions%3Dfalse/ABN00593.JPG; https://solsticeprod.s3.ap-south-1.amazonaws.com/https%3A/%2Fap-south-1.console.aws.amazon.com/s3/buckets/solsticedev%3Fregion%3Dap-south-1%26bucketType%3Dgeneral%26prefix%3Dcms/%26showversions%3Dfalse/WhatsApp%20Image%202023-07-10%20at%2013.03.29.jpeg; https://solsticeprod.s3.ap-south-1.amazonaws.com/https%3A/%2Fap-south-1.console.aws.amazon.com/s3/buckets/solsticedev%3Fregion%3Dap-south-1%26bucketType%3Dgeneral%26prefix%3Dcms/%26showversions%3Dfalse/WhatsApp%20Image%202023-07-10%20at%2013.03.28.jpeg; https://solsticeprod.s3.ap-south-1.amazonaws.com/https%3A/%2Fap-south-1.console.aws.amazon.com/s3/buckets/solsticedev%3Fregion%3Dap-south-1%26bucketType%3Dgeneral%26prefix%3Dcms/%26showversions%3Dfalse/WhatsApp%20Image%202023-04-10%20at%209.49.55%20PM.jpeg; https://solsticeprod.s3.ap-south-1.amazonaws.com/https%3A/%2Fap-south-1.console.aws.amazon.com/s3/buckets/solsticedev%3Fregion%3Dap-south-1%26bucketType%3Dgeneral%26prefix%3Dcms/%26showversions%3Dfalse/Screenshot%202024-07-11%20at%203.02.06%E2%80%AFPM.png; https://solsticeprod.s3.ap-south-1.amazonaws.com/https%3A/%2Fap-south-1.console.aws.amazon.com/s3/buckets/solsticedev%3Fregion%3Dap-south-1%26bucketType%3Dgeneral%26prefix%3Dcms/%26showversions%3Dfalse/WhatsApp%20Image%202023-04-10%20at%209.49.49%20PM%20%281%29.jpeg; https://solsticeprod.s3.ap-south-1.amazonaws.com/https%3A/%2Fap-south-1.console.aws.amazon.com/s3/buckets/solsticedev%3Fregion%3Dap-south-1%26bucketType%3Dgeneral%26prefix%3Dcms/%26showversions%3Dfalse/Screenshot%202024-07-11%20at%201.23.36%E2%80%AFPM.png","bedroom","modern indian","{}","bedroom, modern indian, efficient use of space for storage and seating, beige, white, blue, brown, frosted glass, metallic, wood, cotton/linen, fabric, built-in wardrobe with sliding doors, wooden flooring, curtains with earthy tones, natural light through window, built-in wardrobe, sliding doors with frosted glass panels, metallic handles, beige cabinetry, window curtains, draped style, two-tone design with beige and blue, hardwood with a natural finish, built-in bench, wooden seat and backrest, white cushion top, sliding doors, curtains, contemporary design, indian interior design"
"Style Categories","Vintage interior designs India",20,19,95,77,"enhanced_object_search",false,0,"https://solsticeprod.s3.ap-south-1.amazonaws.com/https%3A/%2Fap-south-1.console.aws.amazon.com/s3/buckets/solsticedev%3Fregion%3Dap-south-1%26bucketType%3Dgeneral%26prefix%3Dcms/%26showversions%3Dfalse/Screenshot%202024-07-11%20at%203.02.01%E2%80%AFPM.png; https://solsticeprod.s3.ap-south-1.amazonaws.com/https%3A/%2Fap-south-1.console.aws.amazon.com/s3/buckets/solsticedev%3Fregion%3Dap-south-1%26bucketType%3Dgeneral%26prefix%3Dcms/%26showversions%3Dfalse/Screenshot%202024-07-11%20at%203.11.13%E2%80%AFPM.png; https://solsticeprod.s3.ap-south-1.amazonaws.com/https%3A/%2Fap-south-1.console.aws.amazon.com/s3/buckets/solsticedev%3Fregion%3Dap-south-1%26bucketType%3Dgeneral%26prefix%3Dcms/%26showversions%3Dfalse/Screenshot%202024-07-11%20at%203.01.08%E2%80%AFPM.png; https://solsticeprod.s3.ap-south-1.amazonaws.com/https%3A/%2Fap-south-1.console.aws.amazon.com/s3/buckets/solsticedev%3Fregion%3Dap-south-1%26bucketType%3Dgeneral%26prefix%3Dcms/%26showversions%3Dfalse/ABN00593.JPG; https://solsticeprod.s3.ap-south-1.amazonaws.com/https%3A/%2Fap-south-1.console.aws.amazon.com/s3/buckets/solsticedev%3Fregion%3Dap-south-1%26bucketType%3Dgeneral%26prefix%3Dcms/%26showversions%3Dfalse/Screenshot%202024-07-11%20at%203.01.18%E2%80%AFPM.png; https://solsticeprod.s3.ap-south-1.amazonaws.com/https%3A/%2Fap-south-1.console.aws.amazon.com/s3/buckets/solsticedev%3Fregion%3Dap-south-1%26bucketType%3Dgeneral%26prefix%3Dcms/%26showversions%3Dfalse/WhatsApp%20Image%202023-07-10%20at%2013.03.21%20%281%29.jpeg; https://solsticeprod.s3.ap-south-1.amazonaws.com/https%3A/%2Fap-south-1.console.aws.amazon.com/s3/buckets/solsticedev%3Fregion%3Dap-south-1%26bucketType%3Dgeneral%26prefix%3Dcms/%26showversions%3Dfalse/Screenshot%202024-07-11%20at%203.02.17%E2%80%AFPM.png; https://solsticeprod.s3.ap-south-1.amazonaws.com/https%3A/%2Fap-south-1.console.aws.amazon.com/s3/buckets/solsticedev%3Fregion%3Dap-south-1%26bucketType%3Dgeneral%26prefix%3Dcms/%26showversions%3Dfalse/WhatsApp%20Image%202023-04-10%20at%209.47.33%20PM.jpeg; https://solsticeprod.s3.ap-south-1.amazonaws.com/https%3A/%2Fap-south-1.console.aws.amazon.com/s3/buckets/solsticedev%3Fregion%3Dap-south-1%26bucketType%3Dgeneral%26prefix%3Dcms/%26showversions%3Dfalse/ABN00640.JPG; https://solsticeprod.s3.ap-south-1.amazonaws.com/https%3A/%2Fap-south-1.console.aws.amazon.com/s3/buckets/solsticedev%3Fregion%3Dap-south-1%26bucketType%3Dgeneral%26prefix%3Dcms/%26showversions%3Dfalse/Screenshot%202024-07-11%20at%201.18.49%E2%80%AFPM.png; https://solsticeprod.s3.ap-south-1.amazonaws.com/https%3A/%2Fap-south-1.console.aws.amazon.com/s3/buckets/solsticedev%3Fregion%3Dap-south-1%26bucketType%3Dgeneral%26prefix%3Dcms/%26showversions%3Dfalse/WhatsApp%20Image%202023-04-10%20at%209.47.32%20PM%20%281%29.jpeg; https://solsticeprod.s3.ap-south-1.amazonaws.com/https%3A/%2Fap-south-1.console.aws.amazon.com/s3/buckets/solsticedev%3Fregion%3Dap-south-1%26bucketType%3Dgeneral%26prefix%3Dcms/%26showversions%3Dfalse/WhatsApp%20Image%202023-07-10%20at%2013.03.28.jpeg; https://solsticeprod.s3.ap-south-1.amazonaws.com/https%3A/%2Fap-south-1.console.aws.amazon.com/s3/buckets/solsticedev%3Fregion%3Dap-south-1%26bucketType%3Dgeneral%26prefix%3Dcms/%26showversions%3Dfalse/Screenshot%202024-07-11%20at%203.02.06%E2%80%AFPM.png; https://solsticeprod.s3.ap-south-1.amazonaws.com/https%3A/%2Fap-south-1.console.aws.amazon.com/s3/buckets/solsticedev%3Fregion%3Dap-south-1%26bucketType%3Dgeneral%26prefix%3Dcms/%26showversions%3Dfalse/WhatsApp%20Image%202023-04-10%20at%209.49.55%20PM.jpeg; https://solsticeprod.s3.ap-south-1.amazonaws.com/https%3A/%2Fap-south-1.console.aws.amazon.com/s3/buckets/solsticedev%3Fregion%3Dap-south-1%26bucketType%3Dgeneral%26prefix%3Dcms/%26showversions%3Dfalse/Screenshot%202024-07-11%20at%203.02.13%E2%80%AFPM.png; https://solsticeprod.s3.ap-south-1.amazonaws.com/https%3A/%2Fap-south-1.console.aws.amazon.com/s3/buckets/solsticedev%3Fregion%3Dap-south-1%26bucketType%3Dgeneral%26prefix%3Dcms/%26showversions%3Dfalse/WhatsApp%20Image%202023-04-10%20at%209.47.21%20PM.jpeg; https://solsticeprod.s3.ap-south-1.amazonaws.com/https%3A/%2Fap-south-1.console.aws.amazon.com/s3/buckets/solsticedev%3Fregion%3Dap-south-1%26bucketType%3Dgeneral%26prefix%3Dcms/%26showversions%3Dfalse/3.jpg; https://solsticeprod.s3.ap-south-1.amazonaws.com/https%3A/%2Fap-south-1.console.aws.amazon.com/s3/buckets/solsticedev%3Fregion%3Dap-south-1%26bucketType%3Dgeneral%26prefix%3Dcms/%26showversions%3Dfalse/WhatsApp%20Image%202023-04-10%20at%209.47.30%20PM.jpeg; https://solsticeprod.s3.ap-south-1.amazonaws.com/https%3A/%2Fap-south-1.console.aws.amazon.com/s3/buckets/solsticedev%3Fregion%3Dap-south-1%26bucketType%3Dgeneral%26prefix%3Dcms/%26showversions%3Dfalse/Screenshot%202024-07-11%20at%201.23.08%E2%80%AFPM.png; https://solsticeprod.s3.ap-south-1.amazonaws.com/https%3A/%2Fap-south-1.console.aws.amazon.com/s3/buckets/solsticedev%3Fregion%3Dap-south-1%26bucketType%3Dgeneral%26prefix%3Dcms/%26showversions%3Dfalse/Screenshot%202024-07-11%20at%201.18.08%E2%80%AFPM.png","bedroom","modern indian","{}","bedroom, modern indian, efficient use of space for storage and seating, beige, white, blue, brown, frosted glass, metallic, wood, cotton/linen, fabric, built-in wardrobe with sliding doors, wooden flooring, curtains with earthy tones, natural light through window, built-in wardrobe, sliding doors with frosted glass panels, metallic handles, beige cabinetry, window curtains, draped style, two-tone design with beige and blue, hardwood with a natural finish, built-in bench, wooden seat and backrest, white cushion top, sliding doors, curtains, contemporary design, indian interior design"
"Style Categories","Art deco interior designs",20,15,75,61.5,"enhanced_object_search",false,0,"https://solsticeprod.s3.ap-south-1.amazonaws.com/https%3A/%2Fap-south-1.console.aws.amazon.com/s3/buckets/solsticedev%3Fregion%3Dap-south-1%26bucketType%3Dgeneral%26prefix%3Dcms/%26showversions%3Dfalse/Screenshot%202024-07-11%20at%201.23.08%E2%80%AFPM.png; https://solsticeprod.s3.ap-south-1.amazonaws.com/https%3A/%2Fap-south-1.console.aws.amazon.com/s3/buckets/solsticedev%3Fregion%3Dap-south-1%26bucketType%3Dgeneral%26prefix%3Dcms/%26showversions%3Dfalse/ABN00681.JPG; https://solsticeprod.s3.ap-south-1.amazonaws.com/https%3A/%2Fap-south-1.console.aws.amazon.com/s3/buckets/solsticedev%3Fregion%3Dap-south-1%26bucketType%3Dgeneral%26prefix%3Dcms/%26showversions%3Dfalse/Screenshot%202024-07-11%20at%203.02.01%E2%80%AFPM.png; https://solsticeprod.s3.ap-south-1.amazonaws.com/https%3A/%2Fap-south-1.console.aws.amazon.com/s3/buckets/solsticedev%3Fregion%3Dap-south-1%26bucketType%3Dgeneral%26prefix%3Dcms/%26showversions%3Dfalse/Screenshot%202024-07-11%20at%203.11.13%E2%80%AFPM.png; https://solsticeprod.s3.ap-south-1.amazonaws.com/https%3A/%2Fap-south-1.console.aws.amazon.com/s3/buckets/solsticedev%3Fregion%3Dap-south-1%26bucketType%3Dgeneral%26prefix%3Dcms/%26showversions%3Dfalse/Screenshot%202024-07-11%20at%201.23.18%E2%80%AFPM.png; https://solsticeprod.s3.ap-south-1.amazonaws.com/https%3A/%2Fap-south-1.console.aws.amazon.com/s3/buckets/solsticedev%3Fregion%3Dap-south-1%26bucketType%3Dgeneral%26prefix%3Dcms/%26showversions%3Dfalse/ABN00593.JPG; https://solsticeprod.s3.ap-south-1.amazonaws.com/https%3A/%2Fap-south-1.console.aws.amazon.com/s3/buckets/solsticedev%3Fregion%3Dap-south-1%26bucketType%3Dgeneral%26prefix%3Dcms/%26showversions%3Dfalse/WhatsApp%20Image%202023-04-10%20at%209.49.55%20PM.jpeg; https://solsticeprod.s3.ap-south-1.amazonaws.com/https%3A/%2Fap-south-1.console.aws.amazon.com/s3/buckets/solsticedev%3Fregion%3Dap-south-1%26bucketType%3Dgeneral%26prefix%3Dcms/%26showversions%3Dfalse/WhatsApp%20Image%202023-07-10%20at%2013.03.21%20%281%29.jpeg; https://solsticeprod.s3.ap-south-1.amazonaws.com/https%3A/%2Fap-south-1.console.aws.amazon.com/s3/buckets/solsticedev%3Fregion%3Dap-south-1%26bucketType%3Dgeneral%26prefix%3Dcms/%26showversions%3Dfalse/ABN00640.JPG; https://solsticeprod.s3.ap-south-1.amazonaws.com/https%3A/%2Fap-south-1.console.aws.amazon.com/s3/buckets/solsticedev%3Fregion%3Dap-south-1%26bucketType%3Dgeneral%26prefix%3Dcms/%26showversions%3Dfalse/Screenshot%202024-07-11%20at%203.02.17%E2%80%AFPM.png; https://solsticeprod.s3.ap-south-1.amazonaws.com/https%3A/%2Fap-south-1.console.aws.amazon.com/s3/buckets/solsticedev%3Fregion%3Dap-south-1%26bucketType%3Dgeneral%26prefix%3Dcms/%26showversions%3Dfalse/WhatsApp%20Image%202023-04-10%20at%209.47.33%20PM.jpeg; https://solsticeprod.s3.ap-south-1.amazonaws.com/https%3A/%2Fap-south-1.console.aws.amazon.com/s3/buckets/solsticedev%3Fregion%3Dap-south-1%26bucketType%3Dgeneral%26prefix%3Dcms/%26showversions%3Dfalse/WhatsApp%20Image%202023-04-10%20at%209.49.54%20PM%20%282%29.jpeg; https://solsticeprod.s3.ap-south-1.amazonaws.com/https%3A/%2Fap-south-1.console.aws.amazon.com/s3/buckets/solsticedev%3Fregion%3Dap-south-1%26bucketType%3Dgeneral%26prefix%3Dcms/%26showversions%3Dfalse/Screenshot%202024-07-11%20at%203.02.06%E2%80%AFPM.png; https://solsticeprod.s3.ap-south-1.amazonaws.com/https%3A/%2Fap-south-1.console.aws.amazon.com/s3/buckets/solsticedev%3Fregion%3Dap-south-1%26bucketType%3Dgeneral%26prefix%3Dcms/%26showversions%3Dfalse/Screenshot%202024-07-11%20at%203.01.08%E2%80%AFPM.png; https://solsticeprod.s3.ap-south-1.amazonaws.com/https%3A/%2Fap-south-1.console.aws.amazon.com/s3/buckets/solsticedev%3Fregion%3Dap-south-1%26bucketType%3Dgeneral%26prefix%3Dcms/%26showversions%3Dfalse/WhatsApp%20Image%202023-04-10%20at%209.47.32%20PM%20%281%29.jpeg; https://solsticeprod.s3.ap-south-1.amazonaws.com/https%3A/%2Fap-south-1.console.aws.amazon.com/s3/buckets/solsticedev%3Fregion%3Dap-south-1%26bucketType%3Dgeneral%26prefix%3Dcms/%26showversions%3Dfalse/Screenshot%202024-07-11%20at%203.02.13%E2%80%AFPM.png; https://solsticeprod.s3.ap-south-1.amazonaws.com/https%3A/%2Fap-south-1.console.aws.amazon.com/s3/buckets/solsticedev%3Fregion%3Dap-south-1%26bucketType%3Dgeneral%26prefix%3Dcms/%26showversions%3Dfalse/Screenshot%202024-07-11%20at%203.02.26%E2%80%AFPM.png; https://solsticeprod.s3.ap-south-1.amazonaws.com/https%3A/%2Fap-south-1.console.aws.amazon.com/s3/buckets/solsticedev%3Fregion%3Dap-south-1%26bucketType%3Dgeneral%26prefix%3Dcms/%26showversions%3Dfalse/Screenshot%202024-07-11%20at%201.23.22%E2%80%AFPM.png; https://solsticeprod.s3.ap-south-1.amazonaws.com/https%3A/%2Fap-south-1.console.aws.amazon.com/s3/buckets/solsticedev%3Fregion%3Dap-south-1%26bucketType%3Dgeneral%26prefix%3Dcms/%26showversions%3Dfalse/Screenshot%202024-07-11%20at%201.18.49%E2%80%AFPM.png; https://solsticeprod.s3.ap-south-1.amazonaws.com/https%3A/%2Fap-south-1.console.aws.amazon.com/s3/buckets/solsticedev%3Fregion%3Dap-south-1%26bucketType%3Dgeneral%26prefix%3Dcms/%26showversions%3Dfalse/Screenshot%202024-07-11%20at%201.18.38%E2%80%AFPM.png","living room with integrated dining area","contemporary indian","{}","living room with integrated dining area, contemporary indian, efficient use of open space with minimal partitions, gray, white, gold, dark gray, green, glass, wood, metal, marble, fabric, modern furniture, open space layout, decorative elements, sofa, tufted design, light gray upholstery, coffee table, glass top, curved wooden base, dining set, marble top table, gold metal frame, white upholstered chairs, wall decor, metal starburst design, wall cabinet, glass doors, open shelves, living room, modern indian, contemporary design, open space, neutral color palette"
"Style Categories","Mediterranean style India",20,19,95,67.05,"enhanced_object_search",false,0,"https://solsticeprod.s3.ap-south-1.amazonaws.com/https%3A/%2Fap-south-1.console.aws.amazon.com/s3/buckets/solsticedev%3Fregion%3Dap-south-1%26bucketType%3Dgeneral%26prefix%3Dcms/%26showversions%3Dfalse/Screenshot%202024-07-11%20at%203.02.01%E2%80%AFPM.png; https://solsticeprod.s3.ap-south-1.amazonaws.com/https%3A/%2Fap-south-1.console.aws.amazon.com/s3/buckets/solsticedev%3Fregion%3Dap-south-1%26bucketType%3Dgeneral%26prefix%3Dcms/%26showversions%3Dfalse/Screenshot%202024-07-11%20at%203.11.13%E2%80%AFPM.png; https://solsticeprod.s3.ap-south-1.amazonaws.com/https%3A/%2Fap-south-1.console.aws.amazon.com/s3/buckets/solsticedev%3Fregion%3Dap-south-1%26bucketType%3Dgeneral%26prefix%3Dcms/%26showversions%3Dfalse/Screenshot%202024-07-11%20at%203.01.24%E2%80%AFPM.png; https://solsticeprod.s3.ap-south-1.amazonaws.com/https%3A/%2Fap-south-1.console.aws.amazon.com/s3/buckets/solsticedev%3Fregion%3Dap-south-1%26bucketType%3Dgeneral%26prefix%3Dcms/%26showversions%3Dfalse/WhatsApp%20Image%202023-07-10%20at%2013.03.29.jpeg; https://solsticeprod.s3.ap-south-1.amazonaws.com/https%3A/%2Fap-south-1.console.aws.amazon.com/s3/buckets/solsticedev%3Fregion%3Dap-south-1%26bucketType%3Dgeneral%26prefix%3Dcms/%26showversions%3Dfalse/ABN00640.JPG; https://solsticeprod.s3.ap-south-1.amazonaws.com/https%3A/%2Fap-south-1.console.aws.amazon.com/s3/buckets/solsticedev%3Fregion%3Dap-south-1%26bucketType%3Dgeneral%26prefix%3Dcms/%26showversions%3Dfalse/WhatsApp%20Image%202023-04-10%20at%209.47.33%20PM.jpeg; https://solsticeprod.s3.ap-south-1.amazonaws.com/https%3A/%2Fap-south-1.console.aws.amazon.com/s3/buckets/solsticedev%3Fregion%3Dap-south-1%26bucketType%3Dgeneral%26prefix%3Dcms/%26showversions%3Dfalse/WhatsApp%20Image%202023-07-10%20at%2013.03.28.jpeg; https://solsticeprod.s3.ap-south-1.amazonaws.com/https%3A/%2Fap-south-1.console.aws.amazon.com/s3/buckets/solsticedev%3Fregion%3Dap-south-1%26bucketType%3Dgeneral%26prefix%3Dcms/%26showversions%3Dfalse/WhatsApp%20Image%202023-04-10%20at%209.49.55%20PM.jpeg; https://solsticeprod.s3.ap-south-1.amazonaws.com/https%3A/%2Fap-south-1.console.aws.amazon.com/s3/buckets/solsticedev%3Fregion%3Dap-south-1%26bucketType%3Dgeneral%26prefix%3Dcms/%26showversions%3Dfalse/Screenshot%202024-07-11%20at%203.02.06%E2%80%AFPM.png; https://solsticeprod.s3.ap-south-1.amazonaws.com/https%3A/%2Fap-south-1.console.aws.amazon.com/s3/buckets/solsticedev%3Fregion%3Dap-south-1%26bucketType%3Dgeneral%26prefix%3Dcms/%26showversions%3Dfalse/3.jpg; https://solsticeprod.s3.ap-south-1.amazonaws.com/https%3A/%2Fap-south-1.console.aws.amazon.com/s3/buckets/solsticedev%3Fregion%3Dap-south-1%26bucketType%3Dgeneral%26prefix%3Dcms/%26showversions%3Dfalse/WhatsApp%20Image%202023-04-10%20at%209.47.32%20PM%20%281%29.jpeg; https://solsticeprod.s3.ap-south-1.amazonaws.com/https%3A/%2Fap-south-1.console.aws.amazon.com/s3/buckets/solsticedev%3Fregion%3Dap-south-1%26bucketType%3Dgeneral%26prefix%3Dcms/%26showversions%3Dfalse/Screenshot%202024-07-11%20at%203.01.08%E2%80%AFPM.png; https://solsticeprod.s3.ap-south-1.amazonaws.com/https%3A/%2Fap-south-1.console.aws.amazon.com/s3/buckets/solsticedev%3Fregion%3Dap-south-1%26bucketType%3Dgeneral%26prefix%3Dcms/%26showversions%3Dfalse/Screenshot%202024-07-11%20at%203.02.13%E2%80%AFPM.png; https://solsticeprod.s3.ap-south-1.amazonaws.com/https%3A/%2Fap-south-1.console.aws.amazon.com/s3/buckets/solsticedev%3Fregion%3Dap-south-1%26bucketType%3Dgeneral%26prefix%3Dcms/%26showversions%3Dfalse/WhatsApp%20Image%202023-04-10%20at%209.47.04%20PM.jpeg; https://solsticeprod.s3.ap-south-1.amazonaws.com/https%3A/%2Fap-south-1.console.aws.amazon.com/s3/buckets/solsticedev%3Fregion%3Dap-south-1%26bucketType%3Dgeneral%26prefix%3Dcms/%26showversions%3Dfalse/Screenshot%202024-07-11%20at%201.23.08%E2%80%AFPM.png; https://solsticeprod.s3.ap-south-1.amazonaws.com/https%3A/%2Fap-south-1.console.aws.amazon.com/s3/buckets/solsticedev%3Fregion%3Dap-south-1%26bucketType%3Dgeneral%26prefix%3Dcms/%26showversions%3Dfalse/WhatsApp%20Image%202023-04-10%20at%209.47.21%20PM.jpeg; https://solsticeprod.s3.ap-south-1.amazonaws.com/https%3A/%2Fap-south-1.console.aws.amazon.com/s3/buckets/solsticedev%3Fregion%3Dap-south-1%26bucketType%3Dgeneral%26prefix%3Dcms/%26showversions%3Dfalse/WhatsApp%20Image%202023-04-10%20at%209.47.30%20PM.jpeg; https://solsticeprod.s3.ap-south-1.amazonaws.com/https%3A/%2Fap-south-1.console.aws.amazon.com/s3/buckets/solsticedev%3Fregion%3Dap-south-1%26bucketType%3Dgeneral%26prefix%3Dcms/%26showversions%3Dfalse/Screenshot%202024-07-11%20at%201.18.08%E2%80%AFPM.png; https://solsticeprod.s3.ap-south-1.amazonaws.com/https%3A/%2Fap-south-1.console.aws.amazon.com/s3/buckets/solsticedev%3Fregion%3Dap-south-1%26bucketType%3Dgeneral%26prefix%3Dcms/%26showversions%3Dfalse/Screenshot%202024-07-11%20at%203.01.18%E2%80%AFPM.png; https://solsticeprod.s3.ap-south-1.amazonaws.com/https%3A/%2Fap-south-1.console.aws.amazon.com/s3/buckets/solsticedev%3Fregion%3Dap-south-1%26bucketType%3Dgeneral%26prefix%3Dcms/%26showversions%3Dfalse/Screenshot%202024-07-11%20at%201.18.49%E2%80%AFPM.png","bedroom","modern indian","{}","bedroom, modern indian, efficient use of space for storage and seating, beige, white, blue, brown, frosted glass, metallic, wood, cotton/linen, fabric, built-in wardrobe with sliding doors, wooden flooring, curtains with earthy tones, natural light through window, built-in wardrobe, sliding doors with frosted glass panels, metallic handles, beige cabinetry, window curtains, draped style, two-tone design with beige and blue, hardwood with a natural finish, built-in bench, wooden seat and backrest, white cushion top, sliding doors, curtains, contemporary design, indian interior design"
"Style Categories","Contemporary Indian interior designs",20,20,100,97.5,"enhanced_object_search",false,0,"https://solsticeprod.s3.ap-south-1.amazonaws.com/https%3A/%2Fap-south-1.console.aws.amazon.com/s3/buckets/solsticedev%3Fregion%3Dap-south-1%26bucketType%3Dgeneral%26prefix%3Dcms/%26showversions%3Dfalse/ABN00678.JPG; https://solsticeprod.s3.ap-south-1.amazonaws.com/https%3A/%2Fap-south-1.console.aws.amazon.com/s3/buckets/solsticedev%3Fregion%3Dap-south-1%26bucketType%3Dgeneral%26prefix%3Dcms/%26showversions%3Dfalse/Screenshot%202024-07-11%20at%203.02.01%E2%80%AFPM.png; https://solsticeprod.s3.ap-south-1.amazonaws.com/https%3A/%2Fap-south-1.console.aws.amazon.com/s3/buckets/solsticedev%3Fregion%3Dap-south-1%26bucketType%3Dgeneral%26prefix%3Dcms/%26showversions%3Dfalse/ABN00623.JPG; https://solsticeprod.s3.ap-south-1.amazonaws.com/https%3A/%2Fap-south-1.console.aws.amazon.com/s3/buckets/solsticedev%3Fregion%3Dap-south-1%26bucketType%3Dgeneral%26prefix%3Dcms/%26showversions%3Dfalse/Screenshot%202024-07-11%20at%201.23.08%E2%80%AFPM.png; https://solsticeprod.s3.ap-south-1.amazonaws.com/https%3A/%2Fap-south-1.console.aws.amazon.com/s3/buckets/solsticedev%3Fregion%3Dap-south-1%26bucketType%3Dgeneral%26prefix%3Dcms/%26showversions%3Dfalse/Screenshot%202024-07-11%20at%203.11.13%E2%80%AFPM.png; https://solsticeprod.s3.ap-south-1.amazonaws.com/https%3A/%2Fap-south-1.console.aws.amazon.com/s3/buckets/solsticedev%3Fregion%3Dap-south-1%26bucketType%3Dgeneral%26prefix%3Dcms/%26showversions%3Dfalse/Screenshot%202024-07-11%20at%203.01.08%E2%80%AFPM.png; https://solsticeprod.s3.ap-south-1.amazonaws.com/https%3A/%2Fap-south-1.console.aws.amazon.com/s3/buckets/solsticedev%3Fregion%3Dap-south-1%26bucketType%3Dgeneral%26prefix%3Dcms/%26showversions%3Dfalse/Screenshot%202024-07-11%20at%201.18.08%E2%80%AFPM.png; https://solsticeprod.s3.ap-south-1.amazonaws.com/https%3A/%2Fap-south-1.console.aws.amazon.com/s3/buckets/solsticedev%3Fregion%3Dap-south-1%26bucketType%3Dgeneral%26prefix%3Dcms/%26showversions%3Dfalse/Screenshot%202024-07-11%20at%201.23.18%E2%80%AFPM.png; https://solsticeprod.s3.ap-south-1.amazonaws.com/https%3A/%2Fap-south-1.console.aws.amazon.com/s3/buckets/solsticedev%3Fregion%3Dap-south-1%26bucketType%3Dgeneral%26prefix%3Dcms/%26showversions%3Dfalse/ABN00593.JPG; https://solsticeprod.s3.ap-south-1.amazonaws.com/https%3A/%2Fap-south-1.console.aws.amazon.com/s3/buckets/solsticedev%3Fregion%3Dap-south-1%26bucketType%3Dgeneral%26prefix%3Dcms/%26showversions%3Dfalse/Screenshot%202024-07-11%20at%203.01.48%E2%80%AFPM.png; https://solsticeprod.s3.ap-south-1.amazonaws.com/https%3A/%2Fap-south-1.console.aws.amazon.com/s3/buckets/solsticedev%3Fregion%3Dap-south-1%26bucketType%3Dgeneral%26prefix%3Dcms/%26showversions%3Dfalse/Screenshot%202024-07-11%20at%203.01.18%E2%80%AFPM.png; https://solsticeprod.s3.ap-south-1.amazonaws.com/https%3A/%2Fap-south-1.console.aws.amazon.com/s3/buckets/solsticedev%3Fregion%3Dap-south-1%26bucketType%3Dgeneral%26prefix%3Dcms/%26showversions%3Dfalse/WhatsApp%20Image%202023-07-10%20at%2013.03.29.jpeg; https://solsticeprod.s3.ap-south-1.amazonaws.com/https%3A/%2Fap-south-1.console.aws.amazon.com/s3/buckets/solsticedev%3Fregion%3Dap-south-1%26bucketType%3Dgeneral%26prefix%3Dcms/%26showversions%3Dfalse/Screenshot%202024-07-11%20at%203.02.13%E2%80%AFPM.png; https://solsticeprod.s3.ap-south-1.amazonaws.com/https%3A/%2Fap-south-1.console.aws.amazon.com/s3/buckets/solsticedev%3Fregion%3Dap-south-1%26bucketType%3Dgeneral%26prefix%3Dcms/%26showversions%3Dfalse/WhatsApp%20Image%202023-07-10%20at%2013.03.21%20%281%29.jpeg; https://solsticeprod.s3.ap-south-1.amazonaws.com/https%3A/%2Fap-south-1.console.aws.amazon.com/s3/buckets/solsticedev%3Fregion%3Dap-south-1%26bucketType%3Dgeneral%26prefix%3Dcms/%26showversions%3Dfalse/WhatsApp%20Image%202023-04-10%20at%209.49.55%20PM.jpeg; https://solsticeprod.s3.ap-south-1.amazonaws.com/https%3A/%2Fap-south-1.console.aws.amazon.com/s3/buckets/solsticedev%3Fregion%3Dap-south-1%26bucketType%3Dgeneral%26prefix%3Dcms/%26showversions%3Dfalse/WhatsApp%20Image%202023-04-10%20at%209.49.50%20PM%20%281%29.jpeg; https://solsticeprod.s3.ap-south-1.amazonaws.com/https%3A/%2Fap-south-1.console.aws.amazon.com/s3/buckets/solsticedev%3Fregion%3Dap-south-1%26bucketType%3Dgeneral%26prefix%3Dcms/%26showversions%3Dfalse/Screenshot%202024-07-11%20at%203.02.17%E2%80%AFPM.png; https://solsticeprod.s3.ap-south-1.amazonaws.com/https%3A/%2Fap-south-1.console.aws.amazon.com/s3/buckets/solsticedev%3Fregion%3Dap-south-1%26bucketType%3Dgeneral%26prefix%3Dcms/%26showversions%3Dfalse/WhatsApp%20Image%202023-04-10%20at%209.47.33%20PM.jpeg; https://solsticeprod.s3.ap-south-1.amazonaws.com/https%3A/%2Fap-south-1.console.aws.amazon.com/s3/buckets/solsticedev%3Fregion%3Dap-south-1%26bucketType%3Dgeneral%26prefix%3Dcms/%26showversions%3Dfalse/ABN00640.JPG; https://solsticeprod.s3.ap-south-1.amazonaws.com/https%3A/%2Fap-south-1.console.aws.amazon.com/s3/buckets/solsticedev%3Fregion%3Dap-south-1%26bucketType%3Dgeneral%26prefix%3Dcms/%26showversions%3Dfalse/Screenshot%202024-07-11%20at%201.18.03%E2%80%AFPM.png","sitting room","contemporary indian","{}","sitting room, contemporary indian, efficient use of the space with a sofa placed near the window for natural light and a small table for decor, brown, beige, white, green, black, wood, marble, fabric, glass, wooden ceiling beams, carved wooden door, brown sofa with cushions, marble flooring, patterned curtains, decorative wall sconces, sofa, brown upholstery, curved armrests, sequin pillow, decorative wall sconce, copper finish, decorative design, decorative carvings, brass accents, panel design, exposed beams, tree branch pattern, sheer fabric, southern indian, carved door, brown sofa"
"Space-Specific","Small apartment interior designs",14,6,42.86,42.21,"enhanced_object_search",false,0,"https://solsticeprod.s3.ap-south-1.amazonaws.com/https%3A/%2Fap-south-1.console.aws.amazon.com/s3/buckets/solsticedev%3Fregion%3Dap-south-1%26bucketType%3Dgeneral%26prefix%3Dcms/%26showversions%3Dfalse/WhatsApp%20Image%202023-07-10%20at%2013.03.21%20%281%29.jpeg; https://solsticeprod.s3.ap-south-1.amazonaws.com/https%3A/%2Fap-south-1.console.aws.amazon.com/s3/buckets/solsticedev%3Fregion%3Dap-south-1%26bucketType%3Dgeneral%26prefix%3Dcms/%26showversions%3Dfalse/ABN00640.JPG; https://solsticeprod.s3.ap-south-1.amazonaws.com/https%3A/%2Fap-south-1.console.aws.amazon.com/s3/buckets/solsticedev%3Fregion%3Dap-south-1%26bucketType%3Dgeneral%26prefix%3Dcms/%26showversions%3Dfalse/Screenshot%202024-07-11%20at%203.02.17%E2%80%AFPM.png; https://solsticeprod.s3.ap-south-1.amazonaws.com/https%3A/%2Fap-south-1.console.aws.amazon.com/s3/buckets/solsticedev%3Fregion%3Dap-south-1%26bucketType%3Dgeneral%26prefix%3Dcms/%26showversions%3Dfalse/WhatsApp%20Image%202023-04-10%20at%209.47.32%20PM%20%281%29.jpeg; https://solsticeprod.s3.ap-south-1.amazonaws.com/https%3A/%2Fap-south-1.console.aws.amazon.com/s3/buckets/solsticedev%3Fregion%3Dap-south-1%26bucketType%3Dgeneral%26prefix%3Dcms/%26showversions%3Dfalse/Screenshot%202024-07-11%20at%203.01.08%E2%80%AFPM.png; https://solsticeprod.s3.ap-south-1.amazonaws.com/https%3A/%2Fap-south-1.console.aws.amazon.com/s3/buckets/solsticedev%3Fregion%3Dap-south-1%26bucketType%3Dgeneral%26prefix%3Dcms/%26showversions%3Dfalse/ABN00593.JPG; https://solsticeprod.s3.ap-south-1.amazonaws.com/https%3A/%2Fap-south-1.console.aws.amazon.com/s3/buckets/solsticedev%3Fregion%3Dap-south-1%26bucketType%3Dgeneral%26prefix%3Dcms/%26showversions%3Dfalse/Screenshot%202024-07-11%20at%201.23.18%E2%80%AFPM.png; https://solsticeprod.s3.ap-south-1.amazonaws.com/https%3A/%2Fap-south-1.console.aws.amazon.com/s3/buckets/solsticedev%3Fregion%3Dap-south-1%26bucketType%3Dgeneral%26prefix%3Dcms/%26showversions%3Dfalse/Screenshot%202024-07-11%20at%203.02.01%E2%80%AFPM.png; https://solsticeprod.s3.ap-south-1.amazonaws.com/https%3A/%2Fap-south-1.console.aws.amazon.com/s3/buckets/solsticedev%3Fregion%3Dap-south-1%26bucketType%3Dgeneral%26prefix%3Dcms/%26showversions%3Dfalse/Screenshot%202024-07-11%20at%203.11.13%E2%80%AFPM.png; https://solsticeprod.s3.ap-south-1.amazonaws.com/https%3A/%2Fap-south-1.console.aws.amazon.com/s3/buckets/solsticedev%3Fregion%3Dap-south-1%26bucketType%3Dgeneral%26prefix%3Dcms/%26showversions%3Dfalse/Screenshot%202024-07-11%20at%201.18.49%E2%80%AFPM.png; https://solsticeprod.s3.ap-south-1.amazonaws.com/https%3A/%2Fap-south-1.console.aws.amazon.com/s3/buckets/solsticedev%3Fregion%3Dap-south-1%26bucketType%3Dgeneral%26prefix%3Dcms/%26showversions%3Dfalse/WhatsApp%20Image%202023-04-10%20at%209.47.33%20PM.jpeg; https://solsticeprod.s3.ap-south-1.amazonaws.com/https%3A/%2Fap-south-1.console.aws.amazon.com/s3/buckets/solsticedev%3Fregion%3Dap-south-1%26bucketType%3Dgeneral%26prefix%3Dcms/%26showversions%3Dfalse/ABN00678.JPG; https://solsticeprod.s3.ap-south-1.amazonaws.com/https%3A/%2Fap-south-1.console.aws.amazon.com/s3/buckets/solsticedev%3Fregion%3Dap-south-1%26bucketType%3Dgeneral%26prefix%3Dcms/%26showversions%3Dfalse/Screenshot%202024-07-11%20at%203.01.18%E2%80%AFPM.png; https://solsticeprod.s3.ap-south-1.amazonaws.com/https%3A/%2Fap-south-1.console.aws.amazon.com/s3/buckets/solsticedev%3Fregion%3Dap-south-1%26bucketType%3Dgeneral%26prefix%3Dcms/%26showversions%3Dfalse/WhatsApp%20Image%202023-07-10%20at%2013.03.28.jpeg","walls","contemporary","{}","walls, contemporary, wall space used for decorative elements, likely serving as a focal point, white, brown, beige, dark brown, painted gypsum, wood, metallic, plastic, painted wall panels, ceiling with geometric patterns, modern lighting, ceiling, painted with geometric patterns, likely inspired by traditional indian designs, wall, paneling of wooden slats, ceiling light, modern light fixture, possibly led or fluorescent, contemporary design, geometric patterns, geometric ceiling, teak wood paneling, interior design"
"Space-Specific","2BHK interior designs India",20,19,95,77,"enhanced_object_search",false,0,"https://solsticeprod.s3.ap-south-1.amazonaws.com/https%3A/%2Fap-south-1.console.aws.amazon.com/s3/buckets/solsticedev%3Fregion%3Dap-south-1%26bucketType%3Dgeneral%26prefix%3Dcms/%26showversions%3Dfalse/Screenshot%202024-07-11%20at%203.02.01%E2%80%AFPM.png; https://solsticeprod.s3.ap-south-1.amazonaws.com/https%3A/%2Fap-south-1.console.aws.amazon.com/s3/buckets/solsticedev%3Fregion%3Dap-south-1%26bucketType%3Dgeneral%26prefix%3Dcms/%26showversions%3Dfalse/Screenshot%202024-07-11%20at%203.11.13%E2%80%AFPM.png; https://solsticeprod.s3.ap-south-1.amazonaws.com/https%3A/%2Fap-south-1.console.aws.amazon.com/s3/buckets/solsticedev%3Fregion%3Dap-south-1%26bucketType%3Dgeneral%26prefix%3Dcms/%26showversions%3Dfalse/Screenshot%202024-07-11%20at%203.01.08%E2%80%AFPM.png; https://solsticeprod.s3.ap-south-1.amazonaws.com/https%3A/%2Fap-south-1.console.aws.amazon.com/s3/buckets/solsticedev%3Fregion%3Dap-south-1%26bucketType%3Dgeneral%26prefix%3Dcms/%26showversions%3Dfalse/ABN00593.JPG; https://solsticeprod.s3.ap-south-1.amazonaws.com/https%3A/%2Fap-south-1.console.aws.amazon.com/s3/buckets/solsticedev%3Fregion%3Dap-south-1%26bucketType%3Dgeneral%26prefix%3Dcms/%26showversions%3Dfalse/Screenshot%202024-07-11%20at%203.01.18%E2%80%AFPM.png; https://solsticeprod.s3.ap-south-1.amazonaws.com/https%3A/%2Fap-south-1.console.aws.amazon.com/s3/buckets/solsticedev%3Fregion%3Dap-south-1%26bucketType%3Dgeneral%26prefix%3Dcms/%26showversions%3Dfalse/Screenshot%202024-07-11%20at%203.02.17%E2%80%AFPM.png; https://solsticeprod.s3.ap-south-1.amazonaws.com/https%3A/%2Fap-south-1.console.aws.amazon.com/s3/buckets/solsticedev%3Fregion%3Dap-south-1%26bucketType%3Dgeneral%26prefix%3Dcms/%26showversions%3Dfalse/WhatsApp%20Image%202023-07-10%20at%2013.03.21%20%281%29.jpeg; https://solsticeprod.s3.ap-south-1.amazonaws.com/https%3A/%2Fap-south-1.console.aws.amazon.com/s3/buckets/solsticedev%3Fregion%3Dap-south-1%26bucketType%3Dgeneral%26prefix%3Dcms/%26showversions%3Dfalse/ABN00640.JPG; https://solsticeprod.s3.ap-south-1.amazonaws.com/https%3A/%2Fap-south-1.console.aws.amazon.com/s3/buckets/solsticedev%3Fregion%3Dap-south-1%26bucketType%3Dgeneral%26prefix%3Dcms/%26showversions%3Dfalse/WhatsApp%20Image%202023-04-10%20at%209.47.33%20PM.jpeg; https://solsticeprod.s3.ap-south-1.amazonaws.com/https%3A/%2Fap-south-1.console.aws.amazon.com/s3/buckets/solsticedev%3Fregion%3Dap-south-1%26bucketType%3Dgeneral%26prefix%3Dcms/%26showversions%3Dfalse/Screenshot%202024-07-11%20at%201.18.49%E2%80%AFPM.png; https://solsticeprod.s3.ap-south-1.amazonaws.com/https%3A/%2Fap-south-1.console.aws.amazon.com/s3/buckets/solsticedev%3Fregion%3Dap-south-1%26bucketType%3Dgeneral%26prefix%3Dcms/%26showversions%3Dfalse/WhatsApp%20Image%202023-04-10%20at%209.47.32%20PM%20%281%29.jpeg; https://solsticeprod.s3.ap-south-1.amazonaws.com/https%3A/%2Fap-south-1.console.aws.amazon.com/s3/buckets/solsticedev%3Fregion%3Dap-south-1%26bucketType%3Dgeneral%26prefix%3Dcms/%26showversions%3Dfalse/WhatsApp%20Image%202023-07-10%20at%2013.03.28.jpeg; https://solsticeprod.s3.ap-south-1.amazonaws.com/https%3A/%2Fap-south-1.console.aws.amazon.com/s3/buckets/solsticedev%3Fregion%3Dap-south-1%26bucketType%3Dgeneral%26prefix%3Dcms/%26showversions%3Dfalse/WhatsApp%20Image%202023-04-10%20at%209.49.55%20PM.jpeg; https://solsticeprod.s3.ap-south-1.amazonaws.com/https%3A/%2Fap-south-1.console.aws.amazon.com/s3/buckets/solsticedev%3Fregion%3Dap-south-1%26bucketType%3Dgeneral%26prefix%3Dcms/%26showversions%3Dfalse/Screenshot%202024-07-11%20at%203.02.06%E2%80%AFPM.png; https://solsticeprod.s3.ap-south-1.amazonaws.com/https%3A/%2Fap-south-1.console.aws.amazon.com/s3/buckets/solsticedev%3Fregion%3Dap-south-1%26bucketType%3Dgeneral%26prefix%3Dcms/%26showversions%3Dfalse/Screenshot%202024-07-11%20at%203.02.13%E2%80%AFPM.png; https://solsticeprod.s3.ap-south-1.amazonaws.com/https%3A/%2Fap-south-1.console.aws.amazon.com/s3/buckets/solsticedev%3Fregion%3Dap-south-1%26bucketType%3Dgeneral%26prefix%3Dcms/%26showversions%3Dfalse/Screenshot%202024-07-11%20at%201.23.08%E2%80%AFPM.png; https://solsticeprod.s3.ap-south-1.amazonaws.com/https%3A/%2Fap-south-1.console.aws.amazon.com/s3/buckets/solsticedev%3Fregion%3Dap-south-1%26bucketType%3Dgeneral%26prefix%3Dcms/%26showversions%3Dfalse/WhatsApp%20Image%202023-04-10%20at%209.47.21%20PM.jpeg; https://solsticeprod.s3.ap-south-1.amazonaws.com/https%3A/%2Fap-south-1.console.aws.amazon.com/s3/buckets/solsticedev%3Fregion%3Dap-south-1%26bucketType%3Dgeneral%26prefix%3Dcms/%26showversions%3Dfalse/3.jpg; https://solsticeprod.s3.ap-south-1.amazonaws.com/https%3A/%2Fap-south-1.console.aws.amazon.com/s3/buckets/solsticedev%3Fregion%3Dap-south-1%26bucketType%3Dgeneral%26prefix%3Dcms/%26showversions%3Dfalse/WhatsApp%20Image%202023-04-10%20at%209.47.30%20PM.jpeg; https://solsticeprod.s3.ap-south-1.amazonaws.com/https%3A/%2Fap-south-1.console.aws.amazon.com/s3/buckets/solsticedev%3Fregion%3Dap-south-1%26bucketType%3Dgeneral%26prefix%3Dcms/%26showversions%3Dfalse/Screenshot%202024-07-11%20at%203.02.26%E2%80%AFPM.png","bedroom","modern indian","{}","bedroom, modern indian, efficient use of space for storage and seating, beige, white, blue, brown, frosted glass, metallic, wood, cotton/linen, fabric, built-in wardrobe with sliding doors, wooden flooring, curtains with earthy tones, natural light through window, built-in wardrobe, sliding doors with frosted glass panels, metallic handles, beige cabinetry, window curtains, draped style, two-tone design with beige and blue, hardwood with a natural finish, built-in bench, wooden seat and backrest, white cushion top, sliding doors, curtains, contemporary design, indian interior design"
"Space-Specific","3BHK interior designs",14,5,35.71,37.21,"enhanced_object_search",false,0,"https://solsticeprod.s3.ap-south-1.amazonaws.com/https%3A/%2Fap-south-1.console.aws.amazon.com/s3/buckets/solsticedev%3Fregion%3Dap-south-1%26bucketType%3Dgeneral%26prefix%3Dcms/%26showversions%3Dfalse/WhatsApp%20Image%202023-07-10%20at%2013.03.21%20%281%29.jpeg; https://solsticeprod.s3.ap-south-1.amazonaws.com/https%3A/%2Fap-south-1.console.aws.amazon.com/s3/buckets/solsticedev%3Fregion%3Dap-south-1%26bucketType%3Dgeneral%26prefix%3Dcms/%26showversions%3Dfalse/Screenshot%202024-07-11%20at%203.01.08%E2%80%AFPM.png; https://solsticeprod.s3.ap-south-1.amazonaws.com/https%3A/%2Fap-south-1.console.aws.amazon.com/s3/buckets/solsticedev%3Fregion%3Dap-south-1%26bucketType%3Dgeneral%26prefix%3Dcms/%26showversions%3Dfalse/WhatsApp%20Image%202023-04-10%20at%209.47.32%20PM%20%281%29.jpeg; https://solsticeprod.s3.ap-south-1.amazonaws.com/https%3A/%2Fap-south-1.console.aws.amazon.com/s3/buckets/solsticedev%3Fregion%3Dap-south-1%26bucketType%3Dgeneral%26prefix%3Dcms/%26showversions%3Dfalse/Screenshot%202024-07-11%20at%203.02.17%E2%80%AFPM.png; https://solsticeprod.s3.ap-south-1.amazonaws.com/https%3A/%2Fap-south-1.console.aws.amazon.com/s3/buckets/solsticedev%3Fregion%3Dap-south-1%26bucketType%3Dgeneral%26prefix%3Dcms/%26showversions%3Dfalse/Screenshot%202024-07-11%20at%203.02.01%E2%80%AFPM.png; https://solsticeprod.s3.ap-south-1.amazonaws.com/https%3A/%2Fap-south-1.console.aws.amazon.com/s3/buckets/solsticedev%3Fregion%3Dap-south-1%26bucketType%3Dgeneral%26prefix%3Dcms/%26showversions%3Dfalse/Screenshot%202024-07-11%20at%201.18.49%E2%80%AFPM.png; https://solsticeprod.s3.ap-south-1.amazonaws.com/https%3A/%2Fap-south-1.console.aws.amazon.com/s3/buckets/solsticedev%3Fregion%3Dap-south-1%26bucketType%3Dgeneral%26prefix%3Dcms/%26showversions%3Dfalse/Screenshot%202024-07-11%20at%203.11.13%E2%80%AFPM.png; https://solsticeprod.s3.ap-south-1.amazonaws.com/https%3A/%2Fap-south-1.console.aws.amazon.com/s3/buckets/solsticedev%3Fregion%3Dap-south-1%26bucketType%3Dgeneral%26prefix%3Dcms/%26showversions%3Dfalse/Screenshot%202024-07-11%20at%203.01.18%E2%80%AFPM.png; https://solsticeprod.s3.ap-south-1.amazonaws.com/https%3A/%2Fap-south-1.console.aws.amazon.com/s3/buckets/solsticedev%3Fregion%3Dap-south-1%26bucketType%3Dgeneral%26prefix%3Dcms/%26showversions%3Dfalse/Screenshot%202024-07-11%20at%201.23.18%E2%80%AFPM.png; https://solsticeprod.s3.ap-south-1.amazonaws.com/https%3A/%2Fap-south-1.console.aws.amazon.com/s3/buckets/solsticedev%3Fregion%3Dap-south-1%26bucketType%3Dgeneral%26prefix%3Dcms/%26showversions%3Dfalse/ABN00593.JPG; https://solsticeprod.s3.ap-south-1.amazonaws.com/https%3A/%2Fap-south-1.console.aws.amazon.com/s3/buckets/solsticedev%3Fregion%3Dap-south-1%26bucketType%3Dgeneral%26prefix%3Dcms/%26showversions%3Dfalse/WhatsApp%20Image%202023-04-10%20at%209.47.33%20PM.jpeg; https://solsticeprod.s3.ap-south-1.amazonaws.com/https%3A/%2Fap-south-1.console.aws.amazon.com/s3/buckets/solsticedev%3Fregion%3Dap-south-1%26bucketType%3Dgeneral%26prefix%3Dcms/%26showversions%3Dfalse/ABN00640.JPG; https://solsticeprod.s3.ap-south-1.amazonaws.com/https%3A/%2Fap-south-1.console.aws.amazon.com/s3/buckets/solsticedev%3Fregion%3Dap-south-1%26bucketType%3Dgeneral%26prefix%3Dcms/%26showversions%3Dfalse/WhatsApp%20Image%202023-07-10%20at%2013.03.28.jpeg; https://solsticeprod.s3.ap-south-1.amazonaws.com/https%3A/%2Fap-south-1.console.aws.amazon.com/s3/buckets/solsticedev%3Fregion%3Dap-south-1%26bucketType%3Dgeneral%26prefix%3Dcms/%26showversions%3Dfalse/WhatsApp%20Image%202023-04-10%20at%209.49.55%20PM.jpeg","walls","contemporary","{}","walls, contemporary, wall space used for decorative elements, likely serving as a focal point, white, brown, beige, dark brown, painted gypsum, wood, metallic, plastic, painted wall panels, ceiling with geometric patterns, modern lighting, ceiling, painted with geometric patterns, likely inspired by traditional indian designs, wall, paneling of wooden slats, ceiling light, modern light fixture, possibly led or fluorescent, contemporary design, geometric patterns, geometric ceiling, teak wood paneling, interior design"
"Space-Specific","Studio apartment designs India",20,19,95,60.05,"enhanced_object_search",false,0,"https://solsticeprod.s3.ap-south-1.amazonaws.com/https%3A/%2Fap-south-1.console.aws.amazon.com/s3/buckets/solsticedev%3Fregion%3Dap-south-1%26bucketType%3Dgeneral%26prefix%3Dcms/%26showversions%3Dfalse/Screenshot%202024-07-11%20at%203.02.17%E2%80%AFPM.png; https://solsticeprod.s3.ap-south-1.amazonaws.com/https%3A/%2Fap-south-1.console.aws.amazon.com/s3/buckets/solsticedev%3Fregion%3Dap-south-1%26bucketType%3Dgeneral%26prefix%3Dcms/%26showversions%3Dfalse/WhatsApp%20Image%202023-07-10%20at%2013.03.21%20%281%29.jpeg; https://solsticeprod.s3.ap-south-1.amazonaws.com/https%3A/%2Fap-south-1.console.aws.amazon.com/s3/buckets/solsticedev%3Fregion%3Dap-south-1%26bucketType%3Dgeneral%26prefix%3Dcms/%26showversions%3Dfalse/WhatsApp%20Image%202023-07-10%20at%2013.03.28.jpeg; https://solsticeprod.s3.ap-south-1.amazonaws.com/https%3A/%2Fap-south-1.console.aws.amazon.com/s3/buckets/solsticedev%3Fregion%3Dap-south-1%26bucketType%3Dgeneral%26prefix%3Dcms/%26showversions%3Dfalse/Screenshot%202024-07-11%20at%203.02.13%E2%80%AFPM.png; https://solsticeprod.s3.ap-south-1.amazonaws.com/https%3A/%2Fap-south-1.console.aws.amazon.com/s3/buckets/solsticedev%3Fregion%3Dap-south-1%26bucketType%3Dgeneral%26prefix%3Dcms/%26showversions%3Dfalse/Screenshot%202024-07-11%20at%203.01.08%E2%80%AFPM.png; https://solsticeprod.s3.ap-south-1.amazonaws.com/https%3A/%2Fap-south-1.console.aws.amazon.com/s3/buckets/solsticedev%3Fregion%3Dap-south-1%26bucketType%3Dgeneral%26prefix%3Dcms/%26showversions%3Dfalse/WhatsApp%20Image%202023-04-10%20at%209.49.55%20PM.jpeg; https://solsticeprod.s3.ap-south-1.amazonaws.com/https%3A/%2Fap-south-1.console.aws.amazon.com/s3/buckets/solsticedev%3Fregion%3Dap-south-1%26bucketType%3Dgeneral%26prefix%3Dcms/%26showversions%3Dfalse/WhatsApp%20Image%202023-04-10%20at%209.47.32%20PM%20%281%29.jpeg; https://solsticeprod.s3.ap-south-1.amazonaws.com/https%3A/%2Fap-south-1.console.aws.amazon.com/s3/buckets/solsticedev%3Fregion%3Dap-south-1%26bucketType%3Dgeneral%26prefix%3Dcms/%26showversions%3Dfalse/Screenshot%202024-07-11%20at%201.23.08%E2%80%AFPM.png; https://solsticeprod.s3.ap-south-1.amazonaws.com/https%3A/%2Fap-south-1.console.aws.amazon.com/s3/buckets/solsticedev%3Fregion%3Dap-south-1%26bucketType%3Dgeneral%26prefix%3Dcms/%26showversions%3Dfalse/WhatsApp%20Image%202023-04-10%20at%209.47.30%20PM.jpeg; https://solsticeprod.s3.ap-south-1.amazonaws.com/https%3A/%2Fap-south-1.console.aws.amazon.com/s3/buckets/solsticedev%3Fregion%3Dap-south-1%26bucketType%3Dgeneral%26prefix%3Dcms/%26showversions%3Dfalse/Screenshot%202024-07-11%20at%203.02.06%E2%80%AFPM.png; https://solsticeprod.s3.ap-south-1.amazonaws.com/https%3A/%2Fap-south-1.console.aws.amazon.com/s3/buckets/solsticedev%3Fregion%3Dap-south-1%26bucketType%3Dgeneral%26prefix%3Dcms/%26showversions%3Dfalse/ABN00593.JPG; https://solsticeprod.s3.ap-south-1.amazonaws.com/https%3A/%2Fap-south-1.console.aws.amazon.com/s3/buckets/solsticedev%3Fregion%3Dap-south-1%26bucketType%3Dgeneral%26prefix%3Dcms/%26showversions%3Dfalse/3.jpg; https://solsticeprod.s3.ap-south-1.amazonaws.com/https%3A/%2Fap-south-1.console.aws.amazon.com/s3/buckets/solsticedev%3Fregion%3Dap-south-1%26bucketType%3Dgeneral%26prefix%3Dcms/%26showversions%3Dfalse/Screenshot%202024-07-11%20at%203.02.01%E2%80%AFPM.png; https://solsticeprod.s3.ap-south-1.amazonaws.com/https%3A/%2Fap-south-1.console.aws.amazon.com/s3/buckets/solsticedev%3Fregion%3Dap-south-1%26bucketType%3Dgeneral%26prefix%3Dcms/%26showversions%3Dfalse/WhatsApp%20Image%202023-07-10%20at%2013.03.28.jpeg; https://solsticeprod.s3.ap-south-1.amazonaws.com/https%3A/%2Fap-south-1.console.aws.amazon.com/s3/buckets/solsticedev%3Fregion%3Dap-south-1%26bucketType%3Dgeneral%26prefix%3Dcms/%26showversions%3Dfalse/Screenshot%202024-07-11%20at%203.02.26%E2%80%AFPM.png; https://solsticeprod.s3.ap-south-1.amazonaws.com/https%3A/%2Fap-south-1.console.aws.amazon.com/s3/buckets/solsticedev%3Fregion%3Dap-south-1%26bucketType%3Dgeneral%26prefix%3Dcms/%26showversions%3Dfalse/Screenshot%202024-07-11%20at%201.18.08%E2%80%AFPM.png; https://solsticeprod.s3.ap-south-1.amazonaws.com/https%3A/%2Fap-south-1.console.aws.amazon.com/s3/buckets/solsticedev%3Fregion%3Dap-south-1%26bucketType%3Dgeneral%26prefix%3Dcms/%26showversions%3Dfalse/Screenshot%202024-07-11%20at%203.11.13%E2%80%AFPM.png; https://solsticeprod.s3.ap-south-1.amazonaws.com/https%3A/%2Fap-south-1.console.aws.amazon.com/s3/buckets/solsticedev%3Fregion%3Dap-south-1%26bucketType%3Dgeneral%26prefix%3Dcms/%26showversions%3Dfalse/Screenshot%202024-07-11%20at%203.12.04%E2%80%AFPM.png; https://solsticeprod.s3.ap-south-1.amazonaws.com/https%3A/%2Fap-south-1.console.aws.amazon.com/s3/buckets/solsticedev%3Fregion%3Dap-south-1%26bucketType%3Dgeneral%26prefix%3Dcms/%26showversions%3Dfalse/Screenshot%202024-07-11%20at%201.18.49%E2%80%AFPM.png; https://solsticeprod.s3.ap-south-1.amazonaws.com/https%3A/%2Fap-south-1.console.aws.amazon.com/s3/buckets/solsticedev%3Fregion%3Dap-south-1%26bucketType%3Dgeneral%26prefix%3Dcms/%26showversions%3Dfalse/WhatsApp%20Image%202023-04-10%20at%209.47.21%20PM.jpeg","bedroom","modern indian","{}","bedroom, modern indian, efficient use of space with built-in furniture, pink, beige, green, white, gray, brown, painted wood, painted mdf, upholstered fabric, canvas, built-in wardrobe, study desk, bed with patterned bedspread, framed artwork, green and beige panels with circular designs, integrated shelves, pink and white color scheme, integrated shelving for books, bed, patterned bedspread with geometric designs, soft beige headboard, illustration of a panda with cultural significance, built-in furniture, cultural artwork, soft lighting"
"Space-Specific","Penthouse interior designs",13,5,38.46,40.08,"enhanced_object_search",false,0,"https://solsticeprod.s3.ap-south-1.amazonaws.com/https%3A/%2Fap-south-1.console.aws.amazon.com/s3/buckets/solsticedev%3Fregion%3Dap-south-1%26bucketType%3Dgeneral%26prefix%3Dcms/%26showversions%3Dfalse/WhatsApp%20Image%202023-07-10%20at%2013.03.21%20%281%29.jpeg; https://solsticeprod.s3.ap-south-1.amazonaws.com/https%3A/%2Fap-south-1.console.aws.amazon.com/s3/buckets/solsticedev%3Fregion%3Dap-south-1%26bucketType%3Dgeneral%26prefix%3Dcms/%26showversions%3Dfalse/WhatsApp%20Image%202023-04-10%20at%209.47.32%20PM%20%281%29.jpeg; https://solsticeprod.s3.ap-south-1.amazonaws.com/https%3A/%2Fap-south-1.console.aws.amazon.com/s3/buckets/solsticedev%3Fregion%3Dap-south-1%26bucketType%3Dgeneral%26prefix%3Dcms/%26showversions%3Dfalse/Screenshot%202024-07-11%20at%203.02.17%E2%80%AFPM.png; https://solsticeprod.s3.ap-south-1.amazonaws.com/https%3A/%2Fap-south-1.console.aws.amazon.com/s3/buckets/solsticedev%3Fregion%3Dap-south-1%26bucketType%3Dgeneral%26prefix%3Dcms/%26showversions%3Dfalse/Screenshot%202024-07-11%20at%203.01.08%E2%80%AFPM.png; https://solsticeprod.s3.ap-south-1.amazonaws.com/https%3A/%2Fap-south-1.console.aws.amazon.com/s3/buckets/solsticedev%3Fregion%3Dap-south-1%26bucketType%3Dgeneral%26prefix%3Dcms/%26showversions%3Dfalse/Screenshot%202024-07-11%20at%203.02.01%E2%80%AFPM.png; https://solsticeprod.s3.ap-south-1.amazonaws.com/https%3A/%2Fap-south-1.console.aws.amazon.com/s3/buckets/solsticedev%3Fregion%3Dap-south-1%26bucketType%3Dgeneral%26prefix%3Dcms/%26showversions%3Dfalse/ABN00593.JPG; https://solsticeprod.s3.ap-south-1.amazonaws.com/https%3A/%2Fap-south-1.console.aws.amazon.com/s3/buckets/solsticedev%3Fregion%3Dap-south-1%26bucketType%3Dgeneral%26prefix%3Dcms/%26showversions%3Dfalse/Screenshot%202024-07-11%20at%201.23.18%E2%80%AFPM.png; https://solsticeprod.s3.ap-south-1.amazonaws.com/https%3A/%2Fap-south-1.console.aws.amazon.com/s3/buckets/solsticedev%3Fregion%3Dap-south-1%26bucketType%3Dgeneral%26prefix%3Dcms/%26showversions%3Dfalse/Screenshot%202024-07-11%20at%203.11.13%E2%80%AFPM.png; https://solsticeprod.s3.ap-south-1.amazonaws.com/https%3A/%2Fap-south-1.console.aws.amazon.com/s3/buckets/solsticedev%3Fregion%3Dap-south-1%26bucketType%3Dgeneral%26prefix%3Dcms/%26showversions%3Dfalse/Screenshot%202024-07-11%20at%201.18.49%E2%80%AFPM.png; https://solsticeprod.s3.ap-south-1.amazonaws.com/https%3A/%2Fap-south-1.console.aws.amazon.com/s3/buckets/solsticedev%3Fregion%3Dap-south-1%26bucketType%3Dgeneral%26prefix%3Dcms/%26showversions%3Dfalse/WhatsApp%20Image%202023-04-10%20at%209.47.33%20PM.jpeg; https://solsticeprod.s3.ap-south-1.amazonaws.com/https%3A/%2Fap-south-1.console.aws.amazon.com/s3/buckets/solsticedev%3Fregion%3Dap-south-1%26bucketType%3Dgeneral%26prefix%3Dcms/%26showversions%3Dfalse/ABN00640.JPG; https://solsticeprod.s3.ap-south-1.amazonaws.com/https%3A/%2Fap-south-1.console.aws.amazon.com/s3/buckets/solsticedev%3Fregion%3Dap-south-1%26bucketType%3Dgeneral%26prefix%3Dcms/%26showversions%3Dfalse/Screenshot%202024-07-11%20at%203.01.18%E2%80%AFPM.png; https://solsticeprod.s3.ap-south-1.amazonaws.com/https%3A/%2Fap-south-1.console.aws.amazon.com/s3/buckets/solsticedev%3Fregion%3Dap-south-1%26bucketType%3Dgeneral%26prefix%3Dcms/%26showversions%3Dfalse/WhatsApp%20Image%202023-07-10%20at%2013.03.28.jpeg","walls","contemporary","{}","walls, contemporary, wall space used for decorative elements, likely serving as a focal point, white, brown, beige, dark brown, painted gypsum, wood, metallic, plastic, painted wall panels, ceiling with geometric patterns, modern lighting, ceiling, painted with geometric patterns, likely inspired by traditional indian designs, wall, paneling of wooden slats, ceiling light, modern light fixture, possibly led or fluorescent, contemporary design, geometric patterns, geometric ceiling, teak wood paneling, interior design"
"Space-Specific","Villa interior designs India",20,19,95,77,"enhanced_object_search",false,0,"https://solsticeprod.s3.ap-south-1.amazonaws.com/https%3A/%2Fap-south-1.console.aws.amazon.com/s3/buckets/solsticedev%3Fregion%3Dap-south-1%26bucketType%3Dgeneral%26prefix%3Dcms/%26showversions%3Dfalse/Screenshot%202024-07-11%20at%203.02.01%E2%80%AFPM.png; https://solsticeprod.s3.ap-south-1.amazonaws.com/https%3A/%2Fap-south-1.console.aws.amazon.com/s3/buckets/solsticedev%3Fregion%3Dap-south-1%26bucketType%3Dgeneral%26prefix%3Dcms/%26showversions%3Dfalse/Screenshot%202024-07-11%20at%203.11.13%E2%80%AFPM.png; https://solsticeprod.s3.ap-south-1.amazonaws.com/https%3A/%2Fap-south-1.console.aws.amazon.com/s3/buckets/solsticedev%3Fregion%3Dap-south-1%26bucketType%3Dgeneral%26prefix%3Dcms/%26showversions%3Dfalse/ABN00593.JPG; https://solsticeprod.s3.ap-south-1.amazonaws.com/https%3A/%2Fap-south-1.console.aws.amazon.com/s3/buckets/solsticedev%3Fregion%3Dap-south-1%26bucketType%3Dgeneral%26prefix%3Dcms/%26showversions%3Dfalse/Screenshot%202024-07-11%20at%203.01.08%E2%80%AFPM.png; https://solsticeprod.s3.ap-south-1.amazonaws.com/https%3A/%2Fap-south-1.console.aws.amazon.com/s3/buckets/solsticedev%3Fregion%3Dap-south-1%26bucketType%3Dgeneral%26prefix%3Dcms/%26showversions%3Dfalse/Screenshot%202024-07-11%20at%203.01.18%E2%80%AFPM.png; https://solsticeprod.s3.ap-south-1.amazonaws.com/https%3A/%2Fap-south-1.console.aws.amazon.com/s3/buckets/solsticedev%3Fregion%3Dap-south-1%26bucketType%3Dgeneral%26prefix%3Dcms/%26showversions%3Dfalse/WhatsApp%20Image%202023-07-10%20at%2013.03.21%20%281%29.jpeg; https://solsticeprod.s3.ap-south-1.amazonaws.com/https%3A/%2Fap-south-1.console.aws.amazon.com/s3/buckets/solsticedev%3Fregion%3Dap-south-1%26bucketType%3Dgeneral%26prefix%3Dcms/%26showversions%3Dfalse/Screenshot%202024-07-11%20at%203.02.17%E2%80%AFPM.png; https://solsticeprod.s3.ap-south-1.amazonaws.com/https%3A/%2Fap-south-1.console.aws.amazon.com/s3/buckets/solsticedev%3Fregion%3Dap-south-1%26bucketType%3Dgeneral%26prefix%3Dcms/%26showversions%3Dfalse/WhatsApp%20Image%202023-04-10%20at%209.47.33%20PM.jpeg; https://solsticeprod.s3.ap-south-1.amazonaws.com/https%3A/%2Fap-south-1.console.aws.amazon.com/s3/buckets/solsticedev%3Fregion%3Dap-south-1%26bucketType%3Dgeneral%26prefix%3Dcms/%26showversions%3Dfalse/ABN00640.JPG; https://solsticeprod.s3.ap-south-1.amazonaws.com/https%3A/%2Fap-south-1.console.aws.amazon.com/s3/buckets/solsticedev%3Fregion%3Dap-south-1%26bucketType%3Dgeneral%26prefix%3Dcms/%26showversions%3Dfalse/Screenshot%202024-07-11%20at%201.18.49%E2%80%AFPM.png; https://solsticeprod.s3.ap-south-1.amazonaws.com/https%3A/%2Fap-south-1.console.aws.amazon.com/s3/buckets/solsticedev%3Fregion%3Dap-south-1%26bucketType%3Dgeneral%26prefix%3Dcms/%26showversions%3Dfalse/WhatsApp%20Image%202023-04-10%20at%209.47.32%20PM%20%281%29.jpeg; https://solsticeprod.s3.ap-south-1.amazonaws.com/https%3A/%2Fap-south-1.console.aws.amazon.com/s3/buckets/solsticedev%3Fregion%3Dap-south-1%26bucketType%3Dgeneral%26prefix%3Dcms/%26showversions%3Dfalse/WhatsApp%20Image%202023-07-10%20at%2013.03.28.jpeg; https://solsticeprod.s3.ap-south-1.amazonaws.com/https%3A/%2Fap-south-1.console.aws.amazon.com/s3/buckets/solsticedev%3Fregion%3Dap-south-1%26bucketType%3Dgeneral%26prefix%3Dcms/%26showversions%3Dfalse/WhatsApp%20Image%202023-04-10%20at%209.49.55%20PM.jpeg; https://solsticeprod.s3.ap-south-1.amazonaws.com/https%3A/%2Fap-south-1.console.aws.amazon.com/s3/buckets/solsticedev%3Fregion%3Dap-south-1%26bucketType%3Dgeneral%26prefix%3Dcms/%26showversions%3Dfalse/Screenshot%202024-07-11%20at%203.02.06%E2%80%AFPM.png; https://solsticeprod.s3.ap-south-1.amazonaws.com/https%3A/%2Fap-south-1.console.aws.amazon.com/s3/buckets/solsticedev%3Fregion%3Dap-south-1%26bucketType%3Dgeneral%26prefix%3Dcms/%26showversions%3Dfalse/Screenshot%202024-07-11%20at%203.02.13%E2%80%AFPM.png; https://solsticeprod.s3.ap-south-1.amazonaws.com/https%3A/%2Fap-south-1.console.aws.amazon.com/s3/buckets/solsticedev%3Fregion%3Dap-south-1%26bucketType%3Dgeneral%26prefix%3Dcms/%26showversions%3Dfalse/Screenshot%202024-07-11%20at%201.23.08%E2%80%AFPM.png; https://solsticeprod.s3.ap-south-1.amazonaws.com/https%3A/%2Fap-south-1.console.aws.amazon.com/s3/buckets/solsticedev%3Fregion%3Dap-south-1%26bucketType%3Dgeneral%26prefix%3Dcms/%26showversions%3Dfalse/WhatsApp%20Image%202023-04-10%20at%209.47.30%20PM.jpeg; https://solsticeprod.s3.ap-south-1.amazonaws.com/https%3A/%2Fap-south-1.console.aws.amazon.com/s3/buckets/solsticedev%3Fregion%3Dap-south-1%26bucketType%3Dgeneral%26prefix%3Dcms/%26showversions%3Dfalse/3.jpg; https://solsticeprod.s3.ap-south-1.amazonaws.com/https%3A/%2Fap-south-1.console.aws.amazon.com/s3/buckets/solsticedev%3Fregion%3Dap-south-1%26bucketType%3Dgeneral%26prefix%3Dcms/%26showversions%3Dfalse/Screenshot%202024-07-11%20at%203.02.26%E2%80%AFPM.png; https://solsticeprod.s3.ap-south-1.amazonaws.com/https%3A/%2Fap-south-1.console.aws.amazon.com/s3/buckets/solsticedev%3Fregion%3Dap-south-1%26bucketType%3Dgeneral%26prefix%3Dcms/%26showversions%3Dfalse/WhatsApp%20Image%202023-04-10%20at%209.47.21%20PM.jpeg","bedroom","modern indian","{}","bedroom, modern indian, efficient use of space for storage and seating, beige, white, blue, brown, frosted glass, metallic, wood, cotton/linen, fabric, built-in wardrobe with sliding doors, wooden flooring, curtains with earthy tones, natural light through window, built-in wardrobe, sliding doors with frosted glass panels, metallic handles, beige cabinetry, window curtains, draped style, two-tone design with beige and blue, hardwood with a natural finish, built-in bench, wooden seat and backrest, white cushion top, sliding doors, curtains, contemporary design, indian interior design"
"Space-Specific","Duplex interior designs",13,5,38.46,40.08,"enhanced_object_search",false,0,"https://solsticeprod.s3.ap-south-1.amazonaws.com/https%3A/%2Fap-south-1.console.aws.amazon.com/s3/buckets/solsticedev%3Fregion%3Dap-south-1%26bucketType%3Dgeneral%26prefix%3Dcms/%26showversions%3Dfalse/WhatsApp%20Image%202023-07-10%20at%2013.03.21%20%281%29.jpeg; https://solsticeprod.s3.ap-south-1.amazonaws.com/https%3A/%2Fap-south-1.console.aws.amazon.com/s3/buckets/solsticedev%3Fregion%3Dap-south-1%26bucketType%3Dgeneral%26prefix%3Dcms/%26showversions%3Dfalse/WhatsApp%20Image%202023-04-10%20at%209.47.32%20PM%20%281%29.jpeg; https://solsticeprod.s3.ap-south-1.amazonaws.com/https%3A/%2Fap-south-1.console.aws.amazon.com/s3/buckets/solsticedev%3Fregion%3Dap-south-1%26bucketType%3Dgeneral%26prefix%3Dcms/%26showversions%3Dfalse/Screenshot%202024-07-11%20at%203.02.17%E2%80%AFPM.png; https://solsticeprod.s3.ap-south-1.amazonaws.com/https%3A/%2Fap-south-1.console.aws.amazon.com/s3/buckets/solsticedev%3Fregion%3Dap-south-1%26bucketType%3Dgeneral%26prefix%3Dcms/%26showversions%3Dfalse/Screenshot%202024-07-11%20at%203.01.08%E2%80%AFPM.png; https://solsticeprod.s3.ap-south-1.amazonaws.com/https%3A/%2Fap-south-1.console.aws.amazon.com/s3/buckets/solsticedev%3Fregion%3Dap-south-1%26bucketType%3Dgeneral%26prefix%3Dcms/%26showversions%3Dfalse/Screenshot%202024-07-11%20at%203.02.01%E2%80%AFPM.png; https://solsticeprod.s3.ap-south-1.amazonaws.com/https%3A/%2Fap-south-1.console.aws.amazon.com/s3/buckets/solsticedev%3Fregion%3Dap-south-1%26bucketType%3Dgeneral%26prefix%3Dcms/%26showversions%3Dfalse/Screenshot%202024-07-11%20at%201.18.49%E2%80%AFPM.png; https://solsticeprod.s3.ap-south-1.amazonaws.com/https%3A/%2Fap-south-1.console.aws.amazon.com/s3/buckets/solsticedev%3Fregion%3Dap-south-1%26bucketType%3Dgeneral%26prefix%3Dcms/%26showversions%3Dfalse/Screenshot%202024-07-11%20at%203.11.13%E2%80%AFPM.png; https://solsticeprod.s3.ap-south-1.amazonaws.com/https%3A/%2Fap-south-1.console.aws.amazon.com/s3/buckets/solsticedev%3Fregion%3Dap-south-1%26bucketType%3Dgeneral%26prefix%3Dcms/%26showversions%3Dfalse/ABN00593.JPG; https://solsticeprod.s3.ap-south-1.amazonaws.com/https%3A/%2Fap-south-1.console.aws.amazon.com/s3/buckets/solsticedev%3Fregion%3Dap-south-1%26bucketType%3Dgeneral%26prefix%3Dcms/%26showversions%3Dfalse/WhatsApp%20Image%202023-04-10%20at%209.47.33%20PM.jpeg; https://solsticeprod.s3.ap-south-1.amazonaws.com/https%3A/%2Fap-south-1.console.aws.amazon.com/s3/buckets/solsticedev%3Fregion%3Dap-south-1%26bucketType%3Dgeneral%26prefix%3Dcms/%26showversions%3Dfalse/Screenshot%202024-07-11%20at%201.23.18%E2%80%AFPM.png; https://solsticeprod.s3.ap-south-1.amazonaws.com/https%3A/%2Fap-south-1.console.aws.amazon.com/s3/buckets/solsticedev%3Fregion%3Dap-south-1%26bucketType%3Dgeneral%26prefix%3Dcms/%26showversions%3Dfalse/Screenshot%202024-07-11%20at%203.01.18%E2%80%AFPM.png; https://solsticeprod.s3.ap-south-1.amazonaws.com/https%3A/%2Fap-south-1.console.aws.amazon.com/s3/buckets/solsticedev%3Fregion%3Dap-south-1%26bucketType%3Dgeneral%26prefix%3Dcms/%26showversions%3Dfalse/ABN00640.JPG; https://solsticeprod.s3.ap-south-1.amazonaws.com/https%3A/%2Fap-south-1.console.aws.amazon.com/s3/buckets/solsticedev%3Fregion%3Dap-south-1%26bucketType%3Dgeneral%26prefix%3Dcms/%26showversions%3Dfalse/WhatsApp%20Image%202023-07-10%20at%2013.03.28.jpeg","walls","contemporary","{}","walls, contemporary, wall space used for decorative elements, likely serving as a focal point, white, brown, beige, dark brown, painted gypsum, wood, metallic, plastic, painted wall panels, ceiling with geometric patterns, modern lighting, ceiling, painted with geometric patterns, likely inspired by traditional indian designs, wall, paneling of wooden slats, ceiling light, modern light fixture, possibly led or fluorescent, contemporary design, geometric patterns, geometric ceiling, teak wood paneling, interior design"
"Space-Specific","Independent house interior designs",13,5,38.46,40.08,"enhanced_object_search",false,0,"https://solsticeprod.s3.ap-south-1.amazonaws.com/https%3A/%2Fap-south-1.console.aws.amazon.com/s3/buckets/solsticedev%3Fregion%3Dap-south-1%26bucketType%3Dgeneral%26prefix%3Dcms/%26showversions%3Dfalse/WhatsApp%20Image%202023-07-10%20at%2013.03.21%20%281%29.jpeg; https://solsticeprod.s3.ap-south-1.amazonaws.com/https%3A/%2Fap-south-1.console.aws.amazon.com/s3/buckets/solsticedev%3Fregion%3Dap-south-1%26bucketType%3Dgeneral%26prefix%3Dcms/%26showversions%3Dfalse/WhatsApp%20Image%202023-04-10%20at%209.47.32%20PM%20%281%29.jpeg; https://solsticeprod.s3.ap-south-1.amazonaws.com/https%3A/%2Fap-south-1.console.aws.amazon.com/s3/buckets/solsticedev%3Fregion%3Dap-south-1%26bucketType%3Dgeneral%26prefix%3Dcms/%26showversions%3Dfalse/Screenshot%202024-07-11%20at%203.01.08%E2%80%AFPM.png; https://solsticeprod.s3.ap-south-1.amazonaws.com/https%3A/%2Fap-south-1.console.aws.amazon.com/s3/buckets/solsticedev%3Fregion%3Dap-south-1%26bucketType%3Dgeneral%26prefix%3Dcms/%26showversions%3Dfalse/Screenshot%202024-07-11%20at%203.02.17%E2%80%AFPM.png; https://solsticeprod.s3.ap-south-1.amazonaws.com/https%3A/%2Fap-south-1.console.aws.amazon.com/s3/buckets/solsticedev%3Fregion%3Dap-south-1%26bucketType%3Dgeneral%26prefix%3Dcms/%26showversions%3Dfalse/Screenshot%202024-07-11%20at%203.02.01%E2%80%AFPM.png; https://solsticeprod.s3.ap-south-1.amazonaws.com/https%3A/%2Fap-south-1.console.aws.amazon.com/s3/buckets/solsticedev%3Fregion%3Dap-south-1%26bucketType%3Dgeneral%26prefix%3Dcms/%26showversions%3Dfalse/Screenshot%202024-07-11%20at%203.11.13%E2%80%AFPM.png; https://solsticeprod.s3.ap-south-1.amazonaws.com/https%3A/%2Fap-south-1.console.aws.amazon.com/s3/buckets/solsticedev%3Fregion%3Dap-south-1%26bucketType%3Dgeneral%26prefix%3Dcms/%26showversions%3Dfalse/Screenshot%202024-07-11%20at%201.18.49%E2%80%AFPM.png; https://solsticeprod.s3.ap-south-1.amazonaws.com/https%3A/%2Fap-south-1.console.aws.amazon.com/s3/buckets/solsticedev%3Fregion%3Dap-south-1%26bucketType%3Dgeneral%26prefix%3Dcms/%26showversions%3Dfalse/ABN00593.JPG; https://solsticeprod.s3.ap-south-1.amazonaws.com/https%3A/%2Fap-south-1.console.aws.amazon.com/s3/buckets/solsticedev%3Fregion%3Dap-south-1%26bucketType%3Dgeneral%26prefix%3Dcms/%26showversions%3Dfalse/Screenshot%202024-07-11%20at%201.23.18%E2%80%AFPM.png; https://solsticeprod.s3.ap-south-1.amazonaws.com/https%3A/%2Fap-south-1.console.aws.amazon.com/s3/buckets/solsticedev%3Fregion%3Dap-south-1%26bucketType%3Dgeneral%26prefix%3Dcms/%26showversions%3Dfalse/ABN00640.JPG; https://solsticeprod.s3.ap-south-1.amazonaws.com/https%3A/%2Fap-south-1.console.aws.amazon.com/s3/buckets/solsticedev%3Fregion%3Dap-south-1%26bucketType%3Dgeneral%26prefix%3Dcms/%26showversions%3Dfalse/WhatsApp%20Image%202023-04-10%20at%209.47.33%20PM.jpeg; https://solsticeprod.s3.ap-south-1.amazonaws.com/https%3A/%2Fap-south-1.console.aws.amazon.com/s3/buckets/solsticedev%3Fregion%3Dap-south-1%26bucketType%3Dgeneral%26prefix%3Dcms/%26showversions%3Dfalse/Screenshot%202024-07-11%20at%203.01.18%E2%80%AFPM.png; https://solsticeprod.s3.ap-south-1.amazonaws.com/https%3A/%2Fap-south-1.console.aws.amazon.com/s3/buckets/solsticedev%3Fregion%3Dap-south-1%26bucketType%3Dgeneral%26prefix%3Dcms/%26showversions%3Dfalse/WhatsApp%20Image%202023-07-10%20at%2013.03.28.jpeg","walls","contemporary","{}","walls, contemporary, wall space used for decorative elements, likely serving as a focal point, white, brown, beige, dark brown, painted gypsum, wood, metallic, plastic, painted wall panels, ceiling with geometric patterns, modern lighting, ceiling, painted with geometric patterns, likely inspired by traditional indian designs, wall, paneling of wooden slats, ceiling light, modern light fixture, possibly led or fluorescent, contemporary design, geometric patterns, geometric ceiling, teak wood paneling, interior design"
"Budget Categories","Budget interior designs India",20,19,95,77,"enhanced_object_search",false,0,"https://solsticeprod.s3.ap-south-1.amazonaws.com/https%3A/%2Fap-south-1.console.aws.amazon.com/s3/buckets/solsticedev%3Fregion%3Dap-south-1%26bucketType%3Dgeneral%26prefix%3Dcms/%26showversions%3Dfalse/Screenshot%202024-07-11%20at%203.02.01%E2%80%AFPM.png; https://solsticeprod.s3.ap-south-1.amazonaws.com/https%3A/%2Fap-south-1.console.aws.amazon.com/s3/buckets/solsticedev%3Fregion%3Dap-south-1%26bucketType%3Dgeneral%26prefix%3Dcms/%26showversions%3Dfalse/Screenshot%202024-07-11%20at%203.11.13%E2%80%AFPM.png; https://solsticeprod.s3.ap-south-1.amazonaws.com/https%3A/%2Fap-south-1.console.aws.amazon.com/s3/buckets/solsticedev%3Fregion%3Dap-south-1%26bucketType%3Dgeneral%26prefix%3Dcms/%26showversions%3Dfalse/Screenshot%202024-07-11%20at%203.01.08%E2%80%AFPM.png; https://solsticeprod.s3.ap-south-1.amazonaws.com/https%3A/%2Fap-south-1.console.aws.amazon.com/s3/buckets/solsticedev%3Fregion%3Dap-south-1%26bucketType%3Dgeneral%26prefix%3Dcms/%26showversions%3Dfalse/ABN00593.JPG; https://solsticeprod.s3.ap-south-1.amazonaws.com/https%3A/%2Fap-south-1.console.aws.amazon.com/s3/buckets/solsticedev%3Fregion%3Dap-south-1%26bucketType%3Dgeneral%26prefix%3Dcms/%26showversions%3Dfalse/Screenshot%202024-07-11%20at%203.01.18%E2%80%AFPM.png; https://solsticeprod.s3.ap-south-1.amazonaws.com/https%3A/%2Fap-south-1.console.aws.amazon.com/s3/buckets/solsticedev%3Fregion%3Dap-south-1%26bucketType%3Dgeneral%26prefix%3Dcms/%26showversions%3Dfalse/Screenshot%202024-07-11%20at%203.02.17%E2%80%AFPM.png; https://solsticeprod.s3.ap-south-1.amazonaws.com/https%3A/%2Fap-south-1.console.aws.amazon.com/s3/buckets/solsticedev%3Fregion%3Dap-south-1%26bucketType%3Dgeneral%26prefix%3Dcms/%26showversions%3Dfalse/WhatsApp%20Image%202023-07-10%20at%2013.03.21%20%281%29.jpeg; https://solsticeprod.s3.ap-south-1.amazonaws.com/https%3A/%2Fap-south-1.console.aws.amazon.com/s3/buckets/solsticedev%3Fregion%3Dap-south-1%26bucketType%3Dgeneral%26prefix%3Dcms/%26showversions%3Dfalse/WhatsApp%20Image%202023-04-10%20at%209.47.33%20PM.jpeg; https://solsticeprod.s3.ap-south-1.amazonaws.com/https%3A/%2Fap-south-1.console.aws.amazon.com/s3/buckets/solsticedev%3Fregion%3Dap-south-1%26bucketType%3Dgeneral%26prefix%3Dcms/%26showversions%3Dfalse/ABN00640.JPG; https://solsticeprod.s3.ap-south-1.amazonaws.com/https%3A/%2Fap-south-1.console.aws.amazon.com/s3/buckets/solsticedev%3Fregion%3Dap-south-1%26bucketType%3Dgeneral%26prefix%3Dcms/%26showversions%3Dfalse/Screenshot%202024-07-11%20at%201.18.49%E2%80%AFPM.png; https://solsticeprod.s3.ap-south-1.amazonaws.com/https%3A/%2Fap-south-1.console.aws.amazon.com/s3/buckets/solsticedev%3Fregion%3Dap-south-1%26bucketType%3Dgeneral%26prefix%3Dcms/%26showversions%3Dfalse/WhatsApp%20Image%202023-04-10%20at%209.47.32%20PM%20%281%29.jpeg; https://solsticeprod.s3.ap-south-1.amazonaws.com/https%3A/%2Fap-south-1.console.aws.amazon.com/s3/buckets/solsticedev%3Fregion%3Dap-south-1%26bucketType%3Dgeneral%26prefix%3Dcms/%26showversions%3Dfalse/WhatsApp%20Image%202023-07-10%20at%2013.03.28.jpeg; https://solsticeprod.s3.ap-south-1.amazonaws.com/https%3A/%2Fap-south-1.console.aws.amazon.com/s3/buckets/solsticedev%3Fregion%3Dap-south-1%26bucketType%3Dgeneral%26prefix%3Dcms/%26showversions%3Dfalse/Screenshot%202024-07-11%20at%203.02.06%E2%80%AFPM.png; https://solsticeprod.s3.ap-south-1.amazonaws.com/https%3A/%2Fap-south-1.console.aws.amazon.com/s3/buckets/solsticedev%3Fregion%3Dap-south-1%26bucketType%3Dgeneral%26prefix%3Dcms/%26showversions%3Dfalse/WhatsApp%20Image%202023-04-10%20at%209.49.55%20PM.jpeg; https://solsticeprod.s3.ap-south-1.amazonaws.com/https%3A/%2Fap-south-1.console.aws.amazon.com/s3/buckets/solsticedev%3Fregion%3Dap-south-1%26bucketType%3Dgeneral%26prefix%3Dcms/%26showversions%3Dfalse/Screenshot%202024-07-11%20at%201.23.08%E2%80%AFPM.png; https://solsticeprod.s3.ap-south-1.amazonaws.com/https%3A/%2Fap-south-1.console.aws.amazon.com/s3/buckets/solsticedev%3Fregion%3Dap-south-1%26bucketType%3Dgeneral%26prefix%3Dcms/%26showversions%3Dfalse/Screenshot%202024-07-11%20at%203.02.13%E2%80%AFPM.png; https://solsticeprod.s3.ap-south-1.amazonaws.com/https%3A/%2Fap-south-1.console.aws.amazon.com/s3/buckets/solsticedev%3Fregion%3Dap-south-1%26bucketType%3Dgeneral%26prefix%3Dcms/%26showversions%3Dfalse/WhatsApp%20Image%202023-04-10%20at%209.47.30%20PM.jpeg; https://solsticeprod.s3.ap-south-1.amazonaws.com/https%3A/%2Fap-south-1.console.aws.amazon.com/s3/buckets/solsticedev%3Fregion%3Dap-south-1%26bucketType%3Dgeneral%26prefix%3Dcms/%26showversions%3Dfalse/WhatsApp%20Image%202023-04-10%20at%209.47.21%20PM.jpeg; https://solsticeprod.s3.ap-south-1.amazonaws.com/https%3A/%2Fap-south-1.console.aws.amazon.com/s3/buckets/solsticedev%3Fregion%3Dap-south-1%26bucketType%3Dgeneral%26prefix%3Dcms/%26showversions%3Dfalse/3.jpg; https://solsticeprod.s3.ap-south-1.amazonaws.com/https%3A/%2Fap-south-1.console.aws.amazon.com/s3/buckets/solsticedev%3Fregion%3Dap-south-1%26bucketType%3Dgeneral%26prefix%3Dcms/%26showversions%3Dfalse/Screenshot%202024-07-11%20at%201.18.08%E2%80%AFPM.png","bedroom","modern indian","{}","bedroom, modern indian, efficient use of space for storage and seating, beige, white, blue, brown, frosted glass, metallic, wood, cotton/linen, fabric, built-in wardrobe with sliding doors, wooden flooring, curtains with earthy tones, natural light through window, built-in wardrobe, sliding doors with frosted glass panels, metallic handles, beige cabinetry, window curtains, draped style, two-tone design with beige and blue, hardwood with a natural finish, built-in bench, wooden seat and backrest, white cushion top, sliding doors, curtains, contemporary design, indian interior design"
"Budget Categories","Affordable interior designs",13,5,38.46,40.08,"enhanced_object_search",false,0,"https://solsticeprod.s3.ap-south-1.amazonaws.com/https%3A/%2Fap-south-1.console.aws.amazon.com/s3/buckets/solsticedev%3Fregion%3Dap-south-1%26bucketType%3Dgeneral%26prefix%3Dcms/%26showversions%3Dfalse/WhatsApp%20Image%202023-07-10%20at%2013.03.21%20%281%29.jpeg; https://solsticeprod.s3.ap-south-1.amazonaws.com/https%3A/%2Fap-south-1.console.aws.amazon.com/s3/buckets/solsticedev%3Fregion%3Dap-south-1%26bucketType%3Dgeneral%26prefix%3Dcms/%26showversions%3Dfalse/WhatsApp%20Image%202023-04-10%20at%209.47.32%20PM%20%281%29.jpeg; https://solsticeprod.s3.ap-south-1.amazonaws.com/https%3A/%2Fap-south-1.console.aws.amazon.com/s3/buckets/solsticedev%3Fregion%3Dap-south-1%26bucketType%3Dgeneral%26prefix%3Dcms/%26showversions%3Dfalse/Screenshot%202024-07-11%20at%203.01.08%E2%80%AFPM.png; https://solsticeprod.s3.ap-south-1.amazonaws.com/https%3A/%2Fap-south-1.console.aws.amazon.com/s3/buckets/solsticedev%3Fregion%3Dap-south-1%26bucketType%3Dgeneral%26prefix%3Dcms/%26showversions%3Dfalse/Screenshot%202024-07-11%20at%203.02.01%E2%80%AFPM.png; https://solsticeprod.s3.ap-south-1.amazonaws.com/https%3A/%2Fap-south-1.console.aws.amazon.com/s3/buckets/solsticedev%3Fregion%3Dap-south-1%26bucketType%3Dgeneral%26prefix%3Dcms/%26showversions%3Dfalse/Screenshot%202024-07-11%20at%203.02.17%E2%80%AFPM.png; https://solsticeprod.s3.ap-south-1.amazonaws.com/https%3A/%2Fap-south-1.console.aws.amazon.com/s3/buckets/solsticedev%3Fregion%3Dap-south-1%26bucketType%3Dgeneral%26prefix%3Dcms/%26showversions%3Dfalse/Screenshot%202024-07-11%20at%201.23.18%E2%80%AFPM.png; https://solsticeprod.s3.ap-south-1.amazonaws.com/https%3A/%2Fap-south-1.console.aws.amazon.com/s3/buckets/solsticedev%3Fregion%3Dap-south-1%26bucketType%3Dgeneral%26prefix%3Dcms/%26showversions%3Dfalse/Screenshot%202024-07-11%20at%201.18.49%E2%80%AFPM.png; https://solsticeprod.s3.ap-south-1.amazonaws.com/https%3A/%2Fap-south-1.console.aws.amazon.com/s3/buckets/solsticedev%3Fregion%3Dap-south-1%26bucketType%3Dgeneral%26prefix%3Dcms/%26showversions%3Dfalse/Screenshot%202024-07-11%20at%203.11.13%E2%80%AFPM.png; https://solsticeprod.s3.ap-south-1.amazonaws.com/https%3A/%2Fap-south-1.console.aws.amazon.com/s3/buckets/solsticedev%3Fregion%3Dap-south-1%26bucketType%3Dgeneral%26prefix%3Dcms/%26showversions%3Dfalse/Screenshot%202024-07-11%20at%203.01.18%E2%80%AFPM.png; https://solsticeprod.s3.ap-south-1.amazonaws.com/https%3A/%2Fap-south-1.console.aws.amazon.com/s3/buckets/solsticedev%3Fregion%3Dap-south-1%26bucketType%3Dgeneral%26prefix%3Dcms/%26showversions%3Dfalse/ABN00593.JPG; https://solsticeprod.s3.ap-south-1.amazonaws.com/https%3A/%2Fap-south-1.console.aws.amazon.com/s3/buckets/solsticedev%3Fregion%3Dap-south-1%26bucketType%3Dgeneral%26prefix%3Dcms/%26showversions%3Dfalse/WhatsApp%20Image%202023-04-10%20at%209.47.33%20PM.jpeg; https://solsticeprod.s3.ap-south-1.amazonaws.com/https%3A/%2Fap-south-1.console.aws.amazon.com/s3/buckets/solsticedev%3Fregion%3Dap-south-1%26bucketType%3Dgeneral%26prefix%3Dcms/%26showversions%3Dfalse/ABN00640.JPG; https://solsticeprod.s3.ap-south-1.amazonaws.com/https%3A/%2Fap-south-1.console.aws.amazon.com/s3/buckets/solsticedev%3Fregion%3Dap-south-1%26bucketType%3Dgeneral%26prefix%3Dcms/%26showversions%3Dfalse/WhatsApp%20Image%202023-07-10%20at%2013.03.28.jpeg","walls","contemporary","{}","walls, contemporary, wall space used for decorative elements, likely serving as a focal point, white, brown, beige, dark brown, painted gypsum, wood, metallic, plastic, painted wall panels, ceiling with geometric patterns, modern lighting, ceiling, painted with geometric patterns, likely inspired by traditional indian designs, wall, paneling of wooden slats, ceiling light, modern light fixture, possibly led or fluorescent, contemporary design, geometric patterns, geometric ceiling, teak wood paneling, interior design"
"Budget Categories","Luxury interior designs India",20,19,95,78.5,"enhanced_object_search",false,0,"https://solsticeprod.s3.ap-south-1.amazonaws.com/https%3A/%2Fap-south-1.console.aws.amazon.com/s3/buckets/solsticedev%3Fregion%3Dap-south-1%26bucketType%3Dgeneral%26prefix%3Dcms/%26showversions%3Dfalse/Screenshot%202024-07-11%20at%203.02.01%E2%80%AFPM.png; https://solsticeprod.s3.ap-south-1.amazonaws.com/https%3A/%2Fap-south-1.console.aws.amazon.com/s3/buckets/solsticedev%3Fregion%3Dap-south-1%26bucketType%3Dgeneral%26prefix%3Dcms/%26showversions%3Dfalse/Screenshot%202024-07-11%20at%203.11.13%E2%80%AFPM.png; https://solsticeprod.s3.ap-south-1.amazonaws.com/https%3A/%2Fap-south-1.console.aws.amazon.com/s3/buckets/solsticedev%3Fregion%3Dap-south-1%26bucketType%3Dgeneral%26prefix%3Dcms/%26showversions%3Dfalse/Screenshot%202024-07-11%20at%203.01.08%E2%80%AFPM.png; https://solsticeprod.s3.ap-south-1.amazonaws.com/https%3A/%2Fap-south-1.console.aws.amazon.com/s3/buckets/solsticedev%3Fregion%3Dap-south-1%26bucketType%3Dgeneral%26prefix%3Dcms/%26showversions%3Dfalse/ABN00593.JPG; https://solsticeprod.s3.ap-south-1.amazonaws.com/https%3A/%2Fap-south-1.console.aws.amazon.com/s3/buckets/solsticedev%3Fregion%3Dap-south-1%26bucketType%3Dgeneral%26prefix%3Dcms/%26showversions%3Dfalse/Screenshot%202024-07-11%20at%203.01.48%E2%80%AFPM.png; https://solsticeprod.s3.ap-south-1.amazonaws.com/https%3A/%2Fap-south-1.console.aws.amazon.com/s3/buckets/solsticedev%3Fregion%3Dap-south-1%26bucketType%3Dgeneral%26prefix%3Dcms/%26showversions%3Dfalse/Screenshot%202024-07-11%20at%203.01.18%E2%80%AFPM.png; https://solsticeprod.s3.ap-south-1.amazonaws.com/https%3A/%2Fap-south-1.console.aws.amazon.com/s3/buckets/solsticedev%3Fregion%3Dap-south-1%26bucketType%3Dgeneral%26prefix%3Dcms/%26showversions%3Dfalse/Screenshot%202024-07-11%20at%203.02.17%E2%80%AFPM.png; https://solsticeprod.s3.ap-south-1.amazonaws.com/https%3A/%2Fap-south-1.console.aws.amazon.com/s3/buckets/solsticedev%3Fregion%3Dap-south-1%26bucketType%3Dgeneral%26prefix%3Dcms/%26showversions%3Dfalse/ABN00640.JPG; https://solsticeprod.s3.ap-south-1.amazonaws.com/https%3A/%2Fap-south-1.console.aws.amazon.com/s3/buckets/solsticedev%3Fregion%3Dap-south-1%26bucketType%3Dgeneral%26prefix%3Dcms/%26showversions%3Dfalse/WhatsApp%20Image%202023-07-10%20at%2013.03.21%20%281%29.jpeg; https://solsticeprod.s3.ap-south-1.amazonaws.com/https%3A/%2Fap-south-1.console.aws.amazon.com/s3/buckets/solsticedev%3Fregion%3Dap-south-1%26bucketType%3Dgeneral%26prefix%3Dcms/%26showversions%3Dfalse/WhatsApp%20Image%202023-04-10%20at%209.47.33%20PM.jpeg; https://solsticeprod.s3.ap-south-1.amazonaws.com/https%3A/%2Fap-south-1.console.aws.amazon.com/s3/buckets/solsticedev%3Fregion%3Dap-south-1%26bucketType%3Dgeneral%26prefix%3Dcms/%26showversions%3Dfalse/Screenshot%202024-07-11%20at%201.18.49%E2%80%AFPM.png; https://solsticeprod.s3.ap-south-1.amazonaws.com/https%3A/%2Fap-south-1.console.aws.amazon.com/s3/buckets/solsticedev%3Fregion%3Dap-south-1%26bucketType%3Dgeneral%26prefix%3Dcms/%26showversions%3Dfalse/WhatsApp%20Image%202023-04-10%20at%209.47.32%20PM%20%281%29.jpeg; https://solsticeprod.s3.ap-south-1.amazonaws.com/https%3A/%2Fap-south-1.console.aws.amazon.com/s3/buckets/solsticedev%3Fregion%3Dap-south-1%26bucketType%3Dgeneral%26prefix%3Dcms/%26showversions%3Dfalse/WhatsApp%20Image%202023-07-10%20at%2013.03.28.jpeg; https://solsticeprod.s3.ap-south-1.amazonaws.com/https%3A/%2Fap-south-1.console.aws.amazon.com/s3/buckets/solsticedev%3Fregion%3Dap-south-1%26bucketType%3Dgeneral%26prefix%3Dcms/%26showversions%3Dfalse/Screenshot%202024-07-11%20at%203.02.06%E2%80%AFPM.png; https://solsticeprod.s3.ap-south-1.amazonaws.com/https%3A/%2Fap-south-1.console.aws.amazon.com/s3/buckets/solsticedev%3Fregion%3Dap-south-1%26bucketType%3Dgeneral%26prefix%3Dcms/%26showversions%3Dfalse/WhatsApp%20Image%202023-04-10%20at%209.49.55%20PM.jpeg; https://solsticeprod.s3.ap-south-1.amazonaws.com/https%3A/%2Fap-south-1.console.aws.amazon.com/s3/buckets/solsticedev%3Fregion%3Dap-south-1%26bucketType%3Dgeneral%26prefix%3Dcms/%26showversions%3Dfalse/Screenshot%202024-07-11%20at%203.02.13%E2%80%AFPM.png; https://solsticeprod.s3.ap-south-1.amazonaws.com/https%3A/%2Fap-south-1.console.aws.amazon.com/s3/buckets/solsticedev%3Fregion%3Dap-south-1%26bucketType%3Dgeneral%26prefix%3Dcms/%26showversions%3Dfalse/Screenshot%202024-07-11%20at%201.23.08%E2%80%AFPM.png; https://solsticeprod.s3.ap-south-1.amazonaws.com/https%3A/%2Fap-south-1.console.aws.amazon.com/s3/buckets/solsticedev%3Fregion%3Dap-south-1%26bucketType%3Dgeneral%26prefix%3Dcms/%26showversions%3Dfalse/WhatsApp%20Image%202023-04-10%20at%209.47.30%20PM.jpeg; https://solsticeprod.s3.ap-south-1.amazonaws.com/https%3A/%2Fap-south-1.console.aws.amazon.com/s3/buckets/solsticedev%3Fregion%3Dap-south-1%26bucketType%3Dgeneral%26prefix%3Dcms/%26showversions%3Dfalse/3.jpg; https://solsticeprod.s3.ap-south-1.amazonaws.com/https%3A/%2Fap-south-1.console.aws.amazon.com/s3/buckets/solsticedev%3Fregion%3Dap-south-1%26bucketType%3Dgeneral%26prefix%3Dcms/%26showversions%3Dfalse/WhatsApp%20Image%202023-04-10%20at%209.47.21%20PM.jpeg","bedroom","modern indian","{}","bedroom, modern indian, efficient use of space for storage and seating, beige, white, blue, brown, frosted glass, metallic, wood, cotton/linen, fabric, built-in wardrobe with sliding doors, wooden flooring, curtains with earthy tones, natural light through window, built-in wardrobe, sliding doors with frosted glass panels, metallic handles, beige cabinetry, window curtains, draped style, two-tone design with beige and blue, hardwood with a natural finish, built-in bench, wooden seat and backrest, white cushion top, sliding doors, curtains, contemporary design, indian interior design"
"Budget Categories","Premium interior designs",13,5,38.46,40.08,"enhanced_object_search",false,0,"https://solsticeprod.s3.ap-south-1.amazonaws.com/https%3A/%2Fap-south-1.console.aws.amazon.com/s3/buckets/solsticedev%3Fregion%3Dap-south-1%26bucketType%3Dgeneral%26prefix%3Dcms/%26showversions%3Dfalse/WhatsApp%20Image%202023-07-10%20at%2013.03.21%20%281%29.jpeg; https://solsticeprod.s3.ap-south-1.amazonaws.com/https%3A/%2Fap-south-1.console.aws.amazon.com/s3/buckets/solsticedev%3Fregion%3Dap-south-1%26bucketType%3Dgeneral%26prefix%3Dcms/%26showversions%3Dfalse/WhatsApp%20Image%202023-04-10%20at%209.47.32%20PM%20%281%29.jpeg; https://solsticeprod.s3.ap-south-1.amazonaws.com/https%3A/%2Fap-south-1.console.aws.amazon.com/s3/buckets/solsticedev%3Fregion%3Dap-south-1%26bucketType%3Dgeneral%26prefix%3Dcms/%26showversions%3Dfalse/Screenshot%202024-07-11%20at%203.01.08%E2%80%AFPM.png; https://solsticeprod.s3.ap-south-1.amazonaws.com/https%3A/%2Fap-south-1.console.aws.amazon.com/s3/buckets/solsticedev%3Fregion%3Dap-south-1%26bucketType%3Dgeneral%26prefix%3Dcms/%26showversions%3Dfalse/Screenshot%202024-07-11%20at%203.02.01%E2%80%AFPM.png; https://solsticeprod.s3.ap-south-1.amazonaws.com/https%3A/%2Fap-south-1.console.aws.amazon.com/s3/buckets/solsticedev%3Fregion%3Dap-south-1%26bucketType%3Dgeneral%26prefix%3Dcms/%26showversions%3Dfalse/Screenshot%202024-07-11%20at%203.02.17%E2%80%AFPM.png; https://solsticeprod.s3.ap-south-1.amazonaws.com/https%3A/%2Fap-south-1.console.aws.amazon.com/s3/buckets/solsticedev%3Fregion%3Dap-south-1%26bucketType%3Dgeneral%26prefix%3Dcms/%26showversions%3Dfalse/Screenshot%202024-07-11%20at%201.18.49%E2%80%AFPM.png; https://solsticeprod.s3.ap-south-1.amazonaws.com/https%3A/%2Fap-south-1.console.aws.amazon.com/s3/buckets/solsticedev%3Fregion%3Dap-south-1%26bucketType%3Dgeneral%26prefix%3Dcms/%26showversions%3Dfalse/Screenshot%202024-07-11%20at%201.23.18%E2%80%AFPM.png; https://solsticeprod.s3.ap-south-1.amazonaws.com/https%3A/%2Fap-south-1.console.aws.amazon.com/s3/buckets/solsticedev%3Fregion%3Dap-south-1%26bucketType%3Dgeneral%26prefix%3Dcms/%26showversions%3Dfalse/Screenshot%202024-07-11%20at%203.11.13%E2%80%AFPM.png; https://solsticeprod.s3.ap-south-1.amazonaws.com/https%3A/%2Fap-south-1.console.aws.amazon.com/s3/buckets/solsticedev%3Fregion%3Dap-south-1%26bucketType%3Dgeneral%26prefix%3Dcms/%26showversions%3Dfalse/ABN00593.JPG; https://solsticeprod.s3.ap-south-1.amazonaws.com/https%3A/%2Fap-south-1.console.aws.amazon.com/s3/buckets/solsticedev%3Fregion%3Dap-south-1%26bucketType%3Dgeneral%26prefix%3Dcms/%26showversions%3Dfalse/WhatsApp%20Image%202023-04-10%20at%209.47.33%20PM.jpeg; https://solsticeprod.s3.ap-south-1.amazonaws.com/https%3A/%2Fap-south-1.console.aws.amazon.com/s3/buckets/solsticedev%3Fregion%3Dap-south-1%26bucketType%3Dgeneral%26prefix%3Dcms/%26showversions%3Dfalse/Screenshot%202024-07-11%20at%203.01.18%E2%80%AFPM.png; https://solsticeprod.s3.ap-south-1.amazonaws.com/https%3A/%2Fap-south-1.console.aws.amazon.com/s3/buckets/solsticedev%3Fregion%3Dap-south-1%26bucketType%3Dgeneral%26prefix%3Dcms/%26showversions%3Dfalse/ABN00640.JPG; https://solsticeprod.s3.ap-south-1.amazonaws.com/https%3A/%2Fap-south-1.console.aws.amazon.com/s3/buckets/solsticedev%3Fregion%3Dap-south-1%26bucketType%3Dgeneral%26prefix%3Dcms/%26showversions%3Dfalse/WhatsApp%20Image%202023-07-10%20at%2013.03.28.jpeg","walls","contemporary","{}","walls, contemporary, wall space used for decorative elements, likely serving as a focal point, white, brown, beige, dark brown, painted gypsum, wood, metallic, plastic, painted wall panels, ceiling with geometric patterns, modern lighting, ceiling, painted with geometric patterns, likely inspired by traditional indian designs, wall, paneling of wooden slats, ceiling light, modern light fixture, possibly led or fluorescent, contemporary design, geometric patterns, geometric ceiling, teak wood paneling, interior design"
"Budget Categories","Economical interior designs",14,5,35.71,37.21,"enhanced_object_search",false,0,"https://solsticeprod.s3.ap-south-1.amazonaws.com/https%3A/%2Fap-south-1.console.aws.amazon.com/s3/buckets/solsticedev%3Fregion%3Dap-south-1%26bucketType%3Dgeneral%26prefix%3Dcms/%26showversions%3Dfalse/WhatsApp%20Image%202023-07-10%20at%2013.03.21%20%281%29.jpeg; https://solsticeprod.s3.ap-south-1.amazonaws.com/https%3A/%2Fap-south-1.console.aws.amazon.com/s3/buckets/solsticedev%3Fregion%3Dap-south-1%26bucketType%3Dgeneral%26prefix%3Dcms/%26showversions%3Dfalse/WhatsApp%20Image%202023-04-10%20at%209.47.32%20PM%20%281%29.jpeg; https://solsticeprod.s3.ap-south-1.amazonaws.com/https%3A/%2Fap-south-1.console.aws.amazon.com/s3/buckets/solsticedev%3Fregion%3Dap-south-1%26bucketType%3Dgeneral%26prefix%3Dcms/%26showversions%3Dfalse/Screenshot%202024-07-11%20at%203.01.08%E2%80%AFPM.png; https://solsticeprod.s3.ap-south-1.amazonaws.com/https%3A/%2Fap-south-1.console.aws.amazon.com/s3/buckets/solsticedev%3Fregion%3Dap-south-1%26bucketType%3Dgeneral%26prefix%3Dcms/%26showversions%3Dfalse/Screenshot%202024-07-11%20at%203.02.17%E2%80%AFPM.png; https://solsticeprod.s3.ap-south-1.amazonaws.com/https%3A/%2Fap-south-1.console.aws.amazon.com/s3/buckets/solsticedev%3Fregion%3Dap-south-1%26bucketType%3Dgeneral%26prefix%3Dcms/%26showversions%3Dfalse/Screenshot%202024-07-11%20at%201.18.49%E2%80%AFPM.png; https://solsticeprod.s3.ap-south-1.amazonaws.com/https%3A/%2Fap-south-1.console.aws.amazon.com/s3/buckets/solsticedev%3Fregion%3Dap-south-1%26bucketType%3Dgeneral%26prefix%3Dcms/%26showversions%3Dfalse/Screenshot%202024-07-11%20at%203.02.01%E2%80%AFPM.png; https://solsticeprod.s3.ap-south-1.amazonaws.com/https%3A/%2Fap-south-1.console.aws.amazon.com/s3/buckets/solsticedev%3Fregion%3Dap-south-1%26bucketType%3Dgeneral%26prefix%3Dcms/%26showversions%3Dfalse/Screenshot%202024-07-11%20at%201.23.18%E2%80%AFPM.png; https://solsticeprod.s3.ap-south-1.amazonaws.com/https%3A/%2Fap-south-1.console.aws.amazon.com/s3/buckets/solsticedev%3Fregion%3Dap-south-1%26bucketType%3Dgeneral%26prefix%3Dcms/%26showversions%3Dfalse/Screenshot%202024-07-11%20at%203.11.13%E2%80%AFPM.png; https://solsticeprod.s3.ap-south-1.amazonaws.com/https%3A/%2Fap-south-1.console.aws.amazon.com/s3/buckets/solsticedev%3Fregion%3Dap-south-1%26bucketType%3Dgeneral%26prefix%3Dcms/%26showversions%3Dfalse/Screenshot%202024-07-11%20at%203.01.18%E2%80%AFPM.png; https://solsticeprod.s3.ap-south-1.amazonaws.com/https%3A/%2Fap-south-1.console.aws.amazon.com/s3/buckets/solsticedev%3Fregion%3Dap-south-1%26bucketType%3Dgeneral%26prefix%3Dcms/%26showversions%3Dfalse/WhatsApp%20Image%202023-04-10%20at%209.47.33%20PM.jpeg; https://solsticeprod.s3.ap-south-1.amazonaws.com/https%3A/%2Fap-south-1.console.aws.amazon.com/s3/buckets/solsticedev%3Fregion%3Dap-south-1%26bucketType%3Dgeneral%26prefix%3Dcms/%26showversions%3Dfalse/ABN00593.JPG; https://solsticeprod.s3.ap-south-1.amazonaws.com/https%3A/%2Fap-south-1.console.aws.amazon.com/s3/buckets/solsticedev%3Fregion%3Dap-south-1%26bucketType%3Dgeneral%26prefix%3Dcms/%26showversions%3Dfalse/ABN00640.JPG; https://solsticeprod.s3.ap-south-1.amazonaws.com/https%3A/%2Fap-south-1.console.aws.amazon.com/s3/buckets/solsticedev%3Fregion%3Dap-south-1%26bucketType%3Dgeneral%26prefix%3Dcms/%26showversions%3Dfalse/WhatsApp%20Image%202023-07-10%20at%2013.03.28.jpeg; https://solsticeprod.s3.ap-south-1.amazonaws.com/https%3A/%2Fap-south-1.console.aws.amazon.com/s3/buckets/solsticedev%3Fregion%3Dap-south-1%26bucketType%3Dgeneral%26prefix%3Dcms/%26showversions%3Dfalse/WhatsApp%20Image%202023-04-10%20at%209.49.55%20PM.jpeg","walls","contemporary","{}","walls, contemporary, wall space used for decorative elements, likely serving as a focal point, white, brown, beige, dark brown, painted gypsum, wood, metallic, plastic, painted wall panels, ceiling with geometric patterns, modern lighting, ceiling, painted with geometric patterns, likely inspired by traditional indian designs, wall, paneling of wooden slats, ceiling light, modern light fixture, possibly led or fluorescent, contemporary design, geometric patterns, geometric ceiling, teak wood paneling, interior design"
"Budget Categories","Cost effective interior designs India",20,19,95,77,"enhanced_object_search",false,0,"https://solsticeprod.s3.ap-south-1.amazonaws.com/https%3A/%2Fap-south-1.console.aws.amazon.com/s3/buckets/solsticedev%3Fregion%3Dap-south-1%26bucketType%3Dgeneral%26prefix%3Dcms/%26showversions%3Dfalse/Screenshot%202024-07-11%20at%203.02.01%E2%80%AFPM.png; https://solsticeprod.s3.ap-south-1.amazonaws.com/https%3A/%2Fap-south-1.console.aws.amazon.com/s3/buckets/solsticedev%3Fregion%3Dap-south-1%26bucketType%3Dgeneral%26prefix%3Dcms/%26showversions%3Dfalse/Screenshot%202024-07-11%20at%203.01.08%E2%80%AFPM.png; https://solsticeprod.s3.ap-south-1.amazonaws.com/https%3A/%2Fap-south-1.console.aws.amazon.com/s3/buckets/solsticedev%3Fregion%3Dap-south-1%26bucketType%3Dgeneral%26prefix%3Dcms/%26showversions%3Dfalse/Screenshot%202024-07-11%20at%203.11.13%E2%80%AFPM.png; https://solsticeprod.s3.ap-south-1.amazonaws.com/https%3A/%2Fap-south-1.console.aws.amazon.com/s3/buckets/solsticedev%3Fregion%3Dap-south-1%26bucketType%3Dgeneral%26prefix%3Dcms/%26showversions%3Dfalse/ABN00593.JPG; https://solsticeprod.s3.ap-south-1.amazonaws.com/https%3A/%2Fap-south-1.console.aws.amazon.com/s3/buckets/solsticedev%3Fregion%3Dap-south-1%26bucketType%3Dgeneral%26prefix%3Dcms/%26showversions%3Dfalse/Screenshot%202024-07-11%20at%203.01.18%E2%80%AFPM.png; https://solsticeprod.s3.ap-south-1.amazonaws.com/https%3A/%2Fap-south-1.console.aws.amazon.com/s3/buckets/solsticedev%3Fregion%3Dap-south-1%26bucketType%3Dgeneral%26prefix%3Dcms/%26showversions%3Dfalse/WhatsApp%20Image%202023-07-10%20at%2013.03.21%20%281%29.jpeg; https://solsticeprod.s3.ap-south-1.amazonaws.com/https%3A/%2Fap-south-1.console.aws.amazon.com/s3/buckets/solsticedev%3Fregion%3Dap-south-1%26bucketType%3Dgeneral%26prefix%3Dcms/%26showversions%3Dfalse/ABN00640.JPG; https://solsticeprod.s3.ap-south-1.amazonaws.com/https%3A/%2Fap-south-1.console.aws.amazon.com/s3/buckets/solsticedev%3Fregion%3Dap-south-1%26bucketType%3Dgeneral%26prefix%3Dcms/%26showversions%3Dfalse/Screenshot%202024-07-11%20at%203.02.17%E2%80%AFPM.png; https://solsticeprod.s3.ap-south-1.amazonaws.com/https%3A/%2Fap-south-1.console.aws.amazon.com/s3/buckets/solsticedev%3Fregion%3Dap-south-1%26bucketType%3Dgeneral%26prefix%3Dcms/%26showversions%3Dfalse/WhatsApp%20Image%202023-04-10%20at%209.47.33%20PM.jpeg; https://solsticeprod.s3.ap-south-1.amazonaws.com/https%3A/%2Fap-south-1.console.aws.amazon.com/s3/buckets/solsticedev%3Fregion%3Dap-south-1%26bucketType%3Dgeneral%26prefix%3Dcms/%26showversions%3Dfalse/Screenshot%202024-07-11%20at%201.18.49%E2%80%AFPM.png; https://solsticeprod.s3.ap-south-1.amazonaws.com/https%3A/%2Fap-south-1.console.aws.amazon.com/s3/buckets/solsticedev%3Fregion%3Dap-south-1%26bucketType%3Dgeneral%26prefix%3Dcms/%26showversions%3Dfalse/WhatsApp%20Image%202023-04-10%20at%209.47.32%20PM%20%281%29.jpeg; https://solsticeprod.s3.ap-south-1.amazonaws.com/https%3A/%2Fap-south-1.console.aws.amazon.com/s3/buckets/solsticedev%3Fregion%3Dap-south-1%26bucketType%3Dgeneral%26prefix%3Dcms/%26showversions%3Dfalse/WhatsApp%20Image%202023-07-10%20at%2013.03.28.jpeg; https://solsticeprod.s3.ap-south-1.amazonaws.com/https%3A/%2Fap-south-1.console.aws.amazon.com/s3/buckets/solsticedev%3Fregion%3Dap-south-1%26bucketType%3Dgeneral%26prefix%3Dcms/%26showversions%3Dfalse/WhatsApp%20Image%202023-04-10%20at%209.49.55%20PM.jpeg; https://solsticeprod.s3.ap-south-1.amazonaws.com/https%3A/%2Fap-south-1.console.aws.amazon.com/s3/buckets/solsticedev%3Fregion%3Dap-south-1%26bucketType%3Dgeneral%26prefix%3Dcms/%26showversions%3Dfalse/Screenshot%202024-07-11%20at%203.02.06%E2%80%AFPM.png; https://solsticeprod.s3.ap-south-1.amazonaws.com/https%3A/%2Fap-south-1.console.aws.amazon.com/s3/buckets/solsticedev%3Fregion%3Dap-south-1%26bucketType%3Dgeneral%26prefix%3Dcms/%26showversions%3Dfalse/Screenshot%202024-07-11%20at%201.23.08%E2%80%AFPM.png; https://solsticeprod.s3.ap-south-1.amazonaws.com/https%3A/%2Fap-south-1.console.aws.amazon.com/s3/buckets/solsticedev%3Fregion%3Dap-south-1%26bucketType%3Dgeneral%26prefix%3Dcms/%26showversions%3Dfalse/Screenshot%202024-07-11%20at%203.02.13%E2%80%AFPM.png; https://solsticeprod.s3.ap-south-1.amazonaws.com/https%3A/%2Fap-south-1.console.aws.amazon.com/s3/buckets/solsticedev%3Fregion%3Dap-south-1%26bucketType%3Dgeneral%26prefix%3Dcms/%26showversions%3Dfalse/WhatsApp%20Image%202023-04-10%20at%209.47.30%20PM.jpeg; https://solsticeprod.s3.ap-south-1.amazonaws.com/https%3A/%2Fap-south-1.console.aws.amazon.com/s3/buckets/solsticedev%3Fregion%3Dap-south-1%26bucketType%3Dgeneral%26prefix%3Dcms/%26showversions%3Dfalse/WhatsApp%20Image%202023-04-10%20at%209.47.21%20PM.jpeg; https://solsticeprod.s3.ap-south-1.amazonaws.com/https%3A/%2Fap-south-1.console.aws.amazon.com/s3/buckets/solsticedev%3Fregion%3Dap-south-1%26bucketType%3Dgeneral%26prefix%3Dcms/%26showversions%3Dfalse/3.jpg; https://solsticeprod.s3.ap-south-1.amazonaws.com/https%3A/%2Fap-south-1.console.aws.amazon.com/s3/buckets/solsticedev%3Fregion%3Dap-south-1%26bucketType%3Dgeneral%26prefix%3Dcms/%26showversions%3Dfalse/Screenshot%202024-07-11%20at%201.18.08%E2%80%AFPM.png","bedroom","modern indian","{}","bedroom, modern indian, efficient use of space for storage and seating, beige, white, blue, brown, frosted glass, metallic, wood, cotton/linen, fabric, built-in wardrobe with sliding doors, wooden flooring, curtains with earthy tones, natural light through window, built-in wardrobe, sliding doors with frosted glass panels, metallic handles, beige cabinetry, window curtains, draped style, two-tone design with beige and blue, hardwood with a natural finish, built-in bench, wooden seat and backrest, white cushion top, sliding doors, curtains, contemporary design, indian interior design"
"Budget Categories","Expensive interior designs",13,5,38.46,40.08,"enhanced_object_search",false,0,"https://solsticeprod.s3.ap-south-1.amazonaws.com/https%3A/%2Fap-south-1.console.aws.amazon.com/s3/buckets/solsticedev%3Fregion%3Dap-south-1%26bucketType%3Dgeneral%26prefix%3Dcms/%26showversions%3Dfalse/WhatsApp%20Image%202023-07-10%20at%2013.03.21%20%281%29.jpeg; https://solsticeprod.s3.ap-south-1.amazonaws.com/https%3A/%2Fap-south-1.console.aws.amazon.com/s3/buckets/solsticedev%3Fregion%3Dap-south-1%26bucketType%3Dgeneral%26prefix%3Dcms/%26showversions%3Dfalse/WhatsApp%20Image%202023-04-10%20at%209.47.32%20PM%20%281%29.jpeg; https://solsticeprod.s3.ap-south-1.amazonaws.com/https%3A/%2Fap-south-1.console.aws.amazon.com/s3/buckets/solsticedev%3Fregion%3Dap-south-1%26bucketType%3Dgeneral%26prefix%3Dcms/%26showversions%3Dfalse/Screenshot%202024-07-11%20at%203.01.08%E2%80%AFPM.png; https://solsticeprod.s3.ap-south-1.amazonaws.com/https%3A/%2Fap-south-1.console.aws.amazon.com/s3/buckets/solsticedev%3Fregion%3Dap-south-1%26bucketType%3Dgeneral%26prefix%3Dcms/%26showversions%3Dfalse/Screenshot%202024-07-11%20at%203.02.17%E2%80%AFPM.png; https://solsticeprod.s3.ap-south-1.amazonaws.com/https%3A/%2Fap-south-1.console.aws.amazon.com/s3/buckets/solsticedev%3Fregion%3Dap-south-1%26bucketType%3Dgeneral%26prefix%3Dcms/%26showversions%3Dfalse/Screenshot%202024-07-11%20at%203.02.01%E2%80%AFPM.png; https://solsticeprod.s3.ap-south-1.amazonaws.com/https%3A/%2Fap-south-1.console.aws.amazon.com/s3/buckets/solsticedev%3Fregion%3Dap-south-1%26bucketType%3Dgeneral%26prefix%3Dcms/%26showversions%3Dfalse/Screenshot%202024-07-11%20at%201.23.18%E2%80%AFPM.png; https://solsticeprod.s3.ap-south-1.amazonaws.com/https%3A/%2Fap-south-1.console.aws.amazon.com/s3/buckets/solsticedev%3Fregion%3Dap-south-1%26bucketType%3Dgeneral%26prefix%3Dcms/%26showversions%3Dfalse/Screenshot%202024-07-11%20at%201.18.49%E2%80%AFPM.png; https://solsticeprod.s3.ap-south-1.amazonaws.com/https%3A/%2Fap-south-1.console.aws.amazon.com/s3/buckets/solsticedev%3Fregion%3Dap-south-1%26bucketType%3Dgeneral%26prefix%3Dcms/%26showversions%3Dfalse/Screenshot%202024-07-11%20at%203.11.13%E2%80%AFPM.png; https://solsticeprod.s3.ap-south-1.amazonaws.com/https%3A/%2Fap-south-1.console.aws.amazon.com/s3/buckets/solsticedev%3Fregion%3Dap-south-1%26bucketType%3Dgeneral%26prefix%3Dcms/%26showversions%3Dfalse/WhatsApp%20Image%202023-04-10%20at%209.47.33%20PM.jpeg; https://solsticeprod.s3.ap-south-1.amazonaws.com/https%3A/%2Fap-south-1.console.aws.amazon.com/s3/buckets/solsticedev%3Fregion%3Dap-south-1%26bucketType%3Dgeneral%26prefix%3Dcms/%26showversions%3Dfalse/ABN00593.JPG; https://solsticeprod.s3.ap-south-1.amazonaws.com/https%3A/%2Fap-south-1.console.aws.amazon.com/s3/buckets/solsticedev%3Fregion%3Dap-south-1%26bucketType%3Dgeneral%26prefix%3Dcms/%26showversions%3Dfalse/Screenshot%202024-07-11%20at%203.01.18%E2%80%AFPM.png; https://solsticeprod.s3.ap-south-1.amazonaws.com/https%3A/%2Fap-south-1.console.aws.amazon.com/s3/buckets/solsticedev%3Fregion%3Dap-south-1%26bucketType%3Dgeneral%26prefix%3Dcms/%26showversions%3Dfalse/ABN00640.JPG; https://solsticeprod.s3.ap-south-1.amazonaws.com/https%3A/%2Fap-south-1.console.aws.amazon.com/s3/buckets/solsticedev%3Fregion%3Dap-south-1%26bucketType%3Dgeneral%26prefix%3Dcms/%26showversions%3Dfalse/WhatsApp%20Image%202023-07-10%20at%2013.03.28.jpeg","walls","contemporary","{}","walls, contemporary, wall space used for decorative elements, likely serving as a focal point, white, brown, beige, dark brown, painted gypsum, wood, metallic, plastic, painted wall panels, ceiling with geometric patterns, modern lighting, ceiling, painted with geometric patterns, likely inspired by traditional indian designs, wall, paneling of wooden slats, ceiling light, modern light fixture, possibly led or fluorescent, contemporary design, geometric patterns, geometric ceiling, teak wood paneling, interior design"
"Budget Categories","High end interior designs India",20,19,95,80.5,"enhanced_object_search",false,0,"https://solsticeprod.s3.ap-south-1.amazonaws.com/https%3A/%2Fap-south-1.console.aws.amazon.com/s3/buckets/solsticedev%3Fregion%3Dap-south-1%26bucketType%3Dgeneral%26prefix%3Dcms/%26showversions%3Dfalse/Screenshot%202024-07-11%20at%203.02.01%E2%80%AFPM.png; https://solsticeprod.s3.ap-south-1.amazonaws.com/https%3A/%2Fap-south-1.console.aws.amazon.com/s3/buckets/solsticedev%3Fregion%3Dap-south-1%26bucketType%3Dgeneral%26prefix%3Dcms/%26showversions%3Dfalse/Screenshot%202024-07-11%20at%203.11.13%E2%80%AFPM.png; https://solsticeprod.s3.ap-south-1.amazonaws.com/https%3A/%2Fap-south-1.console.aws.amazon.com/s3/buckets/solsticedev%3Fregion%3Dap-south-1%26bucketType%3Dgeneral%26prefix%3Dcms/%26showversions%3Dfalse/ABN00681.JPG; https://solsticeprod.s3.ap-south-1.amazonaws.com/https%3A/%2Fap-south-1.console.aws.amazon.com/s3/buckets/solsticedev%3Fregion%3Dap-south-1%26bucketType%3Dgeneral%26prefix%3Dcms/%26showversions%3Dfalse/Screenshot%202024-07-11%20at%203.01.08%E2%80%AFPM.png; https://solsticeprod.s3.ap-south-1.amazonaws.com/https%3A/%2Fap-south-1.console.aws.amazon.com/s3/buckets/solsticedev%3Fregion%3Dap-south-1%26bucketType%3Dgeneral%26prefix%3Dcms/%26showversions%3Dfalse/ABN00593.JPG; https://solsticeprod.s3.ap-south-1.amazonaws.com/https%3A/%2Fap-south-1.console.aws.amazon.com/s3/buckets/solsticedev%3Fregion%3Dap-south-1%26bucketType%3Dgeneral%26prefix%3Dcms/%26showversions%3Dfalse/Screenshot%202024-07-11%20at%203.01.18%E2%80%AFPM.png; https://solsticeprod.s3.ap-south-1.amazonaws.com/https%3A/%2Fap-south-1.console.aws.amazon.com/s3/buckets/solsticedev%3Fregion%3Dap-south-1%26bucketType%3Dgeneral%26prefix%3Dcms/%26showversions%3Dfalse/WhatsApp%20Image%202023-07-10%20at%2013.03.21%20%281%29.jpeg; https://solsticeprod.s3.ap-south-1.amazonaws.com/https%3A/%2Fap-south-1.console.aws.amazon.com/s3/buckets/solsticedev%3Fregion%3Dap-south-1%26bucketType%3Dgeneral%26prefix%3Dcms/%26showversions%3Dfalse/Screenshot%202024-07-11%20at%203.02.17%E2%80%AFPM.png; https://solsticeprod.s3.ap-south-1.amazonaws.com/https%3A/%2Fap-south-1.console.aws.amazon.com/s3/buckets/solsticedev%3Fregion%3Dap-south-1%26bucketType%3Dgeneral%26prefix%3Dcms/%26showversions%3Dfalse/WhatsApp%20Image%202023-04-10%20at%209.47.33%20PM.jpeg; https://solsticeprod.s3.ap-south-1.amazonaws.com/https%3A/%2Fap-south-1.console.aws.amazon.com/s3/buckets/solsticedev%3Fregion%3Dap-south-1%26bucketType%3Dgeneral%26prefix%3Dcms/%26showversions%3Dfalse/ABN00640.JPG; https://solsticeprod.s3.ap-south-1.amazonaws.com/https%3A/%2Fap-south-1.console.aws.amazon.com/s3/buckets/solsticedev%3Fregion%3Dap-south-1%26bucketType%3Dgeneral%26prefix%3Dcms/%26showversions%3Dfalse/3.jpg; https://solsticeprod.s3.ap-south-1.amazonaws.com/https%3A/%2Fap-south-1.console.aws.amazon.com/s3/buckets/solsticedev%3Fregion%3Dap-south-1%26bucketType%3Dgeneral%26prefix%3Dcms/%26showversions%3Dfalse/Screenshot%202024-07-11%20at%201.18.49%E2%80%AFPM.png; https://solsticeprod.s3.ap-south-1.amazonaws.com/https%3A/%2Fap-south-1.console.aws.amazon.com/s3/buckets/solsticedev%3Fregion%3Dap-south-1%26bucketType%3Dgeneral%26prefix%3Dcms/%26showversions%3Dfalse/WhatsApp%20Image%202023-04-10%20at%209.47.32%20PM%20%281%29.jpeg; https://solsticeprod.s3.ap-south-1.amazonaws.com/https%3A/%2Fap-south-1.console.aws.amazon.com/s3/buckets/solsticedev%3Fregion%3Dap-south-1%26bucketType%3Dgeneral%26prefix%3Dcms/%26showversions%3Dfalse/WhatsApp%20Image%202023-07-10%20at%2013.03.28.jpeg; https://solsticeprod.s3.ap-south-1.amazonaws.com/https%3A/%2Fap-south-1.console.aws.amazon.com/s3/buckets/solsticedev%3Fregion%3Dap-south-1%26bucketType%3Dgeneral%26prefix%3Dcms/%26showversions%3Dfalse/WhatsApp%20Image%202023-04-10%20at%209.49.55%20PM.jpeg; https://solsticeprod.s3.ap-south-1.amazonaws.com/https%3A/%2Fap-south-1.console.aws.amazon.com/s3/buckets/solsticedev%3Fregion%3Dap-south-1%26bucketType%3Dgeneral%26prefix%3Dcms/%26showversions%3Dfalse/Screenshot%202024-07-11%20at%203.02.06%E2%80%AFPM.png; https://solsticeprod.s3.ap-south-1.amazonaws.com/https%3A/%2Fap-south-1.console.aws.amazon.com/s3/buckets/solsticedev%3Fregion%3Dap-south-1%26bucketType%3Dgeneral%26prefix%3Dcms/%26showversions%3Dfalse/Screenshot%202024-07-11%20at%203.02.13%E2%80%AFPM.png; https://solsticeprod.s3.ap-south-1.amazonaws.com/https%3A/%2Fap-south-1.console.aws.amazon.com/s3/buckets/solsticedev%3Fregion%3Dap-south-1%26bucketType%3Dgeneral%26prefix%3Dcms/%26showversions%3Dfalse/Screenshot%202024-07-11%20at%201.23.08%E2%80%AFPM.png; https://solsticeprod.s3.ap-south-1.amazonaws.com/https%3A/%2Fap-south-1.console.aws.amazon.com/s3/buckets/solsticedev%3Fregion%3Dap-south-1%26bucketType%3Dgeneral%26prefix%3Dcms/%26showversions%3Dfalse/WhatsApp%20Image%202023-04-10%20at%209.47.30%20PM.jpeg; https://solsticeprod.s3.ap-south-1.amazonaws.com/https%3A/%2Fap-south-1.console.aws.amazon.com/s3/buckets/solsticedev%3Fregion%3Dap-south-1%26bucketType%3Dgeneral%26prefix%3Dcms/%26showversions%3Dfalse/WhatsApp%20Image%202023-04-10%20at%209.47.21%20PM.jpeg","bedroom","modern indian","{}","bedroom, modern indian, efficient use of space for storage and seating, beige, white, blue, brown, frosted glass, metallic, wood, cotton/linen, fabric, built-in wardrobe with sliding doors, wooden flooring, curtains with earthy tones, natural light through window, built-in wardrobe, sliding doors with frosted glass panels, metallic handles, beige cabinetry, window curtains, draped style, two-tone design with beige and blue, hardwood with a natural finish, built-in bench, wooden seat and backrest, white cushion top, sliding doors, curtains, contemporary design, indian interior design"